{"level":"error","message":"✘ Failed to get type description: Error: Failed to print, found malformed node Failed to print, found malformed node","node":{"id":"00632c0c-3ce2-4910-abe1-f99edb462a89","metadata":[],"problems":[{"code":"malformedSentence","sourceMap":{"end":{"column":122,"line":17,"offset":554},"start":{"column":10,"line":17,"offset":442}}}],"scope":{"containerScope":{"containerScope":{"containerScope":{"containerScope":{"containerScope":{"contributions":{},"includedScopes":[]},"contributions":{},"includedScopes":[]},"contributions":{},"includedScopes":[]},"contributions":{},"includedScopes":[{"containerScope":{"containerScope":{"containerScope":{"contributions":{},"includedScopes":[]},"contributions":{},"includedScopes":[]},"contributions":{},"includedScopes":[]},"contributions":{},"includedScopes":[]}]},"contributions":{},"includedScopes":[]},"contributions":{},"includedScopes":[]},"sentences":[{"id":"3ad084a0-0511-4f18-adb0-a0fe2b0372ac","metadata":[],"scope":{"containerScope":{"containerScope":{"containerScope":{"containerScope":{"containerScope":{"containerScope":{"contributions":{},"includedScopes":[]},"contributions":{},"includedScopes":[]},"contributions":{},"includedScopes":[]},"contributions":{},"includedScopes":[{"containerScope":{"containerScope":{"containerScope":{"contributions":{},"includedScopes":[]},"contributions":{},"includedScopes":[]},"contributions":{},"includedScopes":[]},"contributions":{},"includedScopes":[]}]},"contributions":{},"includedScopes":[]},"contributions":{},"includedScopes":[]},"contributions":{},"includedScopes":[]},"sourceMap":{"end":{"column":9,"line":17,"offset":441},"start":{"column":3,"line":17,"offset":435}}}],"sourceMap":{"end":{"column":123,"line":17,"offset":555},"start":{"column":31,"line":16,"offset":431}}},"stack":"Error: Failed to print, found malformed node\n    at /home/ramiro/.vscode/extensions/uqbar.wollok-lsp-ide-0.5.5/out/server/src/server.js:68:3585\n    at /home/ramiro/.vscode/extensions/uqbar.wollok-lsp-ide-0.5.5/out/server/src/server.js:68:5370\n    at /home/ramiro/.vscode/extensions/uqbar.wollok-lsp-ide-0.5.5/out/server/src/server.js:38:6131\n    at /home/ramiro/.vscode/extensions/uqbar.wollok-lsp-ide-0.5.5/out/server/src/server.js:68:3664\n    at Ybn (/home/ramiro/.vscode/extensions/uqbar.wollok-lsp-ide-0.5.5/out/server/src/server.js:68:3396)\n    at /home/ramiro/.vscode/extensions/uqbar.wollok-lsp-ide-0.5.5/out/server/src/server.js:2430:847\n    at /home/ramiro/.vscode/extensions/uqbar.wollok-lsp-ide-0.5.5/out/server/src/server.js:2430:8440\n    at /home/ramiro/.vscode/extensions/uqbar.wollok-lsp-ide-0.5.5/out/server/src/server.js:37:74770\n    at Ke (/home/ramiro/.vscode/extensions/uqbar.wollok-lsp-ide-0.5.5/out/server/src/server.js:7:8527)\n    at It (/home/ramiro/.vscode/extensions/uqbar.wollok-lsp-ide-0.5.5/out/server/src/server.js:7:6189)","timestamp":"2026-09-17T01:54:25.703Z"}
{"level":"error","message":"✘ Failed to get type description: Error: Failed to print, found malformed node Failed to print, found malformed node","node":{"id":"00632c0c-3ce2-4910-abe1-f99edb462a89","metadata":[],"problems":[{"code":"malformedSentence","sourceMap":{"end":{"column":122,"line":17,"offset":554},"start":{"column":10,"line":17,"offset":442}}}],"scope":{"containerScope":{"containerScope":{"containerScope":{"containerScope":{"containerScope":{"contributions":{},"includedScopes":[]},"contributions":{},"includedScopes":[]},"contributions":{},"includedScopes":[]},"contributions":{},"includedScopes":[{"containerScope":{"containerScope":{"containerScope":{"contributions":{},"includedScopes":[]},"contributions":{},"includedScopes":[]},"contributions":{},"includedScopes":[]},"contributions":{},"includedScopes":[]}]},"contributions":{},"includedScopes":[]},"contributions":{},"includedScopes":[]},"sentences":[{"id":"3ad084a0-0511-4f18-adb0-a0fe2b0372ac","metadata":[],"scope":{"containerScope":{"containerScope":{"containerScope":{"containerScope":{"containerScope":{"containerScope":{"contributions":{},"includedScopes":[]},"contributions":{},"includedScopes":[]},"contributions":{},"includedScopes":[]},"contributions":{},"includedScopes":[{"containerScope":{"containerScope":{"containerScope":{"contributions":{},"includedScopes":[]},"contributions":{},"includedScopes":[]},"contributions":{},"includedScopes":[]},"contributions":{},"includedScopes":[]}]},"contributions":{},"includedScopes":[]},"contributions":{},"includedScopes":[]},"contributions":{},"includedScopes":[]},"sourceMap":{"end":{"column":9,"line":17,"offset":441},"start":{"column":3,"line":17,"offset":435}}}],"sourceMap":{"end":{"column":123,"line":17,"offset":555},"start":{"column":31,"line":16,"offset":431}}},"stack":"Error: Failed to print, found malformed node\n    at /home/ramiro/.vscode/extensions/uqbar.wollok-lsp-ide-0.5.5/out/server/src/server.js:68:3585\n    at /home/ramiro/.vscode/extensions/uqbar.wollok-lsp-ide-0.5.5/out/server/src/server.js:68:5370\n    at /home/ramiro/.vscode/extensions/uqbar.wollok-lsp-ide-0.5.5/out/server/src/server.js:38:6131\n    at /home/ramiro/.vscode/extensions/uqbar.wollok-lsp-ide-0.5.5/out/server/src/server.js:68:3664\n    at Ybn (/home/ramiro/.vscode/extensions/uqbar.wollok-lsp-ide-0.5.5/out/server/src/server.js:68:3396)\n    at /home/ramiro/.vscode/extensions/uqbar.wollok-lsp-ide-0.5.5/out/server/src/server.js:2430:847\n    at /home/ramiro/.vscode/extensions/uqbar.wollok-lsp-ide-0.5.5/out/server/src/server.js:2430:8440\n    at /home/ramiro/.vscode/extensions/uqbar.wollok-lsp-ide-0.5.5/out/server/src/server.js:37:74770\n    at Ke (/home/ramiro/.vscode/extensions/uqbar.wollok-lsp-ide-0.5.5/out/server/src/server.js:7:8527)\n    at It (/home/ramiro/.vscode/extensions/uqbar.wollok-lsp-ide-0.5.5/out/server/src/server.js:7:6189)","timestamp":"2026-09-17T01:54:33.648Z"}
{"level":"error","message":"✘ Failed to get type description: Error: Failed to print, found malformed node Failed to print, found malformed node","node":{"id":"00632c0c-3ce2-4910-abe1-f99edb462a89","metadata":[],"problems":[{"code":"malformedSentence","sourceMap":{"end":{"column":122,"line":17,"offset":554},"start":{"column":10,"line":17,"offset":442}}}],"scope":{"containerScope":{"containerScope":{"containerScope":{"containerScope":{"containerScope":{"contributions":{},"includedScopes":[]},"contributions":{},"includedScopes":[]},"contributions":{},"includedScopes":[]},"contributions":{},"includedScopes":[{"containerScope":{"containerScope":{"containerScope":{"contributions":{},"includedScopes":[]},"contributions":{},"includedScopes":[]},"contributions":{},"includedScopes":[]},"contributions":{},"includedScopes":[]}]},"contributions":{},"includedScopes":[]},"contributions":{},"includedScopes":[]},"sentences":[{"id":"3ad084a0-0511-4f18-adb0-a0fe2b0372ac","metadata":[],"scope":{"containerScope":{"containerScope":{"containerScope":{"containerScope":{"containerScope":{"containerScope":{"contributions":{},"includedScopes":[]},"contributions":{},"includedScopes":[]},"contributions":{},"includedScopes":[]},"contributions":{},"includedScopes":[{"containerScope":{"containerScope":{"containerScope":{"contributions":{},"includedScopes":[]},"contributions":{},"includedScopes":[]},"contributions":{},"includedScopes":[]},"contributions":{},"includedScopes":[]}]},"contributions":{},"includedScopes":[]},"contributions":{},"includedScopes":[]},"contributions":{},"includedScopes":[]},"sourceMap":{"end":{"column":9,"line":17,"offset":441},"start":{"column":3,"line":17,"offset":435}}}],"sourceMap":{"end":{"column":123,"line":17,"offset":555},"start":{"column":31,"line":16,"offset":431}}},"stack":"Error: Failed to print, found malformed node\n    at /home/ramiro/.vscode/extensions/uqbar.wollok-lsp-ide-0.5.5/out/server/src/server.js:68:3585\n    at /home/ramiro/.vscode/extensions/uqbar.wollok-lsp-ide-0.5.5/out/server/src/server.js:68:5370\n    at /home/ramiro/.vscode/extensions/uqbar.wollok-lsp-ide-0.5.5/out/server/src/server.js:38:6131\n    at /home/ramiro/.vscode/extensions/uqbar.wollok-lsp-ide-0.5.5/out/server/src/server.js:68:3664\n    at Ybn (/home/ramiro/.vscode/extensions/uqbar.wollok-lsp-ide-0.5.5/out/server/src/server.js:68:3396)\n    at /home/ramiro/.vscode/extensions/uqbar.wollok-lsp-ide-0.5.5/out/server/src/server.js:2430:847\n    at /home/ramiro/.vscode/extensions/uqbar.wollok-lsp-ide-0.5.5/out/server/src/server.js:2430:8440\n    at /home/ramiro/.vscode/extensions/uqbar.wollok-lsp-ide-0.5.5/out/server/src/server.js:37:74770\n    at Ke (/home/ramiro/.vscode/extensions/uqbar.wollok-lsp-ide-0.5.5/out/server/src/server.js:7:8527)\n    at It (/home/ramiro/.vscode/extensions/uqbar.wollok-lsp-ide-0.5.5/out/server/src/server.js:7:6189)","timestamp":"2026-09-17T01:54:44.397Z"}
{"level":"error","message":"✘ Failed to get type description: Error: Failed to print, found malformed node Failed to print, found malformed node","node":{"id":"00632c0c-3ce2-4910-abe1-f99edb462a89","metadata":[],"problems":[{"code":"malformedSentence","sourceMap":{"end":{"column":122,"line":17,"offset":554},"start":{"column":10,"line":17,"offset":442}}}],"scope":{"containerScope":{"containerScope":{"containerScope":{"containerScope":{"containerScope":{"contributions":{},"includedScopes":[]},"contributions":{},"includedScopes":[]},"contributions":{},"includedScopes":[]},"contributions":{},"includedScopes":[{"containerScope":{"containerScope":{"containerScope":{"contributions":{},"includedScopes":[]},"contributions":{},"includedScopes":[]},"contributions":{},"includedScopes":[]},"contributions":{},"includedScopes":[]}]},"contributions":{},"includedScopes":[]},"contributions":{},"includedScopes":[]},"sentences":[{"id":"3ad084a0-0511-4f18-adb0-a0fe2b0372ac","metadata":[],"scope":{"containerScope":{"containerScope":{"containerScope":{"containerScope":{"containerScope":{"containerScope":{"contributions":{},"includedScopes":[]},"contributions":{},"includedScopes":[]},"contributions":{},"includedScopes":[]},"contributions":{},"includedScopes":[{"containerScope":{"containerScope":{"containerScope":{"contributions":{},"includedScopes":[]},"contributions":{},"includedScopes":[]},"contributions":{},"includedScopes":[]},"contributions":{},"includedScopes":[]}]},"contributions":{},"includedScopes":[]},"contributions":{},"includedScopes":[]},"contributions":{},"includedScopes":[]},"sourceMap":{"end":{"column":9,"line":17,"offset":441},"start":{"column":3,"line":17,"offset":435}}}],"sourceMap":{"end":{"column":123,"line":17,"offset":555},"start":{"column":31,"line":16,"offset":431}}},"stack":"Error: Failed to print, found malformed node\n    at /home/ramiro/.vscode/extensions/uqbar.wollok-lsp-ide-0.5.5/out/server/src/server.js:68:3585\n    at /home/ramiro/.vscode/extensions/uqbar.wollok-lsp-ide-0.5.5/out/server/src/server.js:68:5370\n    at /home/ramiro/.vscode/extensions/uqbar.wollok-lsp-ide-0.5.5/out/server/src/server.js:38:6131\n    at /home/ramiro/.vscode/extensions/uqbar.wollok-lsp-ide-0.5.5/out/server/src/server.js:68:3664\n    at Ybn (/home/ramiro/.vscode/extensions/uqbar.wollok-lsp-ide-0.5.5/out/server/src/server.js:68:3396)\n    at /home/ramiro/.vscode/extensions/uqbar.wollok-lsp-ide-0.5.5/out/server/src/server.js:2430:847\n    at /home/ramiro/.vscode/extensions/uqbar.wollok-lsp-ide-0.5.5/out/server/src/server.js:2430:8440\n    at /home/ramiro/.vscode/extensions/uqbar.wollok-lsp-ide-0.5.5/out/server/src/server.js:37:74770\n    at Ke (/home/ramiro/.vscode/extensions/uqbar.wollok-lsp-ide-0.5.5/out/server/src/server.js:7:8527)\n    at It (/home/ramiro/.vscode/extensions/uqbar.wollok-lsp-ide-0.5.5/out/server/src/server.js:7:6189)","timestamp":"2026-09-17T01:54:45.041Z"}
{"level":"error","message":"✘ Failed to get type description: Error: Failed to print, found malformed node Failed to print, found malformed node","node":{"id":"00632c0c-3ce2-4910-abe1-f99edb462a89","metadata":[],"problems":[{"code":"malformedSentence","sourceMap":{"end":{"column":122,"line":17,"offset":554},"start":{"column":10,"line":17,"offset":442}}}],"scope":{"containerScope":{"containerScope":{"containerScope":{"containerScope":{"containerScope":{"contributions":{},"includedScopes":[]},"contributions":{},"includedScopes":[]},"contributions":{},"includedScopes":[]},"contributions":{},"includedScopes":[{"containerScope":{"containerScope":{"containerScope":{"contributions":{},"includedScopes":[]},"contributions":{},"includedScopes":[]},"contributions":{},"includedScopes":[]},"contributions":{},"includedScopes":[]}]},"contributions":{},"includedScopes":[]},"contributions":{},"includedScopes":[]},"sentences":[{"id":"3ad084a0-0511-4f18-adb0-a0fe2b0372ac","metadata":[],"scope":{"containerScope":{"containerScope":{"containerScope":{"containerScope":{"containerScope":{"containerScope":{"contributions":{},"includedScopes":[]},"contributions":{},"includedScopes":[]},"contributions":{},"includedScopes":[]},"contributions":{},"includedScopes":[{"containerScope":{"containerScope":{"containerScope":{"contributions":{},"includedScopes":[]},"contributions":{},"includedScopes":[]},"contributions":{},"includedScopes":[]},"contributions":{},"includedScopes":[]}]},"contributions":{},"includedScopes":[]},"contributions":{},"includedScopes":[]},"contributions":{},"includedScopes":[]},"sourceMap":{"end":{"column":9,"line":17,"offset":441},"start":{"column":3,"line":17,"offset":435}}}],"sourceMap":{"end":{"column":123,"line":17,"offset":555},"start":{"column":31,"line":16,"offset":431}}},"stack":"Error: Failed to print, found malformed node\n    at /home/ramiro/.vscode/extensions/uqbar.wollok-lsp-ide-0.5.5/out/server/src/server.js:68:3585\n    at /home/ramiro/.vscode/extensions/uqbar.wollok-lsp-ide-0.5.5/out/server/src/server.js:68:5370\n    at /home/ramiro/.vscode/extensions/uqbar.wollok-lsp-ide-0.5.5/out/server/src/server.js:38:6131\n    at /home/ramiro/.vscode/extensions/uqbar.wollok-lsp-ide-0.5.5/out/server/src/server.js:68:3664\n    at Ybn (/home/ramiro/.vscode/extensions/uqbar.wollok-lsp-ide-0.5.5/out/server/src/server.js:68:3396)\n    at /home/ramiro/.vscode/extensions/uqbar.wollok-lsp-ide-0.5.5/out/server/src/server.js:2430:847\n    at /home/ramiro/.vscode/extensions/uqbar.wollok-lsp-ide-0.5.5/out/server/src/server.js:2430:8440\n    at /home/ramiro/.vscode/extensions/uqbar.wollok-lsp-ide-0.5.5/out/server/src/server.js:37:74770\n    at Ke (/home/ramiro/.vscode/extensions/uqbar.wollok-lsp-ide-0.5.5/out/server/src/server.js:7:8527)\n    at It (/home/ramiro/.vscode/extensions/uqbar.wollok-lsp-ide-0.5.5/out/server/src/server.js:7:6189)","timestamp":"2026-09-17T01:54:45.849Z"}
{"level":"info","message":"⌛ Building environment","timeElapsed":183,"timestamp":"2026-09-17T01:54:51.686Z"}
{"level":"info","message":"⌛ Validating src/cosas.wlk","timeElapsed":179,"timestamp":"2026-09-17T01:54:51.867Z"}
{"level":"info","message":"⌛ Building environment","timeElapsed":133,"timestamp":"2026-09-17T01:54:52.001Z"}
{"level":"info","message":"⌛ Building environment","timeElapsed":109,"timestamp":"2026-09-17T01:54:52.111Z"}
{"level":"info","message":"⌛ Validating src/cosas.wlk","timeElapsed":170,"timestamp":"2026-09-17T01:54:52.281Z"}
{"level":"info","message":"⌛ Validating src/cosas.wlk","timeElapsed":178,"timestamp":"2026-09-17T01:54:52.461Z"}
{"level":"info","message":"⌛ Building environment","timeElapsed":119,"timestamp":"2026-09-17T01:54:52.581Z"}
{"level":"info","message":"⌛ Validating src/cosas.wlk","timeElapsed":149,"timestamp":"2026-09-17T01:54:52.736Z"}
{"level":"info","message":"⌛ Building environment","timeElapsed":189,"timestamp":"2026-09-17T01:55:00.065Z"}
{"level":"info","message":"⌛ Validating src/cosas.wlk","timeElapsed":161,"timestamp":"2026-09-17T01:55:00.229Z"}
{"level":"info","message":"⌛ Building environment","timeElapsed":162,"timestamp":"2026-09-17T01:55:06.757Z"}
{"level":"info","message":"⌛ Validating src/cosas.wlk","timeElapsed":159,"timestamp":"2026-09-17T01:55:06.923Z"}
{"level":"info","message":"⌛ Building environment","timeElapsed":119,"timestamp":"2026-09-17T01:55:07.052Z"}
{"level":"info","message":"⌛ Validating src/cosas.wlk","timeElapsed":154,"timestamp":"2026-09-17T01:55:07.223Z"}
{"level":"info","message":"⌛ Building environment","timeElapsed":159,"timestamp":"2026-09-17T01:55:14.404Z"}
{"level":"info","message":"⌛ Validating src/cosas.wlk","timeElapsed":132,"timestamp":"2026-09-17T01:55:14.540Z"}
{"level":"info","message":"⌛ Building environment","timeElapsed":169,"timestamp":"2026-09-17T01:55:14.839Z"}
{"level":"info","message":"⌛ Validating src/cosas.wlk","timeElapsed":146,"timestamp":"2026-09-17T01:55:14.987Z"}
{"level":"info","message":"⌛ Building environment","timeElapsed":173,"timestamp":"2026-09-17T01:55:18.730Z"}
{"level":"info","message":"⌛ Validating src/cosas.wlk","timeElapsed":172,"timestamp":"2026-09-17T01:55:18.905Z"}
{"level":"info","message":"⌛ Building environment","timeElapsed":146,"timestamp":"2026-09-17T01:55:19.080Z"}
{"level":"info","message":"⌛ Validating src/cosas.wlk","timeElapsed":151,"timestamp":"2026-09-17T01:55:19.234Z"}
{"level":"info","message":"⌛ Building environment","timeElapsed":295,"timestamp":"2026-09-17T01:56:04.239Z"}
{"level":"info","message":"⌛ Validating src/cosas.wlk","timeElapsed":234,"timestamp":"2026-09-17T01:56:04.481Z"}
{"level":"info","message":"⌛ Building environment","timeElapsed":208,"timestamp":"2026-09-17T01:56:06.438Z"}
{"level":"info","message":"⌛ Validating src/cosas.wlk","timeElapsed":142,"timestamp":"2026-09-17T01:56:06.589Z"}
{"level":"info","message":"⌛ Building environment","timeElapsed":179,"timestamp":"2026-09-17T01:56:08.115Z"}
{"level":"info","message":"⌛ Validating src/cosas.wlk","timeElapsed":156,"timestamp":"2026-09-17T01:56:08.275Z"}
{"level":"info","message":"⌛ Building environment","timeElapsed":118,"timestamp":"2026-09-17T01:56:08.419Z"}
{"level":"info","message":"⌛ Validating src/cosas.wlk","timeElapsed":157,"timestamp":"2026-09-17T01:56:08.685Z"}
{"level":"info","message":"⌛ Validating src/cosas.wlk","timeElapsed":135,"timestamp":"2026-09-17T01:56:08.820Z"}
{"level":"info","message":"⌛ Building environment","timeElapsed":175,"timestamp":"2026-09-17T01:56:22.018Z"}
{"level":"info","message":"⌛ Validating src/cosas.wlk","timeElapsed":140,"timestamp":"2026-09-17T01:56:22.166Z"}
{"level":"info","message":"⌛ Building environment","timeElapsed":170,"timestamp":"2026-09-17T01:56:22.664Z"}
{"level":"info","message":"⌛ Validating src/cosas.wlk","timeElapsed":147,"timestamp":"2026-09-17T01:56:22.819Z"}
{"level":"info","message":"⌛ Building environment","timeElapsed":243,"timestamp":"2026-09-17T01:56:23.513Z"}
{"level":"info","message":"⌛ Validating src/cosas.wlk","timeElapsed":148,"timestamp":"2026-09-17T01:56:23.669Z"}
{"level":"info","message":"⌛ Building environment","timeElapsed":159,"timestamp":"2026-09-17T01:56:24.532Z"}
{"level":"info","message":"⌛ Validating src/cosas.wlk","timeElapsed":152,"timestamp":"2026-09-17T01:56:24.691Z"}
{"level":"info","message":"⌛ Building environment","timeElapsed":169,"timestamp":"2026-09-17T01:56:28.358Z"}
{"level":"info","message":"⌛ Validating src/cosas.wlk","timeElapsed":157,"timestamp":"2026-09-17T01:56:28.523Z"}
{"level":"info","message":"⌛ Building environment","timeElapsed":156,"timestamp":"2026-09-17T01:56:28.685Z"}
{"level":"info","message":"⌛ Building environment","timeElapsed":173,"timestamp":"2026-09-17T01:56:28.892Z"}
{"level":"info","message":"⌛ Validating src/cosas.wlk","timeElapsed":195,"timestamp":"2026-09-17T01:56:29.087Z"}
{"level":"info","message":"⌛ Validating src/cosas.wlk","timeElapsed":167,"timestamp":"2026-09-17T01:56:29.257Z"}
{"level":"info","message":"⌛ Building environment","timeElapsed":265,"timestamp":"2026-09-17T01:56:45.442Z"}
{"level":"info","message":"⌛ Validating src/cosas.wlk","timeElapsed":154,"timestamp":"2026-09-17T01:56:45.679Z"}
{"level":"info","message":"⌛ Building environment","timeElapsed":261,"timestamp":"2026-09-17T01:56:55.404Z"}
{"level":"info","message":"⌛ Validating src/cosas.wlk","timeElapsed":179,"timestamp":"2026-09-17T01:56:55.597Z"}
{"level":"info","message":"⌛ Building environment","timeElapsed":171,"timestamp":"2026-09-17T01:56:55.771Z"}
{"level":"info","message":"⌛ Validating src/cosas.wlk","timeElapsed":207,"timestamp":"2026-09-17T01:56:55.984Z"}
{"level":"info","message":"⌛ Building environment","timeElapsed":180,"timestamp":"2026-09-17T01:56:57.502Z"}
{"level":"info","message":"⌛ Validating src/cosas.wlk","timeElapsed":168,"timestamp":"2026-09-17T01:56:57.714Z"}
{"level":"info","message":"⌛ Building environment","timeElapsed":133,"timestamp":"2026-09-17T01:56:57.848Z"}
{"level":"info","message":"⌛ Building environment","timeElapsed":337,"timestamp":"2026-09-17T01:56:58.201Z"}
{"level":"info","message":"⌛ Validating src/cosas.wlk","timeElapsed":200,"timestamp":"2026-09-17T01:56:58.402Z"}
{"level":"info","message":"⌛ Building environment","timeElapsed":144,"timestamp":"2026-09-17T01:56:58.547Z"}
{"level":"info","message":"⌛ Validating src/cosas.wlk","timeElapsed":177,"timestamp":"2026-09-17T01:56:58.732Z"}
{"level":"info","message":"⌛ Validating src/cosas.wlk","timeElapsed":148,"timestamp":"2026-09-17T01:56:58.881Z"}
{"level":"info","message":"⌛ Building environment","timeElapsed":131,"timestamp":"2026-09-17T01:56:59.014Z"}
{"level":"info","message":"⌛ Validating src/cosas.wlk","timeElapsed":171,"timestamp":"2026-09-17T01:56:59.191Z"}
{"level":"info","message":"⌛ Building environment","timeElapsed":195,"timestamp":"2026-09-17T01:57:00.562Z"}
{"level":"info","message":"⌛ Validating src/cosas.wlk","timeElapsed":154,"timestamp":"2026-09-17T01:57:00.774Z"}
{"level":"info","message":"⌛ Building environment","timeElapsed":224,"timestamp":"2026-09-17T01:57:01.826Z"}
{"level":"info","message":"⌛ Building environment","timeElapsed":103,"timestamp":"2026-09-17T01:57:01.938Z"}
{"level":"info","message":"⌛ Validating src/cosas.wlk","timeElapsed":139,"timestamp":"2026-09-17T01:57:02.077Z"}
{"level":"info","message":"⌛ Validating src/cosas.wlk","timeElapsed":165,"timestamp":"2026-09-17T01:57:02.251Z"}
{"level":"info","message":"⌛ Building environment","timeElapsed":137,"timestamp":"2026-09-17T01:57:02.395Z"}
{"level":"info","message":"⌛ Building environment","timeElapsed":104,"timestamp":"2026-09-17T01:57:02.536Z"}
{"level":"info","message":"⌛ Validating src/cosas.wlk","timeElapsed":156,"timestamp":"2026-09-17T01:57:02.692Z"}
{"level":"info","message":"⌛ Validating src/cosas.wlk","timeElapsed":123,"timestamp":"2026-09-17T01:57:02.814Z"}
{"level":"info","message":"⌛ Building environment","timeElapsed":187,"timestamp":"2026-09-17T01:57:03.791Z"}
{"level":"info","message":"⌛ Validating src/cosas.wlk","timeElapsed":143,"timestamp":"2026-09-17T01:57:03.989Z"}
{"level":"info","message":"⌛ Building environment","timeElapsed":194,"timestamp":"2026-09-17T01:57:04.846Z"}
{"level":"info","message":"⌛ Validating src/cosas.wlk","timeElapsed":174,"timestamp":"2026-09-17T01:57:05.068Z"}
{"level":"info","message":"⌛ Building environment","timeElapsed":115,"timestamp":"2026-09-17T01:57:05.185Z"}
{"level":"info","message":"⌛ Validating src/cosas.wlk","timeElapsed":140,"timestamp":"2026-09-17T01:57:05.374Z"}
{"level":"info","message":"⌛ Validating src/cosas.wlk","timeElapsed":130,"timestamp":"2026-09-17T01:57:05.617Z"}
{"level":"info","message":"⌛ Building environment","timeElapsed":168,"timestamp":"2026-09-17T01:57:05.815Z"}
{"level":"info","message":"⌛ Building environment","timeElapsed":124,"timestamp":"2026-09-17T01:57:05.975Z"}
{"level":"info","message":"⌛ Validating src/cosas.wlk","timeElapsed":179,"timestamp":"2026-09-17T01:57:06.155Z"}
{"level":"info","message":"⌛ Building environment","timeElapsed":104,"timestamp":"2026-09-17T01:57:06.259Z"}
{"level":"info","message":"⌛ Validating src/cosas.wlk","timeElapsed":156,"timestamp":"2026-09-17T01:57:06.416Z"}
{"level":"info","message":"⌛ Validating src/cosas.wlk","timeElapsed":132,"timestamp":"2026-09-17T01:57:06.574Z"}
{"level":"info","message":"⌛ Building environment","timeElapsed":185,"timestamp":"2026-09-17T01:57:10.504Z"}
{"level":"info","message":"⌛ Building environment","timeElapsed":114,"timestamp":"2026-09-17T01:57:10.618Z"}
{"level":"info","message":"⌛ Validating src/cosas.wlk","timeElapsed":142,"timestamp":"2026-09-17T01:57:10.802Z"}
{"level":"info","message":"⌛ Building environment","timeElapsed":227,"timestamp":"2026-09-17T01:57:11.031Z"}
{"level":"info","message":"⌛ Validating src/cosas.wlk","timeElapsed":185,"timestamp":"2026-09-17T01:57:11.216Z"}
{"level":"info","message":"⌛ Validating src/cosas.wlk","timeElapsed":162,"timestamp":"2026-09-17T01:57:11.382Z"}
{"level":"info","message":"⌛ Building environment","timeElapsed":192,"timestamp":"2026-09-17T01:57:13.624Z"}
{"level":"info","message":"⌛ Validating src/cosas.wlk","timeElapsed":151,"timestamp":"2026-09-17T01:57:13.785Z"}
{"level":"info","message":"⌛ Building environment","timeElapsed":231,"timestamp":"2026-09-17T01:57:18.069Z"}
{"level":"info","message":"⌛ Building environment","timeElapsed":119,"timestamp":"2026-09-17T01:57:18.224Z"}
{"level":"info","message":"⌛ Validating src/cosas.wlk","timeElapsed":157,"timestamp":"2026-09-17T01:57:18.382Z"}
{"level":"info","message":"⌛ Validating src/cosas.wlk","timeElapsed":134,"timestamp":"2026-09-17T01:57:18.525Z"}
{"level":"info","message":"⌛ Building environment","timeElapsed":104,"timestamp":"2026-09-17T01:57:18.630Z"}
{"level":"info","message":"⌛ Building environment","timeElapsed":103,"timestamp":"2026-09-17T01:57:18.764Z"}
{"level":"info","message":"⌛ Validating src/cosas.wlk","timeElapsed":136,"timestamp":"2026-09-17T01:57:18.909Z"}
{"level":"info","message":"⌛ Validating src/cosas.wlk","timeElapsed":178,"timestamp":"2026-09-17T01:57:19.089Z"}
{"level":"info","message":"⌛ Building environment","timeElapsed":203,"timestamp":"2026-09-17T01:57:21.897Z"}
{"level":"info","message":"⌛ Building environment","timeElapsed":108,"timestamp":"2026-09-17T01:57:22.006Z"}
{"level":"info","message":"⌛ Validating src/cosas.wlk","timeElapsed":142,"timestamp":"2026-09-17T01:57:22.148Z"}
{"level":"info","message":"⌛ Validating src/cosas.wlk","timeElapsed":137,"timestamp":"2026-09-17T01:57:22.286Z"}
{"level":"info","message":"⌛ Building environment","timeElapsed":115,"timestamp":"2026-09-17T01:57:22.408Z"}
{"level":"info","message":"⌛ Validating src/cosas.wlk","timeElapsed":148,"timestamp":"2026-09-17T01:57:22.564Z"}
{"level":"info","message":"⌛ Building environment","timeElapsed":193,"timestamp":"2026-09-17T01:57:26.386Z"}
{"level":"info","message":"⌛ Building environment","timeElapsed":142,"timestamp":"2026-09-17T01:57:26.569Z"}
{"level":"info","message":"⌛ Validating src/cosas.wlk","timeElapsed":177,"timestamp":"2026-09-17T01:57:26.746Z"}
{"level":"info","message":"⌛ Validating src/cosas.wlk","timeElapsed":137,"timestamp":"2026-09-17T01:57:26.891Z"}
{"level":"info","message":"⌛ Validating src/cosas.wlk","timeElapsed":140,"timestamp":"2026-09-17T01:57:27.137Z"}
{"level":"info","message":"⌛ Building environment","timeElapsed":226,"timestamp":"2026-09-17T01:57:27.702Z"}
{"level":"info","message":"⌛ Validating src/cosas.wlk","timeElapsed":163,"timestamp":"2026-09-17T01:57:27.874Z"}
{"level":"info","message":"⌛ Building environment","timeElapsed":270,"timestamp":"2026-09-17T01:57:28.319Z"}
{"level":"info","message":"⌛ Building environment","timeElapsed":113,"timestamp":"2026-09-17T01:57:28.489Z"}
{"level":"info","message":"⌛ Validating src/cosas.wlk","timeElapsed":140,"timestamp":"2026-09-17T01:57:28.640Z"}
{"level":"info","message":"⌛ Building environment","timeElapsed":195,"timestamp":"2026-09-17T01:57:28.849Z"}
{"level":"info","message":"⌛ Validating src/cosas.wlk","timeElapsed":294,"timestamp":"2026-09-17T01:57:29.149Z"}
{"level":"info","message":"⌛ Building environment","timeElapsed":122,"timestamp":"2026-09-17T01:57:29.277Z"}
{"level":"info","message":"⌛ Validating src/cosas.wlk","timeElapsed":143,"timestamp":"2026-09-17T01:57:29.420Z"}
{"level":"info","message":"⌛ Validating src/cosas.wlk","timeElapsed":130,"timestamp":"2026-09-17T01:57:29.558Z"}
{"level":"info","message":"⌛ Building environment","timeElapsed":220,"timestamp":"2026-09-17T01:57:31.745Z"}
{"level":"info","message":"⌛ Validating src/cosas.wlk","timeElapsed":150,"timestamp":"2026-09-17T01:57:31.898Z"}
{"level":"info","message":"⌛ Building environment","timeElapsed":186,"timestamp":"2026-09-17T01:57:34.380Z"}
{"level":"info","message":"⌛ Building environment","timeElapsed":145,"timestamp":"2026-09-17T01:57:34.615Z"}
{"level":"info","message":"⌛ Validating src/cosas.wlk","timeElapsed":155,"timestamp":"2026-09-17T01:57:34.771Z"}
{"level":"info","message":"⌛ Validating src/cosas.wlk","timeElapsed":146,"timestamp":"2026-09-17T01:57:34.918Z"}
{"level":"info","message":"⌛ Building environment","timeElapsed":190,"timestamp":"2026-09-17T01:57:35.261Z"}
{"level":"info","message":"⌛ Building environment","timeElapsed":109,"timestamp":"2026-09-17T01:57:35.420Z"}
{"level":"info","message":"⌛ Validating src/cosas.wlk","timeElapsed":158,"timestamp":"2026-09-17T01:57:35.590Z"}
{"level":"info","message":"⌛ Building environment","timeElapsed":192,"timestamp":"2026-09-17T01:57:35.783Z"}
{"level":"info","message":"⌛ Validating src/cosas.wlk","timeElapsed":146,"timestamp":"2026-09-17T01:57:35.972Z"}
{"level":"info","message":"⌛ Building environment","timeElapsed":105,"timestamp":"2026-09-17T01:57:36.078Z"}
{"level":"info","message":"⌛ Validating src/cosas.wlk","timeElapsed":149,"timestamp":"2026-09-17T01:57:36.234Z"}
{"level":"info","message":"⌛ Validating src/cosas.wlk","timeElapsed":161,"timestamp":"2026-09-17T01:57:36.400Z"}
{"level":"info","message":"⌛ Building environment","timeElapsed":187,"timestamp":"2026-09-17T01:57:37.400Z"}
{"level":"info","message":"⌛ Validating src/cosas.wlk","timeElapsed":151,"timestamp":"2026-09-17T01:57:37.554Z"}
{"level":"info","message":"⌛ Building environment","timeElapsed":245,"timestamp":"2026-09-17T01:57:38.172Z"}
{"level":"info","message":"⌛ Building environment","timeElapsed":144,"timestamp":"2026-09-17T01:57:38.359Z"}
{"level":"info","message":"⌛ Validating src/cosas.wlk","timeElapsed":187,"timestamp":"2026-09-17T01:57:38.547Z"}
{"level":"info","message":"⌛ Building environment","timeElapsed":102,"timestamp":"2026-09-17T01:57:38.657Z"}
{"level":"info","message":"⌛ Validating src/cosas.wlk","timeElapsed":178,"timestamp":"2026-09-17T01:57:38.836Z"}
{"level":"info","message":"⌛ Building environment","timeElapsed":172,"timestamp":"2026-09-17T01:57:39.010Z"}
{"level":"info","message":"⌛ Validating src/cosas.wlk","timeElapsed":158,"timestamp":"2026-09-17T01:57:39.169Z"}
{"level":"info","message":"⌛ Validating src/cosas.wlk","timeElapsed":171,"timestamp":"2026-09-17T01:57:39.349Z"}
{"level":"info","message":"⌛ Building environment","timeElapsed":114,"timestamp":"2026-09-17T01:57:39.466Z"}
{"level":"info","message":"⌛ Validating src/cosas.wlk","timeElapsed":163,"timestamp":"2026-09-17T01:57:39.637Z"}
{"level":"info","message":"⌛ Building environment","timeElapsed":217,"timestamp":"2026-09-17T01:57:41.872Z"}
{"level":"info","message":"⌛ Building environment","timeElapsed":120,"timestamp":"2026-09-17T01:57:42.033Z"}
{"level":"info","message":"⌛ Validating src/cosas.wlk","timeElapsed":142,"timestamp":"2026-09-17T01:57:42.175Z"}
{"level":"info","message":"⌛ Validating src/cosas.wlk","timeElapsed":159,"timestamp":"2026-09-17T01:57:42.395Z"}
{"level":"info","message":"⌛ Building environment","timeElapsed":137,"timestamp":"2026-09-17T01:57:42.534Z"}
{"level":"info","message":"⌛ Building environment","timeElapsed":133,"timestamp":"2026-09-17T01:57:42.715Z"}
{"level":"info","message":"⌛ Validating src/cosas.wlk","timeElapsed":139,"timestamp":"2026-09-17T01:57:42.963Z"}
{"level":"info","message":"⌛ Validating src/cosas.wlk","timeElapsed":161,"timestamp":"2026-09-17T01:57:43.126Z"}
{"level":"info","message":"⌛ Validating src/cosas.wlk","timeElapsed":137,"timestamp":"2026-09-17T01:57:43.270Z"}
{"level":"info","message":"⌛ Building environment","timeElapsed":203,"timestamp":"2026-09-17T01:57:43.669Z"}
{"level":"info","message":"⌛ Validating src/cosas.wlk","timeElapsed":156,"timestamp":"2026-09-17T01:57:43.866Z"}
{"level":"info","message":"⌛ Building environment","timeElapsed":170,"timestamp":"2026-09-17T01:57:44.166Z"}
{"level":"info","message":"⌛ Validating src/cosas.wlk","timeElapsed":156,"timestamp":"2026-09-17T01:57:44.325Z"}
{"level":"info","message":"⌛ Building environment","timeElapsed":126,"timestamp":"2026-09-17T01:57:44.458Z"}
{"level":"info","message":"⌛ Validating src/cosas.wlk","timeElapsed":173,"timestamp":"2026-09-17T01:57:44.669Z"}
{"level":"info","message":"⌛ Building environment","timeElapsed":164,"timestamp":"2026-09-17T01:57:44.839Z"}
{"level":"info","message":"⌛ Validating src/cosas.wlk","timeElapsed":167,"timestamp":"2026-09-17T01:57:45.048Z"}
{"level":"info","message":"⌛ Building environment","timeElapsed":110,"timestamp":"2026-09-17T01:57:45.161Z"}
{"level":"info","message":"⌛ Validating src/cosas.wlk","timeElapsed":137,"timestamp":"2026-09-17T01:57:45.340Z"}
{"level":"info","message":"⌛ Building environment","timeElapsed":239,"timestamp":"2026-09-17T01:57:45.744Z"}
{"level":"info","message":"⌛ Validating src/cosas.wlk","timeElapsed":167,"timestamp":"2026-09-17T01:57:45.950Z"}
{"level":"info","message":"⌛ Building environment","timeElapsed":104,"timestamp":"2026-09-17T01:57:46.057Z"}
{"level":"info","message":"⌛ Building environment","timeElapsed":192,"timestamp":"2026-09-17T01:57:46.252Z"}
{"level":"info","message":"⌛ Validating src/cosas.wlk","timeElapsed":154,"timestamp":"2026-09-17T01:57:46.444Z"}
{"level":"info","message":"⌛ Validating src/cosas.wlk","timeElapsed":172,"timestamp":"2026-09-17T01:57:46.619Z"}
{"level":"info","message":"⌛ Building environment","timeElapsed":102,"timestamp":"2026-09-17T01:57:46.723Z"}
{"level":"info","message":"⌛ Validating src/cosas.wlk","timeElapsed":164,"timestamp":"2026-09-17T01:57:46.936Z"}
{"level":"info","message":"⌛ Building environment","timeElapsed":113,"timestamp":"2026-09-17T01:57:47.052Z"}
{"level":"info","message":"⌛ Building environment","timeElapsed":116,"timestamp":"2026-09-17T01:57:47.215Z"}
{"level":"info","message":"⌛ Validating src/cosas.wlk","timeElapsed":157,"timestamp":"2026-09-17T01:57:47.386Z"}
{"level":"info","message":"⌛ Validating src/cosas.wlk","timeElapsed":180,"timestamp":"2026-09-17T01:57:47.567Z"}
{"level":"info","message":"⌛ Building environment","timeElapsed":134,"timestamp":"2026-09-17T01:57:47.711Z"}
{"level":"info","message":"⌛ Building environment","timeElapsed":134,"timestamp":"2026-09-17T01:57:47.888Z"}
{"level":"info","message":"⌛ Validating src/cosas.wlk","timeElapsed":164,"timestamp":"2026-09-17T01:57:48.053Z"}
{"level":"info","message":"⌛ Validating src/cosas.wlk","timeElapsed":146,"timestamp":"2026-09-17T01:57:48.345Z"}
{"level":"info","message":"⌛ Validating src/cosas.wlk","timeElapsed":164,"timestamp":"2026-09-17T01:57:48.517Z"}
{"level":"info","message":"⌛ Building environment","timeElapsed":250,"timestamp":"2026-09-17T01:57:50.286Z"}
{"level":"info","message":"⌛ Building environment","timeElapsed":126,"timestamp":"2026-09-17T01:57:50.449Z"}
{"level":"info","message":"⌛ Validating src/cosas.wlk","timeElapsed":132,"timestamp":"2026-09-17T01:57:50.581Z"}
{"level":"info","message":"⌛ Validating src/cosas.wlk","timeElapsed":153,"timestamp":"2026-09-17T01:57:50.742Z"}
{"level":"info","message":"⌛ Building environment","timeElapsed":121,"timestamp":"2026-09-17T01:57:50.864Z"}
{"level":"info","message":"⌛ Building environment","timeElapsed":118,"timestamp":"2026-09-17T01:57:51.027Z"}
{"level":"info","message":"⌛ Validating src/cosas.wlk","timeElapsed":202,"timestamp":"2026-09-17T01:57:51.230Z"}
{"level":"info","message":"⌛ Building environment","timeElapsed":141,"timestamp":"2026-09-17T01:57:51.371Z"}
{"level":"info","message":"⌛ Validating src/cosas.wlk","timeElapsed":138,"timestamp":"2026-09-17T01:57:51.510Z"}
{"level":"info","message":"⌛ Validating src/cosas.wlk","timeElapsed":137,"timestamp":"2026-09-17T01:57:51.795Z"}
{"level":"info","message":"⌛ Validating src/cosas.wlk","timeElapsed":142,"timestamp":"2026-09-17T01:57:51.941Z"}
{"level":"info","message":"⌛ Building environment","timeElapsed":171,"timestamp":"2026-09-17T01:57:52.113Z"}
{"level":"info","message":"⌛ Validating src/cosas.wlk","timeElapsed":172,"timestamp":"2026-09-17T01:57:52.336Z"}
{"level":"info","message":"⌛ Building environment","timeElapsed":139,"timestamp":"2026-09-17T01:57:52.477Z"}
{"level":"info","message":"⌛ Building environment","timeElapsed":123,"timestamp":"2026-09-17T01:57:52.647Z"}
{"level":"info","message":"⌛ Validating src/cosas.wlk","timeElapsed":155,"timestamp":"2026-09-17T01:57:53.001Z"}
{"level":"info","message":"⌛ Validating src/cosas.wlk","timeElapsed":133,"timestamp":"2026-09-17T01:57:53.135Z"}
{"level":"info","message":"⌛ Validating src/cosas.wlk","timeElapsed":193,"timestamp":"2026-09-17T01:57:53.337Z"}
{"level":"info","message":"⌛ Building environment","timeElapsed":131,"timestamp":"2026-09-17T01:57:53.472Z"}
{"level":"info","message":"⌛ Building environment","timeElapsed":121,"timestamp":"2026-09-17T01:57:53.636Z"}
{"level":"info","message":"⌛ Validating src/cosas.wlk","timeElapsed":162,"timestamp":"2026-09-17T01:57:53.798Z"}
{"level":"info","message":"⌛ Building environment","timeElapsed":124,"timestamp":"2026-09-17T01:57:53.923Z"}
{"level":"info","message":"⌛ Validating src/cosas.wlk","timeElapsed":156,"timestamp":"2026-09-17T01:57:54.120Z"}
{"level":"info","message":"⌛ Building environment","timeElapsed":166,"timestamp":"2026-09-17T01:57:54.288Z"}
{"level":"info","message":"⌛ Validating src/cosas.wlk","timeElapsed":168,"timestamp":"2026-09-17T01:57:54.457Z"}
{"level":"info","message":"⌛ Validating src/cosas.wlk","timeElapsed":181,"timestamp":"2026-09-17T01:57:54.647Z"}
{"level":"info","message":"⌛ Building environment","timeElapsed":109,"timestamp":"2026-09-17T01:57:54.756Z"}
{"level":"info","message":"⌛ Building environment","timeElapsed":118,"timestamp":"2026-09-17T01:57:54.875Z"}
{"level":"info","message":"⌛ Building environment","timeElapsed":140,"timestamp":"2026-09-17T01:57:55.016Z"}
{"level":"info","message":"⌛ Validating src/cosas.wlk","timeElapsed":162,"timestamp":"2026-09-17T01:57:55.220Z"}
{"level":"info","message":"⌛ Validating src/cosas.wlk","timeElapsed":195,"timestamp":"2026-09-17T01:57:55.421Z"}
{"level":"info","message":"⌛ Validating src/cosas.wlk","timeElapsed":135,"timestamp":"2026-09-17T01:57:55.560Z"}
{"level":"info","message":"⌛ Building environment","timeElapsed":121,"timestamp":"2026-09-17T01:57:55.681Z"}
{"level":"error","message":"✘ Completions for node Return ([33:2, 33:8] - src/cosas.wlk) failed: Error: [Return]{b2d89a} at src/cosas.wlk:33 exhausted all cases without a match [Return]{b2d89a} at src/cosas.wlk:33 exhausted all cases without a match","stack":"Error: [Return]{b2d89a} at src/cosas.wlk:33 exhausted all cases without a match\n    at /home/ramiro/.vscode/extensions/uqbar.wollok-lsp-ide-0.5.5/out/server/src/server.js:38:6142\n    at L2 (/home/ramiro/.vscode/extensions/uqbar.wollok-lsp-ide-0.5.5/out/server/src/server.js:2421:42)\n    at /home/ramiro/.vscode/extensions/uqbar.wollok-lsp-ide-0.5.5/out/server/src/server.js:2421:2988\n    at /home/ramiro/.vscode/extensions/uqbar.wollok-lsp-ide-0.5.5/out/server/src/server.js:2430:8440\n    at /home/ramiro/.vscode/extensions/uqbar.wollok-lsp-ide-0.5.5/out/server/src/server.js:37:74872\n    at Ke (/home/ramiro/.vscode/extensions/uqbar.wollok-lsp-ide-0.5.5/out/server/src/server.js:7:8527)\n    at It (/home/ramiro/.vscode/extensions/uqbar.wollok-lsp-ide-0.5.5/out/server/src/server.js:7:6189)\n    at et (/home/ramiro/.vscode/extensions/uqbar.wollok-lsp-ide-0.5.5/out/server/src/server.js:7:6378)\n    at Immediate._onImmediate (/home/ramiro/.vscode/extensions/uqbar.wollok-lsp-ide-0.5.5/out/server/src/server.js:7:6142)\n    at process.processImmediate (node:internal/timers:504:21)","timestamp":"2026-09-17T01:57:55.713Z"}
{"level":"info","message":"⌛ Validating src/cosas.wlk","timeElapsed":152,"timestamp":"2026-09-17T01:57:55.874Z"}
{"level":"info","message":"⌛ Building environment","timeElapsed":170,"timestamp":"2026-09-17T01:58:02.888Z"}
{"level":"info","message":"⌛ Validating src/cosas.wlk","timeElapsed":137,"timestamp":"2026-09-17T01:58:03.031Z"}
{"level":"info","message":"⌛ Building environment","timeElapsed":175,"timestamp":"2026-09-17T01:58:04.445Z"}
{"level":"info","message":"⌛ Validating src/cosas.wlk","timeElapsed":144,"timestamp":"2026-09-17T01:58:04.596Z"}
{"level":"info","message":"⌛ Building environment","timeElapsed":201,"timestamp":"2026-09-17T01:58:06.971Z"}
{"level":"info","message":"⌛ Validating src/cosas.wlk","timeElapsed":150,"timestamp":"2026-09-17T01:58:07.137Z"}
{"level":"info","message":"⌛ Building environment","timeElapsed":215,"timestamp":"2026-09-17T01:58:08.051Z"}
{"level":"error","message":"✘ Completions for node Return ([30:2, 30:10] - src/cosas.wlk) failed: Error: [Return]{0e4b04} at src/cosas.wlk:30 exhausted all cases without a match [Return]{0e4b04} at src/cosas.wlk:30 exhausted all cases without a match","stack":"Error: [Return]{0e4b04} at src/cosas.wlk:30 exhausted all cases without a match\n    at /home/ramiro/.vscode/extensions/uqbar.wollok-lsp-ide-0.5.5/out/server/src/server.js:38:6142\n    at L2 (/home/ramiro/.vscode/extensions/uqbar.wollok-lsp-ide-0.5.5/out/server/src/server.js:2421:42)\n    at Jh (/home/ramiro/.vscode/extensions/uqbar.wollok-lsp-ide-0.5.5/out/server/src/server.js:2421:1092)\n    at w5n (/home/ramiro/.vscode/extensions/uqbar.wollok-lsp-ide-0.5.5/out/server/src/server.js:2421:1248)\n    at /home/ramiro/.vscode/extensions/uqbar.wollok-lsp-ide-0.5.5/out/server/src/server.js:38:6131\n    at L2 (/home/ramiro/.vscode/extensions/uqbar.wollok-lsp-ide-0.5.5/out/server/src/server.js:2421:42)\n    at /home/ramiro/.vscode/extensions/uqbar.wollok-lsp-ide-0.5.5/out/server/src/server.js:2421:2988\n    at /home/ramiro/.vscode/extensions/uqbar.wollok-lsp-ide-0.5.5/out/server/src/server.js:2430:8440\n    at /home/ramiro/.vscode/extensions/uqbar.wollok-lsp-ide-0.5.5/out/server/src/server.js:37:74872\n    at Ke (/home/ramiro/.vscode/extensions/uqbar.wollok-lsp-ide-0.5.5/out/server/src/server.js:7:8527)","timestamp":"2026-09-17T01:58:08.098Z"}
{"level":"info","message":"⌛ Validating src/cosas.wlk","timeElapsed":156,"timestamp":"2026-09-17T01:58:08.259Z"}
{"level":"info","message":"⌛ Building environment","timeElapsed":192,"timestamp":"2026-09-17T01:58:08.908Z"}
{"level":"info","message":"⌛ Validating src/cosas.wlk","timeElapsed":167,"timestamp":"2026-09-17T01:58:09.078Z"}
{"level":"info","message":"⌛ Building environment","timeElapsed":127,"timestamp":"2026-09-17T01:58:09.284Z"}
{"level":"info","message":"⌛ Building environment","timeElapsed":139,"timestamp":"2026-09-17T01:58:09.423Z"}
{"level":"info","message":"⌛ Validating src/cosas.wlk","timeElapsed":185,"timestamp":"2026-09-17T01:58:09.609Z"}
{"level":"info","message":"⌛ Validating src/cosas.wlk","timeElapsed":139,"timestamp":"2026-09-17T01:58:09.749Z"}
{"level":"info","message":"⌛ Building environment","timeElapsed":210,"timestamp":"2026-09-17T01:58:20.462Z"}
{"level":"info","message":"⌛ Validating src/cosas.wlk","timeElapsed":162,"timestamp":"2026-09-17T01:58:20.704Z"}
{"level":"info","message":"⌛ Building environment","timeElapsed":119,"timestamp":"2026-09-17T01:58:20.823Z"}
{"level":"info","message":"⌛ Validating src/cosas.wlk","timeElapsed":145,"timestamp":"2026-09-17T01:58:20.984Z"}
{"level":"info","message":"⌛ Building environment","timeElapsed":190,"timestamp":"2026-09-17T01:58:21.402Z"}
{"level":"info","message":"⌛ Validating src/cosas.wlk","timeElapsed":175,"timestamp":"2026-09-17T01:58:21.623Z"}
{"level":"info","message":"⌛ Building environment","timeElapsed":185,"timestamp":"2026-09-17T01:58:21.815Z"}
{"level":"info","message":"⌛ Building environment","timeElapsed":142,"timestamp":"2026-09-17T01:58:21.957Z"}
{"level":"info","message":"⌛ Validating src/cosas.wlk","timeElapsed":161,"timestamp":"2026-09-17T01:58:22.119Z"}
{"level":"info","message":"⌛ Building environment","timeElapsed":129,"timestamp":"2026-09-17T01:58:22.248Z"}
{"level":"info","message":"⌛ Validating src/cosas.wlk","timeElapsed":161,"timestamp":"2026-09-17T01:58:22.410Z"}
{"level":"info","message":"⌛ Validating src/cosas.wlk","timeElapsed":149,"timestamp":"2026-09-17T01:58:22.565Z"}
{"level":"info","message":"⌛ Building environment","timeElapsed":188,"timestamp":"2026-09-17T01:58:22.754Z"}
{"level":"info","message":"⌛ Validating src/cosas.wlk","timeElapsed":172,"timestamp":"2026-09-17T01:58:22.934Z"}
{"level":"info","message":"⌛ Building environment","timeElapsed":178,"timestamp":"2026-09-17T01:58:25.402Z"}
{"level":"info","message":"⌛ Validating src/cosas.wlk","timeElapsed":150,"timestamp":"2026-09-17T01:58:25.593Z"}
{"level":"info","message":"⌛ Building environment","timeElapsed":113,"timestamp":"2026-09-17T01:58:25.739Z"}
{"level":"info","message":"⌛ Validating src/cosas.wlk","timeElapsed":139,"timestamp":"2026-09-17T01:58:25.916Z"}
{"level":"info","message":"⌛ Building environment","timeElapsed":186,"timestamp":"2026-09-17T01:58:26.521Z"}
{"level":"info","message":"⌛ Validating src/cosas.wlk","timeElapsed":160,"timestamp":"2026-09-17T01:58:26.699Z"}
{"level":"info","message":"⌛ Building environment","timeElapsed":194,"timestamp":"2026-09-17T01:58:26.895Z"}
{"level":"info","message":"⌛ Building environment","timeElapsed":158,"timestamp":"2026-09-17T01:58:27.059Z"}
{"level":"info","message":"⌛ Validating src/cosas.wlk","timeElapsed":219,"timestamp":"2026-09-17T01:58:27.278Z"}
{"level":"info","message":"⌛ Validating src/cosas.wlk","timeElapsed":149,"timestamp":"2026-09-17T01:58:27.460Z"}
{"level":"info","message":"⌛ Building environment","timeElapsed":101,"timestamp":"2026-09-17T01:58:27.561Z"}
{"level":"info","message":"⌛ Validating src/cosas.wlk","timeElapsed":279,"timestamp":"2026-09-17T01:58:27.853Z"}
{"level":"info","message":"⌛ Building environment","timeElapsed":169,"timestamp":"2026-09-17T01:58:28.067Z"}
{"level":"info","message":"⌛ Building environment","timeElapsed":125,"timestamp":"2026-09-17T01:58:28.232Z"}
{"level":"info","message":"⌛ Validating src/cosas.wlk","timeElapsed":178,"timestamp":"2026-09-17T01:58:28.410Z"}
{"level":"info","message":"⌛ Building environment","timeElapsed":232,"timestamp":"2026-09-17T01:58:28.644Z"}
{"level":"info","message":"⌛ Validating src/cosas.wlk","timeElapsed":150,"timestamp":"2026-09-17T01:58:28.827Z"}
{"level":"info","message":"⌛ Building environment","timeElapsed":119,"timestamp":"2026-09-17T01:58:28.946Z"}
{"level":"info","message":"⌛ Building environment","timeElapsed":106,"timestamp":"2026-09-17T01:58:29.053Z"}
{"level":"info","message":"⌛ Validating src/cosas.wlk","timeElapsed":154,"timestamp":"2026-09-17T01:58:29.220Z"}
{"level":"info","message":"⌛ Validating src/cosas.wlk","timeElapsed":144,"timestamp":"2026-09-17T01:58:29.371Z"}
{"level":"info","message":"⌛ Validating src/cosas.wlk","timeElapsed":146,"timestamp":"2026-09-17T01:58:29.517Z"}
{"level":"info","message":"⌛ Validating src/cosas.wlk","timeElapsed":153,"timestamp":"2026-09-17T01:58:29.819Z"}
{"level":"info","message":"⌛ Building environment","timeElapsed":198,"timestamp":"2026-09-17T01:58:30.641Z"}
{"level":"info","message":"⌛ Validating src/cosas.wlk","timeElapsed":217,"timestamp":"2026-09-17T01:58:30.905Z"}
{"level":"info","message":"⌛ Building environment","timeElapsed":176,"timestamp":"2026-09-17T01:58:31.082Z"}
{"level":"info","message":"⌛ Building environment","timeElapsed":107,"timestamp":"2026-09-17T01:58:31.199Z"}
{"level":"info","message":"⌛ Validating src/cosas.wlk","timeElapsed":146,"timestamp":"2026-09-17T01:58:31.395Z"}
{"level":"info","message":"⌛ Validating src/cosas.wlk","timeElapsed":139,"timestamp":"2026-09-17T01:58:31.535Z"}
{"level":"info","message":"⌛ Building environment","timeElapsed":164,"timestamp":"2026-09-17T01:58:32.919Z"}
{"level":"info","message":"⌛ Validating src/cosas.wlk","timeElapsed":150,"timestamp":"2026-09-17T01:58:33.108Z"}
{"level":"info","message":"⌛ Building environment","timeElapsed":175,"timestamp":"2026-09-17T01:58:33.765Z"}
{"level":"info","message":"⌛ Validating src/cosas.wlk","timeElapsed":150,"timestamp":"2026-09-17T01:58:33.957Z"}
{"level":"info","message":"⌛ Validating src/cosas.wlk","timeElapsed":145,"timestamp":"2026-09-17T01:58:34.239Z"}
{"level":"info","message":"⌛ Validating src/cosas.wlk","timeElapsed":141,"timestamp":"2026-09-17T01:58:34.514Z"}
{"level":"info","message":"⌛ Validating src/cosas.wlk","timeElapsed":136,"timestamp":"2026-09-17T01:58:34.788Z"}
{"level":"info","message":"⌛ Building environment","timeElapsed":188,"timestamp":"2026-09-17T01:58:50.756Z"}
{"level":"info","message":"⌛ Validating src/cosas.wlk","timeElapsed":166,"timestamp":"2026-09-17T01:58:51.069Z"}
{"level":"info","message":"⌛ Validating src/cosas.wlk","timeElapsed":258,"timestamp":"2026-09-17T01:58:51.328Z"}
{"level":"info","message":"⌛ Building environment","timeElapsed":116,"timestamp":"2026-09-17T01:58:51.445Z"}
{"level":"info","message":"⌛ Building environment","timeElapsed":104,"timestamp":"2026-09-17T01:58:51.586Z"}
{"level":"info","message":"⌛ Validating src/cosas.wlk","timeElapsed":162,"timestamp":"2026-09-17T01:58:51.769Z"}
{"level":"info","message":"⌛ Validating src/cosas.wlk","timeElapsed":138,"timestamp":"2026-09-17T01:58:51.908Z"}
{"level":"info","message":"⌛ Building environment","timeElapsed":108,"timestamp":"2026-09-17T01:58:52.019Z"}
{"level":"info","message":"⌛ Building environment","timeElapsed":103,"timestamp":"2026-09-17T01:58:52.128Z"}
{"level":"info","message":"⌛ Building environment","timeElapsed":146,"timestamp":"2026-09-17T01:58:52.294Z"}
{"level":"info","message":"⌛ Validating src/cosas.wlk","timeElapsed":165,"timestamp":"2026-09-17T01:58:52.459Z"}
{"level":"info","message":"⌛ Validating src/cosas.wlk","timeElapsed":142,"timestamp":"2026-09-17T01:58:52.603Z"}
{"level":"info","message":"⌛ Validating src/cosas.wlk","timeElapsed":161,"timestamp":"2026-09-17T01:58:52.772Z"}
{"level":"info","message":"⌛ Building environment","timeElapsed":112,"timestamp":"2026-09-17T01:58:52.884Z"}
{"level":"info","message":"⌛ Building environment","timeElapsed":352,"timestamp":"2026-09-17T01:58:53.250Z"}
{"level":"info","message":"⌛ Building environment","timeElapsed":121,"timestamp":"2026-09-17T01:58:53.426Z"}
{"level":"info","message":"⌛ Validating src/cosas.wlk","timeElapsed":149,"timestamp":"2026-09-17T01:58:53.588Z"}
{"level":"info","message":"⌛ Building environment","timeElapsed":110,"timestamp":"2026-09-17T01:58:53.699Z"}
{"level":"info","message":"⌛ Building environment","timeElapsed":110,"timestamp":"2026-09-17T01:58:53.819Z"}
{"level":"info","message":"⌛ Building environment","timeElapsed":110,"timestamp":"2026-09-17T01:58:53.930Z"}
{"level":"info","message":"⌛ Validating src/cosas.wlk","timeElapsed":147,"timestamp":"2026-09-17T01:58:54.078Z"}
{"level":"info","message":"⌛ Validating src/cosas.wlk","timeElapsed":149,"timestamp":"2026-09-17T01:58:54.327Z"}
{"level":"info","message":"⌛ Validating src/cosas.wlk","timeElapsed":166,"timestamp":"2026-09-17T01:58:54.600Z"}
{"level":"info","message":"⌛ Validating src/cosas.wlk","timeElapsed":168,"timestamp":"2026-09-17T01:58:54.773Z"}
{"level":"info","message":"⌛ Validating src/cosas.wlk","timeElapsed":136,"timestamp":"2026-09-17T01:58:54.913Z"}
{"level":"info","message":"⌛ Validating src/cosas.wlk","timeElapsed":133,"timestamp":"2026-09-17T01:58:55.047Z"}
{"level":"info","message":"⌛ Validating src/cosas.wlk","timeElapsed":138,"timestamp":"2026-09-17T01:58:55.186Z"}
{"level":"info","message":"⌛ Building environment","timeElapsed":104,"timestamp":"2026-09-17T01:58:55.289Z"}
{"level":"info","message":"⌛ Validating src/cosas.wlk","timeElapsed":147,"timestamp":"2026-09-17T01:58:55.444Z"}
{"level":"info","message":"⌛ Building environment","timeElapsed":219,"timestamp":"2026-09-17T01:58:58.897Z"}
{"level":"info","message":"⌛ Building environment","timeElapsed":153,"timestamp":"2026-09-17T01:58:59.083Z"}
{"level":"info","message":"⌛ Validating src/cosas.wlk","timeElapsed":126,"timestamp":"2026-09-17T01:58:59.221Z"}
{"level":"info","message":"⌛ Building environment","timeElapsed":110,"timestamp":"2026-09-17T01:58:59.331Z"}
{"level":"info","message":"⌛ Validating src/cosas.wlk","timeElapsed":140,"timestamp":"2026-09-17T01:58:59.581Z"}
{"level":"info","message":"⌛ Validating src/cosas.wlk","timeElapsed":114,"timestamp":"2026-09-17T01:58:59.702Z"}
{"level":"info","message":"⌛ Validating src/cosas.wlk","timeElapsed":161,"timestamp":"2026-09-17T01:58:59.864Z"}
{"level":"info","message":"⌛ Building environment","timeElapsed":169,"timestamp":"2026-09-17T01:59:03.801Z"}
{"level":"info","message":"⌛ Validating src/cosas.wlk","timeElapsed":131,"timestamp":"2026-09-17T01:59:03.940Z"}
{"level":"info","message":"⌛ Building environment","timeElapsed":170,"timestamp":"2026-09-17T01:59:05.640Z"}
{"level":"info","message":"⌛ Validating src/cosas.wlk","timeElapsed":141,"timestamp":"2026-09-17T01:59:05.789Z"}
{"level":"info","message":"⌛ Building environment","timeElapsed":241,"timestamp":"2026-09-17T01:59:09.958Z"}
{"level":"error","message":"✘ Completions for node Return (undefined - src/cosas.wlk) failed: Error: [Return]{8e5bfa} at src/cosas.wlk:-- exhausted all cases without a match [Return]{8e5bfa} at src/cosas.wlk:-- exhausted all cases without a match","stack":"Error: [Return]{8e5bfa} at src/cosas.wlk:-- exhausted all cases without a match\n    at /home/ramiro/.vscode/extensions/uqbar.wollok-lsp-ide-0.5.5/out/server/src/server.js:38:6142\n    at L2 (/home/ramiro/.vscode/extensions/uqbar.wollok-lsp-ide-0.5.5/out/server/src/server.js:2421:42)\n    at Jh (/home/ramiro/.vscode/extensions/uqbar.wollok-lsp-ide-0.5.5/out/server/src/server.js:2421:1092)\n    at w5n (/home/ramiro/.vscode/extensions/uqbar.wollok-lsp-ide-0.5.5/out/server/src/server.js:2421:1248)\n    at /home/ramiro/.vscode/extensions/uqbar.wollok-lsp-ide-0.5.5/out/server/src/server.js:38:6131\n    at L2 (/home/ramiro/.vscode/extensions/uqbar.wollok-lsp-ide-0.5.5/out/server/src/server.js:2421:42)\n    at /home/ramiro/.vscode/extensions/uqbar.wollok-lsp-ide-0.5.5/out/server/src/server.js:2421:2988\n    at /home/ramiro/.vscode/extensions/uqbar.wollok-lsp-ide-0.5.5/out/server/src/server.js:2430:8440\n    at /home/ramiro/.vscode/extensions/uqbar.wollok-lsp-ide-0.5.5/out/server/src/server.js:37:74872\n    at Ke (/home/ramiro/.vscode/extensions/uqbar.wollok-lsp-ide-0.5.5/out/server/src/server.js:7:8527)","timestamp":"2026-09-17T01:59:09.992Z"}
{"level":"info","message":"⌛ Building environment","timeElapsed":105,"timestamp":"2026-09-17T01:59:10.101Z"}
{"level":"info","message":"⌛ Validating src/cosas.wlk","timeElapsed":121,"timestamp":"2026-09-17T01:59:10.235Z"}
{"level":"info","message":"⌛ Validating src/cosas.wlk","timeElapsed":129,"timestamp":"2026-09-17T01:59:10.371Z"}
{"level":"info","message":"⌛ Building environment","timeElapsed":101,"timestamp":"2026-09-17T01:59:10.473Z"}
{"level":"error","message":"✘ Completions for node Return (undefined - src/cosas.wlk) failed: Error: [Return]{8777a1} at src/cosas.wlk:-- exhausted all cases without a match [Return]{8777a1} at src/cosas.wlk:-- exhausted all cases without a match","stack":"Error: [Return]{8777a1} at src/cosas.wlk:-- exhausted all cases without a match\n    at /home/ramiro/.vscode/extensions/uqbar.wollok-lsp-ide-0.5.5/out/server/src/server.js:38:6142\n    at L2 (/home/ramiro/.vscode/extensions/uqbar.wollok-lsp-ide-0.5.5/out/server/src/server.js:2421:42)\n    at Jh (/home/ramiro/.vscode/extensions/uqbar.wollok-lsp-ide-0.5.5/out/server/src/server.js:2421:1092)\n    at w5n (/home/ramiro/.vscode/extensions/uqbar.wollok-lsp-ide-0.5.5/out/server/src/server.js:2421:1248)\n    at /home/ramiro/.vscode/extensions/uqbar.wollok-lsp-ide-0.5.5/out/server/src/server.js:38:6131\n    at L2 (/home/ramiro/.vscode/extensions/uqbar.wollok-lsp-ide-0.5.5/out/server/src/server.js:2421:42)\n    at /home/ramiro/.vscode/extensions/uqbar.wollok-lsp-ide-0.5.5/out/server/src/server.js:2421:2988\n    at /home/ramiro/.vscode/extensions/uqbar.wollok-lsp-ide-0.5.5/out/server/src/server.js:2430:8440\n    at /home/ramiro/.vscode/extensions/uqbar.wollok-lsp-ide-0.5.5/out/server/src/server.js:37:74872\n    at Ke (/home/ramiro/.vscode/extensions/uqbar.wollok-lsp-ide-0.5.5/out/server/src/server.js:7:8527)","timestamp":"2026-09-17T01:59:10.514Z"}
{"level":"info","message":"⌛ Validating src/cosas.wlk","timeElapsed":156,"timestamp":"2026-09-17T01:59:10.673Z"}
{"level":"info","message":"⌛ Building environment","timeElapsed":113,"timestamp":"2026-09-17T01:59:10.787Z"}
{"level":"error","message":"✘ Completions for node Return (undefined - src/cosas.wlk) failed: Error: [Return]{728e80} at src/cosas.wlk:-- exhausted all cases without a match [Return]{728e80} at src/cosas.wlk:-- exhausted all cases without a match","stack":"Error: [Return]{728e80} at src/cosas.wlk:-- exhausted all cases without a match\n    at /home/ramiro/.vscode/extensions/uqbar.wollok-lsp-ide-0.5.5/out/server/src/server.js:38:6142\n    at L2 (/home/ramiro/.vscode/extensions/uqbar.wollok-lsp-ide-0.5.5/out/server/src/server.js:2421:42)\n    at Jh (/home/ramiro/.vscode/extensions/uqbar.wollok-lsp-ide-0.5.5/out/server/src/server.js:2421:1092)\n    at w5n (/home/ramiro/.vscode/extensions/uqbar.wollok-lsp-ide-0.5.5/out/server/src/server.js:2421:1248)\n    at /home/ramiro/.vscode/extensions/uqbar.wollok-lsp-ide-0.5.5/out/server/src/server.js:38:6131\n    at L2 (/home/ramiro/.vscode/extensions/uqbar.wollok-lsp-ide-0.5.5/out/server/src/server.js:2421:42)\n    at /home/ramiro/.vscode/extensions/uqbar.wollok-lsp-ide-0.5.5/out/server/src/server.js:2421:2988\n    at /home/ramiro/.vscode/extensions/uqbar.wollok-lsp-ide-0.5.5/out/server/src/server.js:2430:8440\n    at /home/ramiro/.vscode/extensions/uqbar.wollok-lsp-ide-0.5.5/out/server/src/server.js:37:74872\n    at Ke (/home/ramiro/.vscode/extensions/uqbar.wollok-lsp-ide-0.5.5/out/server/src/server.js:7:8527)","timestamp":"2026-09-17T01:59:10.828Z"}
{"level":"info","message":"⌛ Building environment","timeElapsed":123,"timestamp":"2026-09-17T01:59:11.063Z"}
{"level":"info","message":"⌛ Validating src/cosas.wlk","timeElapsed":144,"timestamp":"2026-09-17T01:59:11.221Z"}
{"level":"info","message":"⌛ Validating src/cosas.wlk","timeElapsed":133,"timestamp":"2026-09-17T01:59:11.354Z"}
{"level":"info","message":"⌛ Validating src/cosas.wlk","timeElapsed":151,"timestamp":"2026-09-17T01:59:11.619Z"}
{"level":"info","message":"⌛ Validating src/cosas.wlk","timeElapsed":155,"timestamp":"2026-09-17T01:59:11.780Z"}
{"level":"info","message":"⌛ Building environment","timeElapsed":110,"timestamp":"2026-09-17T01:59:11.889Z"}
{"level":"info","message":"⌛ Building environment","timeElapsed":123,"timestamp":"2026-09-17T01:59:12.020Z"}
{"level":"info","message":"⌛ Building environment","timeElapsed":105,"timestamp":"2026-09-17T01:59:12.145Z"}
{"level":"info","message":"⌛ Validating src/cosas.wlk","timeElapsed":158,"timestamp":"2026-09-17T01:59:12.304Z"}
{"level":"info","message":"⌛ Validating src/cosas.wlk","timeElapsed":150,"timestamp":"2026-09-17T01:59:12.456Z"}
{"level":"info","message":"⌛ Validating src/cosas.wlk","timeElapsed":134,"timestamp":"2026-09-17T01:59:12.598Z"}
{"level":"info","message":"⌛ Building environment","timeElapsed":116,"timestamp":"2026-09-17T01:59:12.715Z"}
{"level":"info","message":"⌛ Validating src/cosas.wlk","timeElapsed":150,"timestamp":"2026-09-17T01:59:12.879Z"}
{"level":"info","message":"⌛ Building environment","timeElapsed":388,"timestamp":"2026-09-17T01:59:13.268Z"}
{"level":"error","message":"✘ Completions for node Return (undefined - src/cosas.wlk) failed: Error: [Return]{9ba174} at src/cosas.wlk:-- exhausted all cases without a match [Return]{9ba174} at src/cosas.wlk:-- exhausted all cases without a match","stack":"Error: [Return]{9ba174} at src/cosas.wlk:-- exhausted all cases without a match\n    at /home/ramiro/.vscode/extensions/uqbar.wollok-lsp-ide-0.5.5/out/server/src/server.js:38:6142\n    at L2 (/home/ramiro/.vscode/extensions/uqbar.wollok-lsp-ide-0.5.5/out/server/src/server.js:2421:42)\n    at Jh (/home/ramiro/.vscode/extensions/uqbar.wollok-lsp-ide-0.5.5/out/server/src/server.js:2421:1092)\n    at w5n (/home/ramiro/.vscode/extensions/uqbar.wollok-lsp-ide-0.5.5/out/server/src/server.js:2421:1248)\n    at /home/ramiro/.vscode/extensions/uqbar.wollok-lsp-ide-0.5.5/out/server/src/server.js:38:6131\n    at L2 (/home/ramiro/.vscode/extensions/uqbar.wollok-lsp-ide-0.5.5/out/server/src/server.js:2421:42)\n    at /home/ramiro/.vscode/extensions/uqbar.wollok-lsp-ide-0.5.5/out/server/src/server.js:2421:2988\n    at /home/ramiro/.vscode/extensions/uqbar.wollok-lsp-ide-0.5.5/out/server/src/server.js:2430:8440\n    at /home/ramiro/.vscode/extensions/uqbar.wollok-lsp-ide-0.5.5/out/server/src/server.js:37:74872\n    at Ke (/home/ramiro/.vscode/extensions/uqbar.wollok-lsp-ide-0.5.5/out/server/src/server.js:7:8527)","timestamp":"2026-09-17T01:59:13.320Z"}
{"level":"info","message":"⌛ Building environment","timeElapsed":106,"timestamp":"2026-09-17T01:59:13.548Z"}
{"level":"info","message":"⌛ Validating src/cosas.wlk","timeElapsed":147,"timestamp":"2026-09-17T01:59:13.829Z"}
{"level":"info","message":"⌛ Building environment","timeElapsed":101,"timestamp":"2026-09-17T01:59:13.929Z"}
{"level":"info","message":"⌛ Validating src/cosas.wlk","timeElapsed":138,"timestamp":"2026-09-17T01:59:14.074Z"}
{"level":"info","message":"⌛ Building environment","timeElapsed":932,"timestamp":"2026-09-17T01:59:15.041Z"}
{"level":"info","message":"⌛ Validating src/cosas.wlk","timeElapsed":142,"timestamp":"2026-09-17T01:59:15.191Z"}
{"level":"info","message":"⌛ Validating src/cosas.wlk","timeElapsed":137,"timestamp":"2026-09-17T01:59:15.328Z"}
{"level":"info","message":"⌛ Validating src/cosas.wlk","timeElapsed":141,"timestamp":"2026-09-17T01:59:15.570Z"}
{"level":"info","message":"⌛ Building environment","timeElapsed":169,"timestamp":"2026-09-17T01:59:15.740Z"}
{"level":"info","message":"⌛ Building environment","timeElapsed":220,"timestamp":"2026-09-17T01:59:15.982Z"}
{"level":"info","message":"⌛ Validating src/cosas.wlk","timeElapsed":164,"timestamp":"2026-09-17T01:59:16.202Z"}
{"level":"info","message":"⌛ Validating src/cosas.wlk","timeElapsed":153,"timestamp":"2026-09-17T01:59:16.354Z"}
{"level":"info","message":"⌛ Validating src/cosas.wlk","timeElapsed":137,"timestamp":"2026-09-17T01:59:16.495Z"}
{"level":"info","message":"⌛ Building environment","timeElapsed":224,"timestamp":"2026-09-17T01:59:19.813Z"}
{"level":"info","message":"⌛ Building environment","timeElapsed":102,"timestamp":"2026-09-17T01:59:19.916Z"}
{"level":"info","message":"⌛ Validating src/cosas.wlk","timeElapsed":139,"timestamp":"2026-09-17T01:59:20.105Z"}
{"level":"info","message":"⌛ Validating src/cosas.wlk","timeElapsed":136,"timestamp":"2026-09-17T01:59:20.243Z"}
{"level":"info","message":"⌛ Building environment","timeElapsed":105,"timestamp":"2026-09-17T01:59:20.348Z"}
{"level":"info","message":"⌛ Building environment","timeElapsed":103,"timestamp":"2026-09-17T01:59:20.451Z"}
{"level":"info","message":"⌛ Validating src/cosas.wlk","timeElapsed":122,"timestamp":"2026-09-17T01:59:20.624Z"}
{"level":"info","message":"⌛ Validating src/cosas.wlk","timeElapsed":122,"timestamp":"2026-09-17T01:59:20.746Z"}
{"level":"info","message":"⌛ Building environment","timeElapsed":189,"timestamp":"2026-09-17T01:59:21.188Z"}
{"level":"info","message":"⌛ Validating src/cosas.wlk","timeElapsed":203,"timestamp":"2026-09-17T01:59:21.454Z"}
{"level":"info","message":"⌛ Building environment","timeElapsed":192,"timestamp":"2026-09-17T01:59:22.759Z"}
{"level":"info","message":"⌛ Building environment","timeElapsed":108,"timestamp":"2026-09-17T01:59:22.884Z"}
{"level":"info","message":"⌛ Validating src/cosas.wlk","timeElapsed":141,"timestamp":"2026-09-17T01:59:23.038Z"}
{"level":"info","message":"⌛ Validating src/cosas.wlk","timeElapsed":145,"timestamp":"2026-09-17T01:59:23.290Z"}
{"level":"info","message":"⌛ Validating src/cosas.wlk","timeElapsed":138,"timestamp":"2026-09-17T01:59:23.429Z"}
{"level":"info","message":"⌛ Building environment","timeElapsed":173,"timestamp":"2026-09-17T01:59:25.763Z"}
{"level":"info","message":"⌛ Validating src/cosas.wlk","timeElapsed":132,"timestamp":"2026-09-17T01:59:25.907Z"}
{"level":"info","message":"⌛ Building environment","timeElapsed":177,"timestamp":"2026-09-17T01:59:40.704Z"}
{"level":"info","message":"⌛ Validating src/cosas.wlk","timeElapsed":164,"timestamp":"2026-09-17T01:59:40.872Z"}
{"level":"info","message":"⌛ Validating src/cosas.wlk","timeElapsed":133,"timestamp":"2026-09-17T01:59:41.102Z"}
{"level":"info","message":"⌛ Validating src/cosas.wlk","timeElapsed":137,"timestamp":"2026-09-17T01:59:41.352Z"}
{"level":"info","message":"⌛ Building environment","timeElapsed":202,"timestamp":"2026-09-17T01:59:41.554Z"}
{"level":"info","message":"⌛ Building environment","timeElapsed":107,"timestamp":"2026-09-17T01:59:41.668Z"}
{"level":"info","message":"⌛ Validating src/cosas.wlk","timeElapsed":155,"timestamp":"2026-09-17T01:59:41.838Z"}
{"level":"info","message":"⌛ Validating src/cosas.wlk","timeElapsed":150,"timestamp":"2026-09-17T01:59:42.090Z"}
{"level":"info","message":"⌛ Building environment","timeElapsed":101,"timestamp":"2026-09-17T01:59:42.191Z"}
{"level":"info","message":"⌛ Validating src/cosas.wlk","timeElapsed":139,"timestamp":"2026-09-17T01:59:42.338Z"}
{"level":"info","message":"⌛ Validating src/cosas.wlk","timeElapsed":140,"timestamp":"2026-09-17T01:59:42.581Z"}
{"level":"info","message":"⌛ Validating src/cosas.wlk","timeElapsed":128,"timestamp":"2026-09-17T01:59:42.714Z"}
{"level":"info","message":"⌛ Building environment","timeElapsed":186,"timestamp":"2026-09-17T01:59:48.460Z"}
{"level":"info","message":"⌛ Building environment","timeElapsed":112,"timestamp":"2026-09-17T01:59:48.613Z"}
{"level":"info","message":"⌛ Validating src/cosas.wlk","timeElapsed":160,"timestamp":"2026-09-17T01:59:48.787Z"}
{"level":"info","message":"⌛ Validating src/cosas.wlk","timeElapsed":137,"timestamp":"2026-09-17T01:59:49.048Z"}
{"level":"info","message":"⌛ Validating src/cosas.wlk","timeElapsed":116,"timestamp":"2026-09-17T01:59:49.372Z"}
{"level":"info","message":"⌛ Validating src/cosas.wlk","timeElapsed":122,"timestamp":"2026-09-17T01:59:49.501Z"}
{"level":"info","message":"⌛ Validating src/cosas.wlk","timeElapsed":111,"timestamp":"2026-09-17T01:59:49.614Z"}
{"level":"info","message":"⌛ Building environment","timeElapsed":163,"timestamp":"2026-09-17T01:59:49.996Z"}
{"level":"info","message":"⌛ Validating src/cosas.wlk","timeElapsed":146,"timestamp":"2026-09-17T01:59:50.287Z"}
{"level":"info","message":"⌛ Validating src/cosas.wlk","timeElapsed":115,"timestamp":"2026-09-17T01:59:50.402Z"}
{"level":"info","message":"⌛ Building environment","timeElapsed":115,"timestamp":"2026-09-17T01:59:50.562Z"}
{"level":"info","message":"⌛ Validating src/cosas.wlk","timeElapsed":205,"timestamp":"2026-09-17T01:59:50.924Z"}
{"level":"info","message":"⌛ Validating src/cosas.wlk","timeElapsed":117,"timestamp":"2026-09-17T01:59:51.042Z"}
{"level":"info","message":"⌛ Building environment","timeElapsed":218,"timestamp":"2026-09-17T01:59:51.402Z"}
{"level":"info","message":"⌛ Validating src/cosas.wlk","timeElapsed":138,"timestamp":"2026-09-17T01:59:51.578Z"}
{"level":"info","message":"⌛ Building environment","timeElapsed":212,"timestamp":"2026-09-17T01:59:53.754Z"}
{"level":"info","message":"⌛ Building environment","timeElapsed":144,"timestamp":"2026-09-17T01:59:53.899Z"}
{"level":"info","message":"⌛ Validating src/cosas.wlk","timeElapsed":148,"timestamp":"2026-09-17T01:59:54.057Z"}
{"level":"info","message":"⌛ Validating src/cosas.wlk","timeElapsed":139,"timestamp":"2026-09-17T01:59:54.291Z"}
{"level":"info","message":"⌛ Validating src/cosas.wlk","timeElapsed":130,"timestamp":"2026-09-17T01:59:54.426Z"}
{"level":"info","message":"⌛ Building environment","timeElapsed":179,"timestamp":"2026-09-17T01:59:56.026Z"}
{"level":"info","message":"⌛ Validating src/cosas.wlk","timeElapsed":158,"timestamp":"2026-09-17T01:59:56.187Z"}
{"level":"info","message":"⌛ Building environment","timeElapsed":110,"timestamp":"2026-09-17T01:59:56.303Z"}
{"level":"info","message":"⌛ Validating src/cosas.wlk","timeElapsed":167,"timestamp":"2026-09-17T01:59:56.503Z"}
{"level":"info","message":"⌛ Building environment","timeElapsed":142,"timestamp":"2026-09-17T01:59:56.646Z"}
{"level":"info","message":"⌛ Building environment","timeElapsed":122,"timestamp":"2026-09-17T01:59:56.801Z"}
{"level":"info","message":"⌛ Validating src/cosas.wlk","timeElapsed":140,"timestamp":"2026-09-17T01:59:56.942Z"}
{"level":"info","message":"⌛ Building environment","timeElapsed":104,"timestamp":"2026-09-17T01:59:57.047Z"}
{"level":"info","message":"⌛ Validating src/cosas.wlk","timeElapsed":127,"timestamp":"2026-09-17T01:59:57.204Z"}
{"level":"info","message":"⌛ Validating src/cosas.wlk","timeElapsed":134,"timestamp":"2026-09-17T01:59:57.343Z"}
{"level":"info","message":"⌛ Building environment","timeElapsed":173,"timestamp":"2026-09-17T01:59:57.708Z"}
{"level":"info","message":"⌛ Validating src/cosas.wlk","timeElapsed":143,"timestamp":"2026-09-17T01:59:57.854Z"}
{"level":"info","message":"⌛ Building environment","timeElapsed":212,"timestamp":"2026-09-17T02:00:01.221Z"}
{"level":"info","message":"⌛ Validating src/cosas.wlk","timeElapsed":181,"timestamp":"2026-09-17T02:00:01.406Z"}
{"level":"info","message":"⌛ Validating src/cosas.wlk","timeElapsed":147,"timestamp":"2026-09-17T02:00:01.689Z"}
{"level":"info","message":"⌛ Building environment","timeElapsed":172,"timestamp":"2026-09-17T02:00:02.194Z"}
{"level":"info","message":"⌛ Validating src/cosas.wlk","timeElapsed":148,"timestamp":"2026-09-17T02:00:02.344Z"}
{"level":"info","message":"⌛ Building environment","timeElapsed":174,"timestamp":"2026-09-17T02:00:03.103Z"}
{"level":"info","message":"⌛ Building environment","timeElapsed":109,"timestamp":"2026-09-17T02:00:03.255Z"}
{"level":"info","message":"⌛ Validating src/cosas.wlk","timeElapsed":150,"timestamp":"2026-09-17T02:00:03.418Z"}
{"level":"info","message":"⌛ Validating src/cosas.wlk","timeElapsed":156,"timestamp":"2026-09-17T02:00:03.574Z"}
{"level":"info","message":"⌛ Building environment","timeElapsed":124,"timestamp":"2026-09-17T02:00:03.698Z"}
{"level":"info","message":"⌛ Validating src/cosas.wlk","timeElapsed":151,"timestamp":"2026-09-17T02:00:03.863Z"}
{"level":"info","message":"⌛ Building environment","timeElapsed":261,"timestamp":"2026-09-17T02:00:05.251Z"}
{"level":"info","message":"⌛ Building environment","timeElapsed":112,"timestamp":"2026-09-17T02:00:05.372Z"}
{"level":"info","message":"⌛ Validating src/cosas.wlk","timeElapsed":161,"timestamp":"2026-09-17T02:00:05.544Z"}
{"level":"info","message":"⌛ Validating src/cosas.wlk","timeElapsed":154,"timestamp":"2026-09-17T02:00:05.699Z"}
{"level":"info","message":"⌛ Building environment","timeElapsed":110,"timestamp":"2026-09-17T02:00:05.916Z"}
{"level":"info","message":"⌛ Validating src/cosas.wlk","timeElapsed":130,"timestamp":"2026-09-17T02:00:06.057Z"}
{"level":"info","message":"⌛ Validating src/cosas.wlk","timeElapsed":139,"timestamp":"2026-09-17T02:00:06.201Z"}
{"level":"info","message":"⌛ Building environment","timeElapsed":175,"timestamp":"2026-09-17T02:00:06.905Z"}
{"level":"info","message":"⌛ Validating src/cosas.wlk","timeElapsed":145,"timestamp":"2026-09-17T02:00:07.058Z"}
{"level":"info","message":"⌛ Building environment","timeElapsed":184,"timestamp":"2026-09-17T02:00:07.538Z"}
{"level":"info","message":"⌛ Validating src/cosas.wlk","timeElapsed":152,"timestamp":"2026-09-17T02:00:07.701Z"}
{"level":"info","message":"⌛ Building environment","timeElapsed":180,"timestamp":"2026-09-17T02:00:13.608Z"}
{"level":"info","message":"⌛ Validating src/cosas.wlk","timeElapsed":130,"timestamp":"2026-09-17T02:00:13.745Z"}
{"level":"info","message":"⌛ Building environment","timeElapsed":172,"timestamp":"2026-09-17T02:00:14.663Z"}
{"level":"info","message":"⌛ Validating src/cosas.wlk","timeElapsed":135,"timestamp":"2026-09-17T02:00:14.806Z"}
{"level":"info","message":"⌛ Building environment","timeElapsed":168,"timestamp":"2026-09-17T02:00:16.382Z"}
{"level":"info","message":"⌛ Validating src/cosas.wlk","timeElapsed":150,"timestamp":"2026-09-17T02:00:16.541Z"}
{"level":"info","message":"⌛ Building environment","timeElapsed":171,"timestamp":"2026-09-17T02:00:16.923Z"}
{"level":"info","message":"⌛ Validating src/cosas.wlk","timeElapsed":140,"timestamp":"2026-09-17T02:00:17.104Z"}
{"level":"info","message":"⌛ Building environment","timeElapsed":173,"timestamp":"2026-09-17T02:00:18.544Z"}
{"level":"info","message":"⌛ Validating src/cosas.wlk","timeElapsed":141,"timestamp":"2026-09-17T02:00:18.687Z"}
{"level":"info","message":"⌛ Building environment","timeElapsed":166,"timestamp":"2026-09-17T02:00:18.952Z"}
{"level":"info","message":"⌛ Validating src/cosas.wlk","timeElapsed":140,"timestamp":"2026-09-17T02:00:19.102Z"}
{"level":"info","message":"⌛ Building environment","timeElapsed":204,"timestamp":"2026-09-17T02:00:19.557Z"}
{"level":"info","message":"⌛ Validating src/cosas.wlk","timeElapsed":177,"timestamp":"2026-09-17T02:00:19.745Z"}
{"level":"info","message":"⌛ Building environment","timeElapsed":128,"timestamp":"2026-09-17T02:00:19.875Z"}
{"level":"info","message":"⌛ Building environment","timeElapsed":108,"timestamp":"2026-09-17T02:00:19.984Z"}
{"level":"info","message":"⌛ Validating src/cosas.wlk","timeElapsed":172,"timestamp":"2026-09-17T02:00:20.157Z"}
{"level":"info","message":"⌛ Validating src/cosas.wlk","timeElapsed":134,"timestamp":"2026-09-17T02:00:20.292Z"}
{"level":"info","message":"⌛ Building environment","timeElapsed":196,"timestamp":"2026-09-17T02:00:20.519Z"}
{"level":"info","message":"⌛ Validating src/cosas.wlk","timeElapsed":188,"timestamp":"2026-09-17T02:00:20.711Z"}
{"level":"info","message":"⌛ Building environment","timeElapsed":105,"timestamp":"2026-09-17T02:00:20.822Z"}
{"level":"info","message":"⌛ Validating src/cosas.wlk","timeElapsed":149,"timestamp":"2026-09-17T02:00:20.984Z"}
{"level":"info","message":"⌛ Building environment","timeElapsed":214,"timestamp":"2026-09-17T02:00:22.051Z"}
{"level":"info","message":"⌛ Validating src/cosas.wlk","timeElapsed":154,"timestamp":"2026-09-17T02:00:22.210Z"}
{"level":"info","message":"⌛ Building environment","timeElapsed":174,"timestamp":"2026-09-17T02:00:27.014Z"}
{"level":"info","message":"⌛ Validating src/cosas.wlk","timeElapsed":148,"timestamp":"2026-09-17T02:00:27.164Z"}
{"level":"info","message":"⌛ Building environment","timeElapsed":196,"timestamp":"2026-09-17T02:00:28.489Z"}
{"level":"info","message":"⌛ Validating src/cosas.wlk","timeElapsed":152,"timestamp":"2026-09-17T02:00:28.644Z"}
{"level":"info","message":"⌛ Building environment","timeElapsed":170,"timestamp":"2026-09-17T02:00:30.190Z"}
{"level":"info","message":"⌛ Validating src/cosas.wlk","timeElapsed":151,"timestamp":"2026-09-17T02:00:30.344Z"}
{"level":"info","message":"⌛ Building environment","timeElapsed":200,"timestamp":"2026-09-17T02:00:31.648Z"}
{"level":"info","message":"⌛ Building environment","timeElapsed":115,"timestamp":"2026-09-17T02:00:31.764Z"}
{"level":"info","message":"⌛ Validating src/cosas.wlk","timeElapsed":152,"timestamp":"2026-09-17T02:00:31.954Z"}
{"level":"info","message":"⌛ Building environment","timeElapsed":110,"timestamp":"2026-09-17T02:00:32.063Z"}
{"level":"info","message":"⌛ Validating src/cosas.wlk","timeElapsed":150,"timestamp":"2026-09-17T02:00:32.214Z"}
{"level":"info","message":"⌛ Building environment","timeElapsed":102,"timestamp":"2026-09-17T02:00:32.317Z"}
{"level":"info","message":"⌛ Validating src/cosas.wlk","timeElapsed":144,"timestamp":"2026-09-17T02:00:32.469Z"}
{"level":"info","message":"⌛ Validating src/cosas.wlk","timeElapsed":128,"timestamp":"2026-09-17T02:00:32.837Z"}
{"level":"info","message":"⌛ Validating src/cosas.wlk","timeElapsed":148,"timestamp":"2026-09-17T02:00:32.989Z"}
{"level":"info","message":"⌛ Validating src/cosas.wlk","timeElapsed":135,"timestamp":"2026-09-17T02:00:33.125Z"}
{"level":"info","message":"⌛ Building environment","timeElapsed":200,"timestamp":"2026-09-17T02:00:33.328Z"}
{"level":"info","message":"⌛ Validating src/cosas.wlk","timeElapsed":140,"timestamp":"2026-09-17T02:00:33.483Z"}
{"level":"info","message":"⌛ Building environment","timeElapsed":174,"timestamp":"2026-09-17T02:00:34.631Z"}
{"level":"info","message":"⌛ Validating src/cosas.wlk","timeElapsed":132,"timestamp":"2026-09-17T02:00:34.795Z"}
{"level":"info","message":"⌛ Building environment","timeElapsed":173,"timestamp":"2026-09-17T02:00:35.072Z"}
{"level":"info","message":"⌛ Building environment","timeElapsed":118,"timestamp":"2026-09-17T02:00:35.203Z"}
{"level":"info","message":"⌛ Validating src/cosas.wlk","timeElapsed":161,"timestamp":"2026-09-17T02:00:35.364Z"}
{"level":"info","message":"⌛ Validating src/cosas.wlk","timeElapsed":159,"timestamp":"2026-09-17T02:00:35.665Z"}
{"level":"info","message":"⌛ Building environment","timeElapsed":108,"timestamp":"2026-09-17T02:00:35.773Z"}
{"level":"info","message":"⌛ Building environment","timeElapsed":112,"timestamp":"2026-09-17T02:00:35.901Z"}
{"level":"info","message":"⌛ Validating src/cosas.wlk","timeElapsed":141,"timestamp":"2026-09-17T02:00:36.057Z"}
{"level":"info","message":"⌛ Building environment","timeElapsed":115,"timestamp":"2026-09-17T02:00:36.306Z"}
{"level":"info","message":"⌛ Validating src/cosas.wlk","timeElapsed":147,"timestamp":"2026-09-17T02:00:36.483Z"}
{"level":"info","message":"⌛ Validating src/cosas.wlk","timeElapsed":162,"timestamp":"2026-09-17T02:00:36.644Z"}
{"level":"info","message":"⌛ Validating src/cosas.wlk","timeElapsed":158,"timestamp":"2026-09-17T02:00:36.807Z"}
{"level":"info","message":"⌛ Validating src/cosas.wlk","timeElapsed":150,"timestamp":"2026-09-17T02:00:36.961Z"}
{"level":"info","message":"⌛ Building environment","timeElapsed":120,"timestamp":"2026-09-17T02:00:37.085Z"}
{"level":"info","message":"⌛ Building environment","timeElapsed":107,"timestamp":"2026-09-17T02:00:37.228Z"}
{"level":"info","message":"⌛ Building environment","timeElapsed":105,"timestamp":"2026-09-17T02:00:37.334Z"}
{"level":"info","message":"⌛ Building environment","timeElapsed":105,"timestamp":"2026-09-17T02:00:37.453Z"}
{"level":"info","message":"⌛ Validating src/cosas.wlk","timeElapsed":143,"timestamp":"2026-09-17T02:00:37.609Z"}
{"level":"info","message":"⌛ Building environment","timeElapsed":157,"timestamp":"2026-09-17T02:00:37.854Z"}
{"level":"info","message":"⌛ Validating src/cosas.wlk","timeElapsed":179,"timestamp":"2026-09-17T02:00:38.033Z"}
{"level":"info","message":"⌛ Validating src/cosas.wlk","timeElapsed":216,"timestamp":"2026-09-17T02:00:38.280Z"}
{"level":"info","message":"⌛ Validating src/cosas.wlk","timeElapsed":268,"timestamp":"2026-09-17T02:00:38.549Z"}
{"level":"info","message":"⌛ Validating src/cosas.wlk","timeElapsed":166,"timestamp":"2026-09-17T02:00:38.720Z"}
{"level":"info","message":"⌛ Building environment","timeElapsed":108,"timestamp":"2026-09-17T02:00:38.832Z"}
{"level":"info","message":"⌛ Building environment","timeElapsed":110,"timestamp":"2026-09-17T02:00:38.948Z"}
{"level":"info","message":"⌛ Building environment","timeElapsed":124,"timestamp":"2026-09-17T02:00:39.092Z"}
{"level":"info","message":"⌛ Validating src/cosas.wlk","timeElapsed":176,"timestamp":"2026-09-17T02:00:39.286Z"}
{"level":"info","message":"⌛ Validating src/cosas.wlk","timeElapsed":161,"timestamp":"2026-09-17T02:00:39.555Z"}
{"level":"info","message":"⌛ Validating src/cosas.wlk","timeElapsed":136,"timestamp":"2026-09-17T02:00:39.728Z"}
{"level":"info","message":"⌛ Building environment","timeElapsed":126,"timestamp":"2026-09-17T02:00:39.858Z"}
{"level":"info","message":"⌛ Validating src/cosas.wlk","timeElapsed":145,"timestamp":"2026-09-17T02:00:40.015Z"}
{"level":"info","message":"⌛ Building environment","timeElapsed":102,"timestamp":"2026-09-17T02:00:40.118Z"}
{"level":"info","message":"⌛ Building environment","timeElapsed":110,"timestamp":"2026-09-17T02:00:40.238Z"}
{"level":"info","message":"⌛ Building environment","timeElapsed":103,"timestamp":"2026-09-17T02:00:40.353Z"}
{"level":"info","message":"⌛ Validating src/cosas.wlk","timeElapsed":157,"timestamp":"2026-09-17T02:00:40.570Z"}
{"level":"info","message":"⌛ Validating src/cosas.wlk","timeElapsed":151,"timestamp":"2026-09-17T02:00:40.722Z"}
{"level":"info","message":"⌛ Validating src/cosas.wlk","timeElapsed":167,"timestamp":"2026-09-17T02:00:40.890Z"}
{"level":"info","message":"⌛ Validating src/cosas.wlk","timeElapsed":133,"timestamp":"2026-09-17T02:00:41.027Z"}
{"level":"info","message":"⌛ Building environment","timeElapsed":143,"timestamp":"2026-09-17T02:00:41.171Z"}
{"level":"info","message":"⌛ Validating src/cosas.wlk","timeElapsed":154,"timestamp":"2026-09-17T02:00:41.333Z"}
{"level":"info","message":"⌛ Building environment","timeElapsed":197,"timestamp":"2026-09-17T02:00:43.915Z"}
{"level":"info","message":"⌛ Building environment","timeElapsed":133,"timestamp":"2026-09-17T02:00:44.085Z"}
{"level":"info","message":"⌛ Validating src/cosas.wlk","timeElapsed":144,"timestamp":"2026-09-17T02:00:44.230Z"}
{"level":"info","message":"⌛ Building environment","timeElapsed":104,"timestamp":"2026-09-17T02:00:44.335Z"}
{"level":"info","message":"⌛ Validating src/cosas.wlk","timeElapsed":133,"timestamp":"2026-09-17T02:00:44.468Z"}
{"level":"info","message":"⌛ Validating src/cosas.wlk","timeElapsed":130,"timestamp":"2026-09-17T02:00:44.603Z"}
{"level":"info","message":"⌛ Building environment","timeElapsed":199,"timestamp":"2026-09-17T02:00:45.603Z"}
{"level":"info","message":"⌛ Building environment","timeElapsed":101,"timestamp":"2026-09-17T02:00:45.705Z"}
{"level":"info","message":"⌛ Validating src/cosas.wlk","timeElapsed":166,"timestamp":"2026-09-17T02:00:45.886Z"}
{"level":"info","message":"⌛ Validating src/cosas.wlk","timeElapsed":136,"timestamp":"2026-09-17T02:00:46.022Z"}
{"level":"info","message":"⌛ Validating src/cosas.wlk","timeElapsed":140,"timestamp":"2026-09-17T02:00:46.278Z"}
{"level":"info","message":"⌛ Building environment","timeElapsed":214,"timestamp":"2026-09-17T02:00:47.017Z"}
{"level":"info","message":"⌛ Building environment","timeElapsed":119,"timestamp":"2026-09-17T02:00:47.143Z"}
{"level":"info","message":"⌛ Validating src/cosas.wlk","timeElapsed":148,"timestamp":"2026-09-17T02:00:47.305Z"}
{"level":"info","message":"⌛ Validating src/cosas.wlk","timeElapsed":138,"timestamp":"2026-09-17T02:00:47.443Z"}
{"level":"info","message":"⌛ Building environment","timeElapsed":167,"timestamp":"2026-09-17T02:00:47.667Z"}
{"level":"info","message":"⌛ Validating src/cosas.wlk","timeElapsed":156,"timestamp":"2026-09-17T02:00:47.831Z"}
{"level":"info","message":"⌛ Building environment","timeElapsed":201,"timestamp":"2026-09-17T02:00:54.246Z"}
{"level":"info","message":"⌛ Building environment","timeElapsed":108,"timestamp":"2026-09-17T02:00:54.354Z"}
{"level":"error","message":"✘ Completions for node Literal ([38:28, 38:33] - src/cosas.wlk) failed: Error: false [Literal]{19fd9f} at src/cosas.wlk:38 exhausted all cases without a match false [Literal]{19fd9f} at src/cosas.wlk:38 exhausted all cases without a match","stack":"Error: false [Literal]{19fd9f} at src/cosas.wlk:38 exhausted all cases without a match\n    at /home/ramiro/.vscode/extensions/uqbar.wollok-lsp-ide-0.5.5/out/server/src/server.js:38:6142\n    at L2 (/home/ramiro/.vscode/extensions/uqbar.wollok-lsp-ide-0.5.5/out/server/src/server.js:2421:42)\n    at /home/ramiro/.vscode/extensions/uqbar.wollok-lsp-ide-0.5.5/out/server/src/server.js:2421:2988\n    at /home/ramiro/.vscode/extensions/uqbar.wollok-lsp-ide-0.5.5/out/server/src/server.js:2430:8440\n    at /home/ramiro/.vscode/extensions/uqbar.wollok-lsp-ide-0.5.5/out/server/src/server.js:37:74872\n    at Ke (/home/ramiro/.vscode/extensions/uqbar.wollok-lsp-ide-0.5.5/out/server/src/server.js:7:8527)\n    at It (/home/ramiro/.vscode/extensions/uqbar.wollok-lsp-ide-0.5.5/out/server/src/server.js:7:6189)\n    at et (/home/ramiro/.vscode/extensions/uqbar.wollok-lsp-ide-0.5.5/out/server/src/server.js:7:6378)\n    at Immediate._onImmediate (/home/ramiro/.vscode/extensions/uqbar.wollok-lsp-ide-0.5.5/out/server/src/server.js:7:6142)\n    at process.processImmediate (node:internal/timers:504:21)","timestamp":"2026-09-17T02:00:54.402Z"}
{"level":"info","message":"⌛ Validating src/cosas.wlk","timeElapsed":119,"timestamp":"2026-09-17T02:00:54.522Z"}
{"level":"info","message":"⌛ Validating src/cosas.wlk","timeElapsed":115,"timestamp":"2026-09-17T02:00:54.638Z"}
{"level":"info","message":"⌛ Building environment","timeElapsed":367,"timestamp":"2026-09-17T02:01:03.898Z"}
{"level":"info","message":"⌛ Building environment","timeElapsed":104,"timestamp":"2026-09-17T02:01:04.003Z"}
{"level":"info","message":"⌛ Building environment","timeElapsed":106,"timestamp":"2026-09-17T02:01:04.119Z"}
{"level":"info","message":"⌛ Validating src/cosas.wlk","timeElapsed":123,"timestamp":"2026-09-17T02:01:04.243Z"}
{"level":"info","message":"⌛ Validating src/cosas.wlk","timeElapsed":121,"timestamp":"2026-09-17T02:01:04.364Z"}
{"level":"info","message":"⌛ Validating src/cosas.wlk","timeElapsed":122,"timestamp":"2026-09-17T02:01:04.494Z"}
{"level":"info","message":"⌛ Building environment","timeElapsed":167,"timestamp":"2026-09-17T02:01:11.531Z"}
{"level":"info","message":"⌛ Validating src/cosas.wlk","timeElapsed":140,"timestamp":"2026-09-17T02:01:11.674Z"}
{"level":"info","message":"⌛ Building environment","timeElapsed":185,"timestamp":"2026-09-17T02:01:12.718Z"}
{"level":"info","message":"⌛ Validating src/cosas.wlk","timeElapsed":143,"timestamp":"2026-09-17T02:01:12.865Z"}
{"level":"info","message":"⌛ Building environment","timeElapsed":169,"timestamp":"2026-09-17T02:01:13.973Z"}
{"level":"info","message":"⌛ Validating src/cosas.wlk","timeElapsed":141,"timestamp":"2026-09-17T02:01:14.117Z"}
{"level":"info","message":"⌛ Building environment","timeElapsed":185,"timestamp":"2026-09-17T02:01:14.406Z"}
{"level":"info","message":"⌛ Validating src/cosas.wlk","timeElapsed":154,"timestamp":"2026-09-17T02:01:14.561Z"}
{"level":"info","message":"⌛ Building environment","timeElapsed":195,"timestamp":"2026-09-17T02:01:16.688Z"}
{"level":"info","message":"⌛ Validating src/cosas.wlk","timeElapsed":207,"timestamp":"2026-09-17T02:01:16.901Z"}
{"level":"info","message":"⌛ Building environment","timeElapsed":217,"timestamp":"2026-09-17T02:01:17.883Z"}
{"level":"info","message":"⌛ Validating src/cosas.wlk","timeElapsed":143,"timestamp":"2026-09-17T02:01:18.029Z"}
{"level":"info","message":"⌛ Building environment","timeElapsed":203,"timestamp":"2026-09-17T02:01:19.057Z"}
{"level":"info","message":"⌛ Building environment","timeElapsed":119,"timestamp":"2026-09-17T02:01:19.210Z"}
{"level":"info","message":"⌛ Validating src/cosas.wlk","timeElapsed":163,"timestamp":"2026-09-17T02:01:19.373Z"}
{"level":"info","message":"⌛ Validating src/cosas.wlk","timeElapsed":144,"timestamp":"2026-09-17T02:01:19.518Z"}
{"level":"info","message":"⌛ Building environment","timeElapsed":123,"timestamp":"2026-09-17T02:01:19.648Z"}
{"level":"info","message":"⌛ Validating src/cosas.wlk","timeElapsed":148,"timestamp":"2026-09-17T02:01:19.804Z"}
{"level":"info","message":"⌛ Building environment","timeElapsed":211,"timestamp":"2026-09-17T02:01:20.352Z"}
{"level":"info","message":"⌛ Validating src/cosas.wlk","timeElapsed":144,"timestamp":"2026-09-17T02:01:20.506Z"}
{"level":"info","message":"⌛ Building environment","timeElapsed":177,"timestamp":"2026-09-17T02:01:26.694Z"}
{"level":"info","message":"⌛ Validating src/cosas.wlk","timeElapsed":146,"timestamp":"2026-09-17T02:01:26.849Z"}
{"level":"info","message":"⌛ Validating src/cosas.wlk","timeElapsed":134,"timestamp":"2026-09-17T02:01:27.091Z"}
{"level":"info","message":"⌛ Building environment","timeElapsed":132,"timestamp":"2026-09-17T02:01:27.279Z"}
{"level":"info","message":"⌛ Validating src/cosas.wlk","timeElapsed":139,"timestamp":"2026-09-17T02:01:27.425Z"}
{"level":"error","message":"✘ Failed to rebuild document Failed to parse src/cosas.wlk: \n-- PARSING FAILED --------------------------------------------------\n\n  41 | \t  \n  42 | \t}\n> 43 | }\n     | ^\n\nExpected one of the following: \n\n'@', 'class', 'const', 'describe', 'mixin', 'object', 'only', 'package', 'program', 'test', 'var', '{', EOF, comment, not \"}\", whitespace\n","stack":"Error: Failed to parse src/cosas.wlk: \n-- PARSING FAILED --------------------------------------------------\n\n  41 | \t  \n  42 | \t}\n> 43 | }\n     | ^\n\nExpected one of the following: \n\n'@', 'class', 'const', 'describe', 'mixin', 'object', 'only', 'package', 'program', 'test', 'var', '{', EOF, comment, not \"}\", whitespace\n\n    at /home/ramiro/.vscode/extensions/uqbar.wollok-lsp-ide-0.5.5/out/server/src/server.js:2385:13026\n    at Array.map (<anonymous>)\n    at z1n (/home/ramiro/.vscode/extensions/uqbar.wollok-lsp-ide-0.5.5/out/server/src/server.js:2385:12950)\n    at H2.buildEnvironmentFrom (/home/ramiro/.vscode/extensions/uqbar.wollok-lsp-ide-0.5.5/out/server/src/server.js:2430:5254)\n    at H2.updateEnvironmentWith (/home/ramiro/.vscode/extensions/uqbar.wollok-lsp-ide-0.5.5/out/server/src/server.js:2430:4989)\n    at QF (/home/ramiro/.vscode/extensions/uqbar.wollok-lsp-ide-0.5.5/out/server/src/server.js:2430:7383)\n    at V3.invoke (/home/ramiro/.vscode/extensions/uqbar.wollok-lsp-ide-0.5.5/out/server/src/server.js:3:157330)\n    at o.fire (/home/ramiro/.vscode/extensions/uqbar.wollok-lsp-ide-0.5.5/out/server/src/server.js:3:158100)\n    at /home/ramiro/.vscode/extensions/uqbar.wollok-lsp-ide-0.5.5/out/server/src/server.js:37:57871\n    at nd (/home/ramiro/.vscode/extensions/uqbar.wollok-lsp-ide-0.5.5/out/server/src/server.js:8:1561)","timestamp":"2026-09-17T02:01:28.370Z"}
{"level":"info","message":"⌛ Building environment","timeElapsed":181,"timestamp":"2026-09-17T02:01:29.210Z"}
{"level":"info","message":"⌛ Validating src/cosas.wlk","timeElapsed":155,"timestamp":"2026-09-17T02:01:29.405Z"}
{"level":"info","message":"⌛ Building environment","timeElapsed":190,"timestamp":"2026-09-17T02:01:29.822Z"}
{"level":"info","message":"⌛ Validating src/cosas.wlk","timeElapsed":285,"timestamp":"2026-09-17T02:01:30.160Z"}
{"level":"info","message":"⌛ Building environment","timeElapsed":138,"timestamp":"2026-09-17T02:01:30.302Z"}
{"level":"info","message":"⌛ Building environment","timeElapsed":117,"timestamp":"2026-09-17T02:01:30.457Z"}
{"level":"info","message":"⌛ Building environment","timeElapsed":112,"timestamp":"2026-09-17T02:01:30.570Z"}
{"level":"info","message":"⌛ Validating src/cosas.wlk","timeElapsed":144,"timestamp":"2026-09-17T02:01:30.715Z"}
{"level":"info","message":"⌛ Validating src/cosas.wlk","timeElapsed":136,"timestamp":"2026-09-17T02:01:30.851Z"}
{"level":"info","message":"⌛ Validating src/cosas.wlk","timeElapsed":136,"timestamp":"2026-09-17T02:01:31.001Z"}
{"level":"info","message":"⌛ Building environment","timeElapsed":125,"timestamp":"2026-09-17T02:01:31.127Z"}
{"level":"info","message":"⌛ Building environment","timeElapsed":112,"timestamp":"2026-09-17T02:01:31.274Z"}
{"level":"info","message":"⌛ Validating src/cosas.wlk","timeElapsed":144,"timestamp":"2026-09-17T02:01:31.418Z"}
{"level":"info","message":"⌛ Validating src/cosas.wlk","timeElapsed":148,"timestamp":"2026-09-17T02:01:31.567Z"}
{"level":"info","message":"⌛ Building environment","timeElapsed":239,"timestamp":"2026-09-17T02:01:31.813Z"}
{"level":"info","message":"⌛ Building environment","timeElapsed":121,"timestamp":"2026-09-17T02:01:31.985Z"}
{"level":"info","message":"⌛ Validating src/cosas.wlk","timeElapsed":162,"timestamp":"2026-09-17T02:01:32.147Z"}
{"level":"info","message":"⌛ Building environment","timeElapsed":125,"timestamp":"2026-09-17T02:01:32.272Z"}
{"level":"info","message":"⌛ Validating src/cosas.wlk","timeElapsed":157,"timestamp":"2026-09-17T02:01:32.466Z"}
{"level":"info","message":"⌛ Building environment","timeElapsed":111,"timestamp":"2026-09-17T02:01:32.683Z"}
{"level":"info","message":"⌛ Validating src/cosas.wlk","timeElapsed":167,"timestamp":"2026-09-17T02:01:32.862Z"}
{"level":"info","message":"⌛ Building environment","timeElapsed":103,"timestamp":"2026-09-17T02:01:32.966Z"}
{"level":"info","message":"⌛ Validating src/cosas.wlk","timeElapsed":148,"timestamp":"2026-09-17T02:01:33.155Z"}
{"level":"info","message":"⌛ Validating src/cosas.wlk","timeElapsed":154,"timestamp":"2026-09-17T02:01:33.413Z"}
{"level":"info","message":"⌛ Validating src/cosas.wlk","timeElapsed":126,"timestamp":"2026-09-17T02:01:33.546Z"}
{"level":"info","message":"⌛ Validating src/cosas.wlk","timeElapsed":125,"timestamp":"2026-09-17T02:01:33.818Z"}
{"level":"info","message":"⌛ Building environment","timeElapsed":140,"timestamp":"2026-09-17T02:01:33.962Z"}
{"level":"info","message":"⌛ Validating src/cosas.wlk","timeElapsed":144,"timestamp":"2026-09-17T02:01:34.142Z"}
{"level":"info","message":"⌛ Building environment","timeElapsed":110,"timestamp":"2026-09-17T02:01:34.252Z"}
{"level":"info","message":"⌛ Validating src/cosas.wlk","timeElapsed":151,"timestamp":"2026-09-17T02:01:34.410Z"}
{"level":"info","message":"⌛ Validating src/cosas.wlk","timeElapsed":190,"timestamp":"2026-09-17T02:01:34.849Z"}
{"level":"info","message":"⌛ Validating src/cosas.wlk","timeElapsed":130,"timestamp":"2026-09-17T02:01:34.983Z"}
{"level":"info","message":"⌛ Validating src/cosas.wlk","timeElapsed":115,"timestamp":"2026-09-17T02:01:35.098Z"}
{"level":"info","message":"⌛ Building environment","timeElapsed":219,"timestamp":"2026-09-17T02:01:40.270Z"}
{"level":"info","message":"⌛ Building environment","timeElapsed":128,"timestamp":"2026-09-17T02:01:40.437Z"}
{"level":"info","message":"⌛ Validating src/cosas.wlk","timeElapsed":147,"timestamp":"2026-09-17T02:01:40.585Z"}
{"level":"info","message":"⌛ Validating src/cosas.wlk","timeElapsed":130,"timestamp":"2026-09-17T02:01:40.724Z"}
{"level":"info","message":"⌛ Building environment","timeElapsed":127,"timestamp":"2026-09-17T02:01:40.852Z"}
{"level":"info","message":"⌛ Building environment","timeElapsed":133,"timestamp":"2026-09-17T02:01:41.031Z"}
{"level":"info","message":"⌛ Building environment","timeElapsed":124,"timestamp":"2026-09-17T02:01:41.154Z"}
{"level":"info","message":"⌛ Building environment","timeElapsed":128,"timestamp":"2026-09-17T02:01:41.283Z"}
{"level":"info","message":"⌛ Validating src/cosas.wlk","timeElapsed":161,"timestamp":"2026-09-17T02:01:41.444Z"}
{"level":"info","message":"⌛ Validating src/cosas.wlk","timeElapsed":145,"timestamp":"2026-09-17T02:01:41.590Z"}
{"level":"info","message":"⌛ Building environment","timeElapsed":109,"timestamp":"2026-09-17T02:01:41.700Z"}
{"level":"info","message":"⌛ Validating src/cosas.wlk","timeElapsed":145,"timestamp":"2026-09-17T02:01:41.845Z"}
{"level":"info","message":"⌛ Validating src/cosas.wlk","timeElapsed":120,"timestamp":"2026-09-17T02:01:41.965Z"}
{"level":"info","message":"⌛ Building environment","timeElapsed":107,"timestamp":"2026-09-17T02:01:42.078Z"}
{"level":"error","message":"✘ Completions for node Return ([41:2, 41:10] - src/cosas.wlk) failed: Error: [Return]{773fc1} at src/cosas.wlk:41 exhausted all cases without a match [Return]{773fc1} at src/cosas.wlk:41 exhausted all cases without a match","stack":"Error: [Return]{773fc1} at src/cosas.wlk:41 exhausted all cases without a match\n    at /home/ramiro/.vscode/extensions/uqbar.wollok-lsp-ide-0.5.5/out/server/src/server.js:38:6142\n    at L2 (/home/ramiro/.vscode/extensions/uqbar.wollok-lsp-ide-0.5.5/out/server/src/server.js:2421:42)\n    at Jh (/home/ramiro/.vscode/extensions/uqbar.wollok-lsp-ide-0.5.5/out/server/src/server.js:2421:1092)\n    at w5n (/home/ramiro/.vscode/extensions/uqbar.wollok-lsp-ide-0.5.5/out/server/src/server.js:2421:1248)\n    at /home/ramiro/.vscode/extensions/uqbar.wollok-lsp-ide-0.5.5/out/server/src/server.js:38:6131\n    at L2 (/home/ramiro/.vscode/extensions/uqbar.wollok-lsp-ide-0.5.5/out/server/src/server.js:2421:42)\n    at /home/ramiro/.vscode/extensions/uqbar.wollok-lsp-ide-0.5.5/out/server/src/server.js:2421:2988\n    at /home/ramiro/.vscode/extensions/uqbar.wollok-lsp-ide-0.5.5/out/server/src/server.js:2430:8440\n    at /home/ramiro/.vscode/extensions/uqbar.wollok-lsp-ide-0.5.5/out/server/src/server.js:37:74872\n    at Ke (/home/ramiro/.vscode/extensions/uqbar.wollok-lsp-ide-0.5.5/out/server/src/server.js:7:8527)","timestamp":"2026-09-17T02:01:42.116Z"}
{"level":"info","message":"⌛ Building environment","timeElapsed":112,"timestamp":"2026-09-17T02:01:42.233Z"}
{"level":"info","message":"⌛ Validating src/cosas.wlk","timeElapsed":147,"timestamp":"2026-09-17T02:01:42.381Z"}
{"level":"info","message":"⌛ Validating src/cosas.wlk","timeElapsed":140,"timestamp":"2026-09-17T02:01:42.530Z"}
{"level":"info","message":"⌛ Validating src/cosas.wlk","timeElapsed":141,"timestamp":"2026-09-17T02:01:42.775Z"}
{"level":"info","message":"⌛ Validating src/cosas.wlk","timeElapsed":156,"timestamp":"2026-09-17T02:01:42.939Z"}
{"level":"info","message":"⌛ Building environment","timeElapsed":166,"timestamp":"2026-09-17T02:01:43.105Z"}
{"level":"info","message":"⌛ Validating src/cosas.wlk","timeElapsed":151,"timestamp":"2026-09-17T02:01:43.264Z"}
{"level":"info","message":"⌛ Building environment","timeElapsed":195,"timestamp":"2026-09-17T02:01:44.023Z"}
{"level":"error","message":"✘ Completions for node Send ([41:9, 41:15] - src/cosas.wlk) failed: Error: [Send]{9c6589} at src/cosas.wlk:41 exhausted all cases without a match [Send]{9c6589} at src/cosas.wlk:41 exhausted all cases without a match","stack":"Error: [Send]{9c6589} at src/cosas.wlk:41 exhausted all cases without a match\n    at /home/ramiro/.vscode/extensions/uqbar.wollok-lsp-ide-0.5.5/out/server/src/server.js:38:6142\n    at L2 (/home/ramiro/.vscode/extensions/uqbar.wollok-lsp-ide-0.5.5/out/server/src/server.js:2421:42)\n    at Jh (/home/ramiro/.vscode/extensions/uqbar.wollok-lsp-ide-0.5.5/out/server/src/server.js:2421:1092)\n    at w5n (/home/ramiro/.vscode/extensions/uqbar.wollok-lsp-ide-0.5.5/out/server/src/server.js:2421:1248)\n    at /home/ramiro/.vscode/extensions/uqbar.wollok-lsp-ide-0.5.5/out/server/src/server.js:38:6131\n    at L2 (/home/ramiro/.vscode/extensions/uqbar.wollok-lsp-ide-0.5.5/out/server/src/server.js:2421:42)\n    at /home/ramiro/.vscode/extensions/uqbar.wollok-lsp-ide-0.5.5/out/server/src/server.js:2421:2988\n    at /home/ramiro/.vscode/extensions/uqbar.wollok-lsp-ide-0.5.5/out/server/src/server.js:2430:8440\n    at /home/ramiro/.vscode/extensions/uqbar.wollok-lsp-ide-0.5.5/out/server/src/server.js:37:74872\n    at Ke (/home/ramiro/.vscode/extensions/uqbar.wollok-lsp-ide-0.5.5/out/server/src/server.js:7:8527)","timestamp":"2026-09-17T02:01:44.069Z"}
{"level":"error","message":"✘ Completions for node Return ([41:2, 41:15] - src/cosas.wlk) failed: Error: [Return]{0f4c75} at src/cosas.wlk:41 exhausted all cases without a match [Return]{0f4c75} at src/cosas.wlk:41 exhausted all cases without a match","stack":"Error: [Return]{0f4c75} at src/cosas.wlk:41 exhausted all cases without a match\n    at /home/ramiro/.vscode/extensions/uqbar.wollok-lsp-ide-0.5.5/out/server/src/server.js:38:6142\n    at L2 (/home/ramiro/.vscode/extensions/uqbar.wollok-lsp-ide-0.5.5/out/server/src/server.js:2421:42)\n    at Jh (/home/ramiro/.vscode/extensions/uqbar.wollok-lsp-ide-0.5.5/out/server/src/server.js:2421:1092)\n    at L2 (/home/ramiro/.vscode/extensions/uqbar.wollok-lsp-ide-0.5.5/out/server/src/server.js:2421:544)\n    at Jh (/home/ramiro/.vscode/extensions/uqbar.wollok-lsp-ide-0.5.5/out/server/src/server.js:2421:1092)\n    at w5n (/home/ramiro/.vscode/extensions/uqbar.wollok-lsp-ide-0.5.5/out/server/src/server.js:2421:1248)\n    at /home/ramiro/.vscode/extensions/uqbar.wollok-lsp-ide-0.5.5/out/server/src/server.js:38:6131\n    at L2 (/home/ramiro/.vscode/extensions/uqbar.wollok-lsp-ide-0.5.5/out/server/src/server.js:2421:42)\n    at /home/ramiro/.vscode/extensions/uqbar.wollok-lsp-ide-0.5.5/out/server/src/server.js:2421:2988\n    at /home/ramiro/.vscode/extensions/uqbar.wollok-lsp-ide-0.5.5/out/server/src/server.js:2430:8440","timestamp":"2026-09-17T02:01:44.069Z"}
{"level":"info","message":"⌛ Validating src/cosas.wlk","timeElapsed":153,"timestamp":"2026-09-17T02:01:44.226Z"}
{"level":"info","message":"⌛ Building environment","timeElapsed":115,"timestamp":"2026-09-17T02:01:44.346Z"}
{"level":"info","message":"⌛ Building environment","timeElapsed":169,"timestamp":"2026-09-17T02:01:44.516Z"}
{"level":"info","message":"⌛ Validating src/cosas.wlk","timeElapsed":242,"timestamp":"2026-09-17T02:01:44.782Z"}
{"level":"error","message":"✘ Completions for node Send ([41:9, 41:15] - src/cosas.wlk) failed: Error: [Send]{6ff161} at src/cosas.wlk:41 exhausted all cases without a match [Send]{6ff161} at src/cosas.wlk:41 exhausted all cases without a match","stack":"Error: [Send]{6ff161} at src/cosas.wlk:41 exhausted all cases without a match\n    at /home/ramiro/.vscode/extensions/uqbar.wollok-lsp-ide-0.5.5/out/server/src/server.js:38:6142\n    at L2 (/home/ramiro/.vscode/extensions/uqbar.wollok-lsp-ide-0.5.5/out/server/src/server.js:2421:42)\n    at Jh (/home/ramiro/.vscode/extensions/uqbar.wollok-lsp-ide-0.5.5/out/server/src/server.js:2421:1092)\n    at w5n (/home/ramiro/.vscode/extensions/uqbar.wollok-lsp-ide-0.5.5/out/server/src/server.js:2421:1248)\n    at /home/ramiro/.vscode/extensions/uqbar.wollok-lsp-ide-0.5.5/out/server/src/server.js:38:6131\n    at L2 (/home/ramiro/.vscode/extensions/uqbar.wollok-lsp-ide-0.5.5/out/server/src/server.js:2421:42)\n    at /home/ramiro/.vscode/extensions/uqbar.wollok-lsp-ide-0.5.5/out/server/src/server.js:2421:2988\n    at /home/ramiro/.vscode/extensions/uqbar.wollok-lsp-ide-0.5.5/out/server/src/server.js:2430:8440\n    at /home/ramiro/.vscode/extensions/uqbar.wollok-lsp-ide-0.5.5/out/server/src/server.js:37:74872\n    at Ke (/home/ramiro/.vscode/extensions/uqbar.wollok-lsp-ide-0.5.5/out/server/src/server.js:7:8527)","timestamp":"2026-09-17T02:01:44.816Z"}
{"level":"error","message":"✘ Completions for node Return ([41:2, 41:15] - src/cosas.wlk) failed: Error: [Return]{b18857} at src/cosas.wlk:41 exhausted all cases without a match [Return]{b18857} at src/cosas.wlk:41 exhausted all cases without a match","stack":"Error: [Return]{b18857} at src/cosas.wlk:41 exhausted all cases without a match\n    at /home/ramiro/.vscode/extensions/uqbar.wollok-lsp-ide-0.5.5/out/server/src/server.js:38:6142\n    at L2 (/home/ramiro/.vscode/extensions/uqbar.wollok-lsp-ide-0.5.5/out/server/src/server.js:2421:42)\n    at Jh (/home/ramiro/.vscode/extensions/uqbar.wollok-lsp-ide-0.5.5/out/server/src/server.js:2421:1092)\n    at L2 (/home/ramiro/.vscode/extensions/uqbar.wollok-lsp-ide-0.5.5/out/server/src/server.js:2421:544)\n    at Jh (/home/ramiro/.vscode/extensions/uqbar.wollok-lsp-ide-0.5.5/out/server/src/server.js:2421:1092)\n    at w5n (/home/ramiro/.vscode/extensions/uqbar.wollok-lsp-ide-0.5.5/out/server/src/server.js:2421:1248)\n    at /home/ramiro/.vscode/extensions/uqbar.wollok-lsp-ide-0.5.5/out/server/src/server.js:38:6131\n    at L2 (/home/ramiro/.vscode/extensions/uqbar.wollok-lsp-ide-0.5.5/out/server/src/server.js:2421:42)\n    at /home/ramiro/.vscode/extensions/uqbar.wollok-lsp-ide-0.5.5/out/server/src/server.js:2421:2988\n    at /home/ramiro/.vscode/extensions/uqbar.wollok-lsp-ide-0.5.5/out/server/src/server.js:2430:8440","timestamp":"2026-09-17T02:01:44.817Z"}
{"level":"info","message":"⌛ Validating src/cosas.wlk","timeElapsed":174,"timestamp":"2026-09-17T02:01:44.995Z"}
{"level":"info","message":"⌛ Building environment","timeElapsed":107,"timestamp":"2026-09-17T02:01:45.101Z"}
{"level":"info","message":"⌛ Building environment","timeElapsed":116,"timestamp":"2026-09-17T02:01:45.218Z"}
{"level":"info","message":"⌛ Building environment","timeElapsed":112,"timestamp":"2026-09-17T02:01:45.344Z"}
{"level":"info","message":"⌛ Validating src/cosas.wlk","timeElapsed":153,"timestamp":"2026-09-17T02:01:45.509Z"}
{"level":"info","message":"⌛ Validating src/cosas.wlk","timeElapsed":136,"timestamp":"2026-09-17T02:01:45.650Z"}
{"level":"info","message":"⌛ Validating src/cosas.wlk","timeElapsed":164,"timestamp":"2026-09-17T02:01:45.817Z"}
{"level":"info","message":"⌛ Building environment","timeElapsed":116,"timestamp":"2026-09-17T02:01:45.934Z"}
{"level":"info","message":"⌛ Validating src/cosas.wlk","timeElapsed":156,"timestamp":"2026-09-17T02:01:46.101Z"}
{"level":"info","message":"⌛ Building environment","timeElapsed":116,"timestamp":"2026-09-17T02:01:46.226Z"}
{"level":"info","message":"⌛ Validating src/cosas.wlk","timeElapsed":177,"timestamp":"2026-09-17T02:01:46.442Z"}
{"level":"info","message":"⌛ Building environment","timeElapsed":110,"timestamp":"2026-09-17T02:01:46.553Z"}
{"level":"info","message":"⌛ Building environment","timeElapsed":120,"timestamp":"2026-09-17T02:01:46.689Z"}
{"level":"info","message":"⌛ Validating src/cosas.wlk","timeElapsed":143,"timestamp":"2026-09-17T02:01:46.849Z"}
{"level":"info","message":"⌛ Validating src/cosas.wlk","timeElapsed":145,"timestamp":"2026-09-17T02:01:46.999Z"}
{"level":"info","message":"⌛ Building environment","timeElapsed":156,"timestamp":"2026-09-17T02:01:47.703Z"}
{"level":"info","message":"⌛ Validating src/cosas.wlk","timeElapsed":167,"timestamp":"2026-09-17T02:01:47.879Z"}
{"level":"info","message":"⌛ Building environment","timeElapsed":277,"timestamp":"2026-09-17T02:01:48.222Z"}
{"level":"info","message":"⌛ Validating src/cosas.wlk","timeElapsed":161,"timestamp":"2026-09-17T02:01:48.397Z"}
{"level":"info","message":"⌛ Building environment","timeElapsed":441,"timestamp":"2026-09-17T02:01:48.953Z"}
{"level":"info","message":"⌛ Validating src/cosas.wlk","timeElapsed":228,"timestamp":"2026-09-17T02:01:49.193Z"}
{"level":"info","message":"⌛ Building environment","timeElapsed":110,"timestamp":"2026-09-17T02:01:49.304Z"}
{"level":"info","message":"⌛ Validating src/cosas.wlk","timeElapsed":163,"timestamp":"2026-09-17T02:01:49.479Z"}
{"level":"info","message":"⌛ Building environment","timeElapsed":128,"timestamp":"2026-09-17T02:01:49.608Z"}
{"level":"info","message":"⌛ Validating src/cosas.wlk","timeElapsed":148,"timestamp":"2026-09-17T02:01:49.768Z"}
{"level":"info","message":"⌛ Building environment","timeElapsed":217,"timestamp":"2026-09-17T02:01:50.488Z"}
{"level":"info","message":"⌛ Validating src/cosas.wlk","timeElapsed":170,"timestamp":"2026-09-17T02:01:50.662Z"}
{"level":"info","message":"⌛ Building environment","timeElapsed":105,"timestamp":"2026-09-17T02:01:50.768Z"}
{"level":"info","message":"⌛ Building environment","timeElapsed":112,"timestamp":"2026-09-17T02:01:50.889Z"}
{"level":"info","message":"⌛ Validating src/cosas.wlk","timeElapsed":152,"timestamp":"2026-09-17T02:01:51.055Z"}
{"level":"info","message":"⌛ Building environment","timeElapsed":221,"timestamp":"2026-09-17T02:01:51.278Z"}
{"level":"info","message":"⌛ Validating src/cosas.wlk","timeElapsed":176,"timestamp":"2026-09-17T02:01:51.455Z"}
{"level":"info","message":"⌛ Building environment","timeElapsed":126,"timestamp":"2026-09-17T02:01:51.590Z"}
{"level":"info","message":"⌛ Validating src/cosas.wlk","timeElapsed":159,"timestamp":"2026-09-17T02:01:51.749Z"}
{"level":"info","message":"⌛ Validating src/cosas.wlk","timeElapsed":151,"timestamp":"2026-09-17T02:01:51.909Z"}
{"level":"info","message":"⌛ Building environment","timeElapsed":228,"timestamp":"2026-09-17T02:01:52.829Z"}
{"level":"info","message":"⌛ Validating src/cosas.wlk","timeElapsed":149,"timestamp":"2026-09-17T02:01:52.987Z"}
{"level":"info","message":"⌛ Building environment","timeElapsed":130,"timestamp":"2026-09-17T02:01:59.964Z"}
{"level":"info","message":"⌛ Validating src/cosas.wlk","timeElapsed":144,"timestamp":"2026-09-17T02:02:00.119Z"}
{"level":"info","message":"⌛ Building environment","timeElapsed":123,"timestamp":"2026-09-17T02:02:00.242Z"}
{"level":"info","message":"⌛ Validating src/cosas.wlk","timeElapsed":138,"timestamp":"2026-09-17T02:02:00.493Z"}
{"level":"info","message":"⌛ Validating src/cosas.wlk","timeElapsed":128,"timestamp":"2026-09-17T02:02:00.622Z"}
{"level":"info","message":"⌛ Building environment","timeElapsed":309,"timestamp":"2026-09-17T02:02:02.243Z"}
{"level":"info","message":"⌛ Validating src/cosas.wlk","timeElapsed":136,"timestamp":"2026-09-17T02:02:02.393Z"}
{"level":"info","message":"⌛ Building environment","timeElapsed":177,"timestamp":"2026-09-17T02:02:03.718Z"}
{"level":"error","message":"✘ Completions for node If ([41:9, 41:30] - src/cosas.wlk) failed: Error: [If]{c1cf1d} at src/cosas.wlk:41 exhausted all cases without a match [If]{c1cf1d} at src/cosas.wlk:41 exhausted all cases without a match","stack":"Error: [If]{c1cf1d} at src/cosas.wlk:41 exhausted all cases without a match\n    at /home/ramiro/.vscode/extensions/uqbar.wollok-lsp-ide-0.5.5/out/server/src/server.js:38:6142\n    at L2 (/home/ramiro/.vscode/extensions/uqbar.wollok-lsp-ide-0.5.5/out/server/src/server.js:2421:42)\n    at Jh (/home/ramiro/.vscode/extensions/uqbar.wollok-lsp-ide-0.5.5/out/server/src/server.js:2421:1092)\n    at y5n (/home/ramiro/.vscode/extensions/uqbar.wollok-lsp-ide-0.5.5/out/server/src/server.js:2421:818)\n    at /home/ramiro/.vscode/extensions/uqbar.wollok-lsp-ide-0.5.5/out/server/src/server.js:38:6131\n    at L2 (/home/ramiro/.vscode/extensions/uqbar.wollok-lsp-ide-0.5.5/out/server/src/server.js:2421:42)\n    at Jh (/home/ramiro/.vscode/extensions/uqbar.wollok-lsp-ide-0.5.5/out/server/src/server.js:2421:1092)\n    at w5n (/home/ramiro/.vscode/extensions/uqbar.wollok-lsp-ide-0.5.5/out/server/src/server.js:2421:1248)\n    at /home/ramiro/.vscode/extensions/uqbar.wollok-lsp-ide-0.5.5/out/server/src/server.js:38:6131\n    at L2 (/home/ramiro/.vscode/extensions/uqbar.wollok-lsp-ide-0.5.5/out/server/src/server.js:2421:42)","timestamp":"2026-09-17T02:02:03.762Z"}
{"level":"error","message":"✘ Completions for node Return ([41:2, 41:30] - src/cosas.wlk) failed: Error: [Return]{4a4c72} at src/cosas.wlk:41 exhausted all cases without a match [Return]{4a4c72} at src/cosas.wlk:41 exhausted all cases without a match","stack":"Error: [Return]{4a4c72} at src/cosas.wlk:41 exhausted all cases without a match\n    at /home/ramiro/.vscode/extensions/uqbar.wollok-lsp-ide-0.5.5/out/server/src/server.js:38:6142\n    at L2 (/home/ramiro/.vscode/extensions/uqbar.wollok-lsp-ide-0.5.5/out/server/src/server.js:2421:42)\n    at Jh (/home/ramiro/.vscode/extensions/uqbar.wollok-lsp-ide-0.5.5/out/server/src/server.js:2421:1092)\n    at L2 (/home/ramiro/.vscode/extensions/uqbar.wollok-lsp-ide-0.5.5/out/server/src/server.js:2421:544)\n    at Jh (/home/ramiro/.vscode/extensions/uqbar.wollok-lsp-ide-0.5.5/out/server/src/server.js:2421:1092)\n    at y5n (/home/ramiro/.vscode/extensions/uqbar.wollok-lsp-ide-0.5.5/out/server/src/server.js:2421:818)\n    at /home/ramiro/.vscode/extensions/uqbar.wollok-lsp-ide-0.5.5/out/server/src/server.js:38:6131\n    at L2 (/home/ramiro/.vscode/extensions/uqbar.wollok-lsp-ide-0.5.5/out/server/src/server.js:2421:42)\n    at Jh (/home/ramiro/.vscode/extensions/uqbar.wollok-lsp-ide-0.5.5/out/server/src/server.js:2421:1092)\n    at w5n (/home/ramiro/.vscode/extensions/uqbar.wollok-lsp-ide-0.5.5/out/server/src/server.js:2421:1248)","timestamp":"2026-09-17T02:02:03.762Z"}
{"level":"info","message":"⌛ Validating src/cosas.wlk","timeElapsed":141,"timestamp":"2026-09-17T02:02:03.913Z"}
{"level":"info","message":"⌛ Building environment","timeElapsed":195,"timestamp":"2026-09-17T02:02:04.766Z"}
{"level":"info","message":"⌛ Validating src/cosas.wlk","timeElapsed":151,"timestamp":"2026-09-17T02:02:04.920Z"}
{"level":"info","message":"⌛ Building environment","timeElapsed":185,"timestamp":"2026-09-17T02:02:05.497Z"}
{"level":"info","message":"⌛ Validating src/cosas.wlk","timeElapsed":159,"timestamp":"2026-09-17T02:02:05.658Z"}
{"level":"info","message":"⌛ Building environment","timeElapsed":185,"timestamp":"2026-09-17T02:02:05.954Z"}
{"level":"info","message":"⌛ Validating src/cosas.wlk","timeElapsed":162,"timestamp":"2026-09-17T02:02:06.153Z"}
{"level":"info","message":"⌛ Building environment","timeElapsed":129,"timestamp":"2026-09-17T02:02:06.314Z"}
{"level":"info","message":"⌛ Building environment","timeElapsed":133,"timestamp":"2026-09-17T02:02:06.447Z"}
{"level":"info","message":"⌛ Validating src/cosas.wlk","timeElapsed":168,"timestamp":"2026-09-17T02:02:06.654Z"}
{"level":"info","message":"⌛ Validating src/cosas.wlk","timeElapsed":165,"timestamp":"2026-09-17T02:02:06.819Z"}
{"level":"info","message":"⌛ Building environment","timeElapsed":169,"timestamp":"2026-09-17T02:02:06.989Z"}
{"level":"info","message":"⌛ Building environment","timeElapsed":127,"timestamp":"2026-09-17T02:02:07.123Z"}
{"level":"info","message":"⌛ Validating src/cosas.wlk","timeElapsed":170,"timestamp":"2026-09-17T02:02:07.294Z"}
{"level":"info","message":"⌛ Validating src/cosas.wlk","timeElapsed":144,"timestamp":"2026-09-17T02:02:07.446Z"}
{"level":"info","message":"⌛ Building environment","timeElapsed":231,"timestamp":"2026-09-17T02:02:08.303Z"}
{"level":"info","message":"⌛ Validating src/cosas.wlk","timeElapsed":142,"timestamp":"2026-09-17T02:02:08.454Z"}
{"level":"info","message":"⌛ Building environment","timeElapsed":193,"timestamp":"2026-09-17T02:02:13.849Z"}
{"level":"info","message":"⌛ Validating src/cosas.wlk","timeElapsed":153,"timestamp":"2026-09-17T02:02:14.005Z"}
{"level":"info","message":"⌛ Building environment","timeElapsed":173,"timestamp":"2026-09-17T02:02:20.450Z"}
{"level":"info","message":"⌛ Validating src/cosas.wlk","timeElapsed":143,"timestamp":"2026-09-17T02:02:20.596Z"}
{"level":"info","message":"⌛ Building environment","timeElapsed":279,"timestamp":"2026-09-17T02:04:15.427Z"}
{"level":"info","message":"⌛ Building environment","timeElapsed":158,"timestamp":"2026-09-17T02:04:15.586Z"}
{"level":"info","message":"⌛ Validating src/cosas.wlk","timeElapsed":223,"timestamp":"2026-09-17T02:04:15.812Z"}
{"level":"info","message":"⌛ Validating src/cosas.wlk","timeElapsed":145,"timestamp":"2026-09-17T02:04:15.958Z"}
{"level":"info","message":"⌛ Building environment","timeElapsed":228,"timestamp":"2026-09-17T02:04:16.881Z"}
{"level":"info","message":"⌛ Building environment","timeElapsed":142,"timestamp":"2026-09-17T02:04:17.062Z"}
{"level":"info","message":"⌛ Validating src/cosas.wlk","timeElapsed":165,"timestamp":"2026-09-17T02:04:17.235Z"}
{"level":"info","message":"⌛ Building environment","timeElapsed":145,"timestamp":"2026-09-17T02:04:17.380Z"}
{"level":"info","message":"⌛ Validating src/cosas.wlk","timeElapsed":171,"timestamp":"2026-09-17T02:04:17.595Z"}
{"level":"info","message":"⌛ Building environment","timeElapsed":142,"timestamp":"2026-09-17T02:04:17.738Z"}
{"level":"info","message":"⌛ Validating src/cosas.wlk","timeElapsed":199,"timestamp":"2026-09-17T02:04:17.938Z"}
{"level":"info","message":"⌛ Building environment","timeElapsed":126,"timestamp":"2026-09-17T02:04:18.072Z"}
{"level":"info","message":"⌛ Building environment","timeElapsed":101,"timestamp":"2026-09-17T02:04:18.174Z"}
{"level":"info","message":"⌛ Validating src/cosas.wlk","timeElapsed":161,"timestamp":"2026-09-17T02:04:18.347Z"}
{"level":"info","message":"⌛ Building environment","timeElapsed":148,"timestamp":"2026-09-17T02:04:18.495Z"}
{"level":"info","message":"⌛ Building environment","timeElapsed":112,"timestamp":"2026-09-17T02:04:18.649Z"}
{"level":"info","message":"⌛ Validating src/cosas.wlk","timeElapsed":180,"timestamp":"2026-09-17T02:04:18.844Z"}
{"level":"info","message":"⌛ Validating src/cosas.wlk","timeElapsed":139,"timestamp":"2026-09-17T02:04:18.984Z"}
{"level":"info","message":"⌛ Building environment","timeElapsed":112,"timestamp":"2026-09-17T02:04:19.104Z"}
{"level":"info","message":"⌛ Validating src/cosas.wlk","timeElapsed":153,"timestamp":"2026-09-17T02:04:19.265Z"}
{"level":"info","message":"⌛ Building environment","timeElapsed":107,"timestamp":"2026-09-17T02:04:19.372Z"}
{"level":"info","message":"⌛ Validating src/cosas.wlk","timeElapsed":160,"timestamp":"2026-09-17T02:04:19.571Z"}
{"level":"info","message":"⌛ Building environment","timeElapsed":104,"timestamp":"2026-09-17T02:04:19.675Z"}
{"level":"info","message":"⌛ Validating src/cosas.wlk","timeElapsed":178,"timestamp":"2026-09-17T02:04:19.866Z"}
{"level":"info","message":"⌛ Validating src/cosas.wlk","timeElapsed":161,"timestamp":"2026-09-17T02:04:20.028Z"}
{"level":"info","message":"⌛ Building environment","timeElapsed":107,"timestamp":"2026-09-17T02:04:20.136Z"}
{"level":"info","message":"⌛ Building environment","timeElapsed":117,"timestamp":"2026-09-17T02:04:20.293Z"}
{"level":"info","message":"⌛ Validating src/cosas.wlk","timeElapsed":170,"timestamp":"2026-09-17T02:04:20.475Z"}
{"level":"info","message":"⌛ Building environment","timeElapsed":214,"timestamp":"2026-09-17T02:04:20.797Z"}
{"level":"info","message":"⌛ Building environment","timeElapsed":117,"timestamp":"2026-09-17T02:04:20.926Z"}
{"level":"info","message":"⌛ Validating src/cosas.wlk","timeElapsed":157,"timestamp":"2026-09-17T02:04:21.093Z"}
{"level":"info","message":"⌛ Validating src/cosas.wlk","timeElapsed":183,"timestamp":"2026-09-17T02:04:21.276Z"}
{"level":"info","message":"⌛ Building environment","timeElapsed":102,"timestamp":"2026-09-17T02:04:21.390Z"}
{"level":"info","message":"⌛ Building environment","timeElapsed":102,"timestamp":"2026-09-17T02:04:21.533Z"}
{"level":"info","message":"⌛ Validating src/cosas.wlk","timeElapsed":136,"timestamp":"2026-09-17T02:04:21.684Z"}
{"level":"info","message":"⌛ Building environment","timeElapsed":112,"timestamp":"2026-09-17T02:04:21.904Z"}
{"level":"info","message":"⌛ Validating src/cosas.wlk","timeElapsed":150,"timestamp":"2026-09-17T02:04:22.064Z"}
{"level":"info","message":"⌛ Validating src/cosas.wlk","timeElapsed":132,"timestamp":"2026-09-17T02:04:22.197Z"}
{"level":"info","message":"⌛ Validating src/cosas.wlk","timeElapsed":147,"timestamp":"2026-09-17T02:04:22.456Z"}
{"level":"info","message":"⌛ Validating src/cosas.wlk","timeElapsed":150,"timestamp":"2026-09-17T02:04:22.608Z"}
{"level":"info","message":"⌛ Validating src/cosas.wlk","timeElapsed":140,"timestamp":"2026-09-17T02:04:22.749Z"}
{"level":"info","message":"⌛ Validating src/cosas.wlk","timeElapsed":219,"timestamp":"2026-09-17T02:04:22.969Z"}
{"level":"info","message":"⌛ Validating src/cosas.wlk","timeElapsed":150,"timestamp":"2026-09-17T02:04:23.123Z"}
{"level":"info","message":"⌛ Building environment","timeElapsed":150,"timestamp":"2026-09-17T02:04:23.276Z"}
{"level":"info","message":"⌛ Building environment","timeElapsed":110,"timestamp":"2026-09-17T02:04:23.421Z"}
{"level":"info","message":"⌛ Building environment","timeElapsed":138,"timestamp":"2026-09-17T02:04:23.560Z"}
{"level":"info","message":"⌛ Validating src/cosas.wlk","timeElapsed":148,"timestamp":"2026-09-17T02:04:23.708Z"}
{"level":"info","message":"⌛ Validating src/cosas.wlk","timeElapsed":150,"timestamp":"2026-09-17T02:04:23.869Z"}
{"level":"info","message":"⌛ Validating src/cosas.wlk","timeElapsed":158,"timestamp":"2026-09-17T02:04:24.028Z"}
{"level":"info","message":"⌛ Building environment","timeElapsed":121,"timestamp":"2026-09-17T02:04:24.149Z"}
{"level":"info","message":"⌛ Building environment","timeElapsed":128,"timestamp":"2026-09-17T02:04:24.314Z"}
{"level":"info","message":"⌛ Validating src/cosas.wlk","timeElapsed":155,"timestamp":"2026-09-17T02:04:24.470Z"}
{"level":"info","message":"⌛ Building environment","timeElapsed":126,"timestamp":"2026-09-17T02:04:24.602Z"}
{"level":"info","message":"⌛ Validating src/cosas.wlk","timeElapsed":168,"timestamp":"2026-09-17T02:04:24.770Z"}
{"level":"info","message":"⌛ Building environment","timeElapsed":112,"timestamp":"2026-09-17T02:04:24.913Z"}
{"level":"info","message":"⌛ Validating src/cosas.wlk","timeElapsed":153,"timestamp":"2026-09-17T02:04:25.067Z"}
{"level":"info","message":"⌛ Building environment","timeElapsed":127,"timestamp":"2026-09-17T02:04:25.199Z"}
{"level":"info","message":"⌛ Building environment","timeElapsed":117,"timestamp":"2026-09-17T02:04:25.316Z"}
{"level":"info","message":"⌛ Validating src/cosas.wlk","timeElapsed":150,"timestamp":"2026-09-17T02:04:25.467Z"}
{"level":"info","message":"⌛ Validating src/cosas.wlk","timeElapsed":140,"timestamp":"2026-09-17T02:04:25.613Z"}
{"level":"info","message":"⌛ Validating src/cosas.wlk","timeElapsed":139,"timestamp":"2026-09-17T02:04:25.753Z"}
{"level":"info","message":"⌛ Building environment","timeElapsed":339,"timestamp":"2026-09-17T02:04:46.070Z"}
{"level":"info","message":"⌛ Building environment","timeElapsed":197,"timestamp":"2026-09-17T02:04:46.267Z"}
{"level":"info","message":"⌛ Validating src/cosas.wlk","timeElapsed":148,"timestamp":"2026-09-17T02:04:46.416Z"}
{"level":"info","message":"⌛ Validating src/cosas.wlk","timeElapsed":125,"timestamp":"2026-09-17T02:04:46.547Z"}
{"level":"info","message":"⌛ Building environment","timeElapsed":269,"timestamp":"2026-09-17T02:04:52.840Z"}
{"level":"info","message":"⌛ Building environment","timeElapsed":119,"timestamp":"2026-09-17T02:04:52.960Z"}
{"level":"info","message":"⌛ Validating src/cosas.wlk","timeElapsed":133,"timestamp":"2026-09-17T02:04:53.094Z"}
{"level":"info","message":"⌛ Building environment","timeElapsed":108,"timestamp":"2026-09-17T02:04:53.202Z"}
{"level":"info","message":"⌛ Validating src/cosas.wlk","timeElapsed":149,"timestamp":"2026-09-17T02:04:53.352Z"}
{"level":"info","message":"⌛ Building environment","timeElapsed":107,"timestamp":"2026-09-17T02:04:53.459Z"}
{"level":"info","message":"⌛ Validating src/cosas.wlk","timeElapsed":139,"timestamp":"2026-09-17T02:04:53.598Z"}
{"level":"info","message":"⌛ Building environment","timeElapsed":108,"timestamp":"2026-09-17T02:04:53.707Z"}
{"level":"info","message":"⌛ Validating src/cosas.wlk","timeElapsed":152,"timestamp":"2026-09-17T02:04:53.858Z"}
{"level":"info","message":"⌛ Building environment","timeElapsed":104,"timestamp":"2026-09-17T02:04:53.963Z"}
{"level":"info","message":"⌛ Validating src/cosas.wlk","timeElapsed":134,"timestamp":"2026-09-17T02:04:54.097Z"}
{"level":"info","message":"⌛ Validating src/cosas.wlk","timeElapsed":140,"timestamp":"2026-09-17T02:04:54.242Z"}
{"level":"info","message":"⌛ Building environment","timeElapsed":333,"timestamp":"2026-09-17T02:04:55.746Z"}
{"level":"info","message":"⌛ Validating src/cosas.wlk","timeElapsed":158,"timestamp":"2026-09-17T02:04:55.938Z"}
{"level":"info","message":"⌛ Building environment","timeElapsed":178,"timestamp":"2026-09-17T02:04:56.638Z"}
{"level":"info","message":"⌛ Validating src/cosas.wlk","timeElapsed":162,"timestamp":"2026-09-17T02:04:56.803Z"}
{"level":"info","message":"⌛ Building environment","timeElapsed":115,"timestamp":"2026-09-17T02:04:56.924Z"}
{"level":"info","message":"⌛ Validating src/cosas.wlk","timeElapsed":146,"timestamp":"2026-09-17T02:04:57.072Z"}
{"level":"info","message":"⌛ Building environment","timeElapsed":170,"timestamp":"2026-09-17T02:04:57.243Z"}
{"level":"info","message":"⌛ Building environment","timeElapsed":104,"timestamp":"2026-09-17T02:04:57.348Z"}
{"level":"info","message":"⌛ Validating src/cosas.wlk","timeElapsed":173,"timestamp":"2026-09-17T02:04:57.533Z"}
{"level":"info","message":"⌛ Validating src/cosas.wlk","timeElapsed":141,"timestamp":"2026-09-17T02:04:57.675Z"}
{"level":"info","message":"⌛ Building environment","timeElapsed":117,"timestamp":"2026-09-17T02:04:57.799Z"}
{"level":"info","message":"⌛ Validating src/cosas.wlk","timeElapsed":149,"timestamp":"2026-09-17T02:04:57.962Z"}
{"level":"info","message":"⌛ Building environment","timeElapsed":196,"timestamp":"2026-09-17T02:04:58.517Z"}
{"level":"info","message":"⌛ Validating src/cosas.wlk","timeElapsed":151,"timestamp":"2026-09-17T02:04:58.681Z"}
{"level":"info","message":"⌛ Building environment","timeElapsed":190,"timestamp":"2026-09-17T02:05:01.042Z"}
{"level":"info","message":"⌛ Validating src/cosas.wlk","timeElapsed":147,"timestamp":"2026-09-17T02:05:01.197Z"}
{"level":"info","message":"⌛ Building environment","timeElapsed":170,"timestamp":"2026-09-17T02:05:03.110Z"}
{"level":"info","message":"⌛ Validating src/cosas.wlk","timeElapsed":137,"timestamp":"2026-09-17T02:05:03.249Z"}
{"level":"info","message":"⌛ Building environment","timeElapsed":189,"timestamp":"2026-09-17T02:05:04.808Z"}
{"level":"info","message":"⌛ Validating src/cosas.wlk","timeElapsed":134,"timestamp":"2026-09-17T02:05:04.982Z"}
{"level":"info","message":"⌛ Building environment","timeElapsed":229,"timestamp":"2026-09-17T02:05:05.310Z"}
{"level":"info","message":"⌛ Validating src/cosas.wlk","timeElapsed":240,"timestamp":"2026-09-17T02:05:05.554Z"}
{"level":"info","message":"⌛ Building environment","timeElapsed":146,"timestamp":"2026-09-17T02:05:05.713Z"}
{"level":"info","message":"⌛ Building environment","timeElapsed":131,"timestamp":"2026-09-17T02:05:05.859Z"}
{"level":"info","message":"⌛ Validating src/cosas.wlk","timeElapsed":152,"timestamp":"2026-09-17T02:05:06.032Z"}
{"level":"info","message":"⌛ Validating src/cosas.wlk","timeElapsed":145,"timestamp":"2026-09-17T02:05:06.180Z"}
{"level":"info","message":"⌛ Building environment","timeElapsed":126,"timestamp":"2026-09-17T02:05:06.308Z"}
{"level":"info","message":"⌛ Validating src/cosas.wlk","timeElapsed":181,"timestamp":"2026-09-17T02:05:06.492Z"}
{"level":"info","message":"⌛ Building environment","timeElapsed":109,"timestamp":"2026-09-17T02:05:06.602Z"}
{"level":"info","message":"⌛ Building environment","timeElapsed":125,"timestamp":"2026-09-17T02:05:06.738Z"}
{"level":"info","message":"⌛ Validating src/cosas.wlk","timeElapsed":142,"timestamp":"2026-09-17T02:05:06.904Z"}
{"level":"info","message":"⌛ Building environment","timeElapsed":115,"timestamp":"2026-09-17T02:05:07.025Z"}
{"level":"info","message":"⌛ Validating src/cosas.wlk","timeElapsed":159,"timestamp":"2026-09-17T02:05:07.191Z"}
{"level":"info","message":"⌛ Validating src/cosas.wlk","timeElapsed":149,"timestamp":"2026-09-17T02:05:07.345Z"}
{"level":"info","message":"⌛ Building environment","timeElapsed":158,"timestamp":"2026-09-17T02:05:07.504Z"}
{"level":"info","message":"⌛ Building environment","timeElapsed":103,"timestamp":"2026-09-17T02:05:07.615Z"}
{"level":"info","message":"⌛ Validating src/cosas.wlk","timeElapsed":169,"timestamp":"2026-09-17T02:05:07.803Z"}
{"level":"info","message":"⌛ Validating src/cosas.wlk","timeElapsed":143,"timestamp":"2026-09-17T02:05:07.951Z"}
{"level":"info","message":"⌛ Building environment","timeElapsed":112,"timestamp":"2026-09-17T02:05:08.063Z"}
{"level":"info","message":"⌛ Validating src/cosas.wlk","timeElapsed":138,"timestamp":"2026-09-17T02:05:08.215Z"}
{"level":"info","message":"⌛ Building environment","timeElapsed":109,"timestamp":"2026-09-17T02:05:08.352Z"}
{"level":"info","message":"⌛ Building environment","timeElapsed":111,"timestamp":"2026-09-17T02:05:08.473Z"}
{"level":"info","message":"⌛ Validating src/cosas.wlk","timeElapsed":188,"timestamp":"2026-09-17T02:05:08.672Z"}
{"level":"info","message":"⌛ Validating src/cosas.wlk","timeElapsed":151,"timestamp":"2026-09-17T02:05:08.862Z"}
{"level":"info","message":"⌛ Building environment","timeElapsed":110,"timestamp":"2026-09-17T02:05:08.971Z"}
{"level":"info","message":"⌛ Building environment","timeElapsed":105,"timestamp":"2026-09-17T02:05:09.076Z"}
{"level":"info","message":"⌛ Validating src/cosas.wlk","timeElapsed":154,"timestamp":"2026-09-17T02:05:09.250Z"}
{"level":"info","message":"⌛ Validating src/cosas.wlk","timeElapsed":140,"timestamp":"2026-09-17T02:05:09.391Z"}
{"level":"info","message":"⌛ Building environment","timeElapsed":225,"timestamp":"2026-09-17T02:05:10.736Z"}
{"level":"info","message":"⌛ Building environment","timeElapsed":215,"timestamp":"2026-09-17T02:05:10.952Z"}
{"level":"info","message":"⌛ Validating src/cosas.wlk","timeElapsed":250,"timestamp":"2026-09-17T02:05:11.215Z"}
{"level":"info","message":"⌛ Validating src/cosas.wlk","timeElapsed":215,"timestamp":"2026-09-17T02:05:11.438Z"}
{"level":"info","message":"⌛ Building environment","timeElapsed":104,"timestamp":"2026-09-17T02:05:11.544Z"}
{"level":"info","message":"⌛ Building environment","timeElapsed":115,"timestamp":"2026-09-17T02:05:11.699Z"}
{"level":"info","message":"⌛ Validating src/cosas.wlk","timeElapsed":129,"timestamp":"2026-09-17T02:05:11.846Z"}
{"level":"info","message":"⌛ Validating src/cosas.wlk","timeElapsed":149,"timestamp":"2026-09-17T02:05:11.999Z"}
{"level":"info","message":"⌛ Building environment","timeElapsed":113,"timestamp":"2026-09-17T02:05:12.113Z"}
{"level":"info","message":"⌛ Building environment","timeElapsed":123,"timestamp":"2026-09-17T02:05:12.279Z"}
{"level":"info","message":"⌛ Validating src/cosas.wlk","timeElapsed":141,"timestamp":"2026-09-17T02:05:12.433Z"}
{"level":"info","message":"⌛ Building environment","timeElapsed":106,"timestamp":"2026-09-17T02:05:12.644Z"}
{"level":"info","message":"⌛ Validating src/cosas.wlk","timeElapsed":144,"timestamp":"2026-09-17T02:05:12.836Z"}
{"level":"info","message":"⌛ Validating src/cosas.wlk","timeElapsed":135,"timestamp":"2026-09-17T02:05:12.972Z"}
{"level":"info","message":"⌛ Validating src/cosas.wlk","timeElapsed":152,"timestamp":"2026-09-17T02:05:13.125Z"}
{"level":"info","message":"⌛ Building environment","timeElapsed":124,"timestamp":"2026-09-17T02:05:13.254Z"}
{"level":"info","message":"⌛ Building environment","timeElapsed":133,"timestamp":"2026-09-17T02:05:13.398Z"}
{"level":"info","message":"⌛ Building environment","timeElapsed":124,"timestamp":"2026-09-17T02:05:13.523Z"}
{"level":"info","message":"⌛ Validating src/cosas.wlk","timeElapsed":152,"timestamp":"2026-09-17T02:05:13.688Z"}
{"level":"info","message":"⌛ Validating src/cosas.wlk","timeElapsed":135,"timestamp":"2026-09-17T02:05:13.857Z"}
{"level":"info","message":"⌛ Building environment","timeElapsed":112,"timestamp":"2026-09-17T02:05:13.969Z"}
{"level":"info","message":"⌛ Validating src/cosas.wlk","timeElapsed":138,"timestamp":"2026-09-17T02:05:14.108Z"}
{"level":"info","message":"⌛ Validating src/cosas.wlk","timeElapsed":149,"timestamp":"2026-09-17T02:05:14.345Z"}
{"level":"info","message":"⌛ Building environment","timeElapsed":221,"timestamp":"2026-09-17T02:05:26.700Z"}
{"level":"info","message":"⌛ Validating src/cosas.wlk","timeElapsed":168,"timestamp":"2026-09-17T02:05:26.871Z"}
{"level":"info","message":"⌛ Building environment","timeElapsed":269,"timestamp":"2026-09-17T02:05:28.189Z"}
{"level":"info","message":"⌛ Validating src/cosas.wlk","timeElapsed":146,"timestamp":"2026-09-17T02:05:28.345Z"}
{"level":"info","message":"⌛ Building environment","timeElapsed":184,"timestamp":"2026-09-17T02:05:29.111Z"}
{"level":"info","message":"⌛ Validating src/cosas.wlk","timeElapsed":141,"timestamp":"2026-09-17T02:05:29.297Z"}
{"level":"info","message":"⌛ Building environment","timeElapsed":397,"timestamp":"2026-09-17T02:05:30.368Z"}
{"level":"info","message":"⌛ Validating src/cosas.wlk","timeElapsed":160,"timestamp":"2026-09-17T02:05:30.542Z"}
{"level":"info","message":"⌛ Building environment","timeElapsed":183,"timestamp":"2026-09-17T02:05:30.900Z"}
{"level":"info","message":"⌛ Validating src/cosas.wlk","timeElapsed":159,"timestamp":"2026-09-17T02:05:31.062Z"}
{"level":"info","message":"⌛ Building environment","timeElapsed":196,"timestamp":"2026-09-17T02:05:32.570Z"}
{"level":"info","message":"⌛ Validating src/cosas.wlk","timeElapsed":154,"timestamp":"2026-09-17T02:05:32.729Z"}
{"level":"info","message":"⌛ Building environment","timeElapsed":177,"timestamp":"2026-09-17T02:05:35.120Z"}
{"level":"info","message":"⌛ Validating src/cosas.wlk","timeElapsed":160,"timestamp":"2026-09-17T02:05:35.287Z"}
{"level":"info","message":"⌛ Building environment","timeElapsed":129,"timestamp":"2026-09-17T02:05:35.421Z"}
{"level":"info","message":"⌛ Validating src/cosas.wlk","timeElapsed":138,"timestamp":"2026-09-17T02:05:35.575Z"}
{"level":"info","message":"⌛ Building environment","timeElapsed":175,"timestamp":"2026-09-17T02:05:37.528Z"}
{"level":"info","message":"⌛ Building environment","timeElapsed":125,"timestamp":"2026-09-17T02:05:37.694Z"}
{"level":"info","message":"⌛ Validating src/cosas.wlk","timeElapsed":145,"timestamp":"2026-09-17T02:05:37.850Z"}
{"level":"info","message":"⌛ Validating src/cosas.wlk","timeElapsed":156,"timestamp":"2026-09-17T02:05:38.007Z"}
{"level":"info","message":"⌛ Building environment","timeElapsed":117,"timestamp":"2026-09-17T02:05:38.131Z"}
{"level":"info","message":"⌛ Building environment","timeElapsed":130,"timestamp":"2026-09-17T02:05:38.271Z"}
{"level":"info","message":"⌛ Validating src/cosas.wlk","timeElapsed":151,"timestamp":"2026-09-17T02:05:38.439Z"}
{"level":"info","message":"⌛ Validating src/cosas.wlk","timeElapsed":149,"timestamp":"2026-09-17T02:05:38.588Z"}
{"level":"info","message":"⌛ Building environment","timeElapsed":104,"timestamp":"2026-09-17T02:05:38.699Z"}
{"level":"info","message":"⌛ Validating src/cosas.wlk","timeElapsed":213,"timestamp":"2026-09-17T02:05:38.925Z"}
{"level":"info","message":"⌛ Building environment","timeElapsed":220,"timestamp":"2026-09-17T02:05:39.726Z"}
{"level":"info","message":"⌛ Validating src/cosas.wlk","timeElapsed":142,"timestamp":"2026-09-17T02:05:39.877Z"}
{"level":"info","message":"⌛ Building environment","timeElapsed":203,"timestamp":"2026-09-17T02:05:42.081Z"}
{"level":"info","message":"⌛ Building environment","timeElapsed":201,"timestamp":"2026-09-17T02:05:42.341Z"}
{"level":"info","message":"⌛ Validating src/cosas.wlk","timeElapsed":145,"timestamp":"2026-09-17T02:05:42.495Z"}
{"level":"info","message":"⌛ Building environment","timeElapsed":103,"timestamp":"2026-09-17T02:05:42.598Z"}
{"level":"info","message":"⌛ Building environment","timeElapsed":114,"timestamp":"2026-09-17T02:05:42.752Z"}
{"level":"info","message":"⌛ Validating src/cosas.wlk","timeElapsed":132,"timestamp":"2026-09-17T02:05:42.885Z"}
{"level":"info","message":"⌛ Validating src/cosas.wlk","timeElapsed":131,"timestamp":"2026-09-17T02:05:43.121Z"}
{"level":"info","message":"⌛ Validating src/cosas.wlk","timeElapsed":118,"timestamp":"2026-09-17T02:05:43.245Z"}
{"level":"info","message":"⌛ Validating src/cosas.wlk","timeElapsed":172,"timestamp":"2026-09-17T02:05:43.417Z"}
{"level":"info","message":"⌛ Validating src/cosas.wlk","timeElapsed":153,"timestamp":"2026-09-17T02:05:43.717Z"}
{"level":"info","message":"⌛ Building environment","timeElapsed":121,"timestamp":"2026-09-17T02:05:43.845Z"}
{"level":"info","message":"⌛ Validating src/cosas.wlk","timeElapsed":154,"timestamp":"2026-09-17T02:05:44.038Z"}
{"level":"info","message":"⌛ Building environment","timeElapsed":108,"timestamp":"2026-09-17T02:05:44.149Z"}
{"level":"info","message":"⌛ Validating src/cosas.wlk","timeElapsed":158,"timestamp":"2026-09-17T02:05:44.343Z"}
{"level":"info","message":"⌛ Building environment","timeElapsed":103,"timestamp":"2026-09-17T02:05:44.449Z"}
{"level":"info","message":"⌛ Validating src/cosas.wlk","timeElapsed":141,"timestamp":"2026-09-17T02:05:44.625Z"}
{"level":"info","message":"⌛ Building environment","timeElapsed":184,"timestamp":"2026-09-17T02:05:44.886Z"}
{"level":"info","message":"⌛ Building environment","timeElapsed":125,"timestamp":"2026-09-17T02:05:45.046Z"}
{"level":"info","message":"⌛ Validating src/cosas.wlk","timeElapsed":162,"timestamp":"2026-09-17T02:05:45.208Z"}
{"level":"info","message":"⌛ Building environment","timeElapsed":114,"timestamp":"2026-09-17T02:05:45.322Z"}
{"level":"info","message":"⌛ Validating src/cosas.wlk","timeElapsed":159,"timestamp":"2026-09-17T02:05:45.520Z"}
{"level":"info","message":"⌛ Building environment","timeElapsed":215,"timestamp":"2026-09-17T02:05:45.746Z"}
{"level":"info","message":"⌛ Validating src/cosas.wlk","timeElapsed":156,"timestamp":"2026-09-17T02:05:45.903Z"}
{"level":"info","message":"⌛ Building environment","timeElapsed":139,"timestamp":"2026-09-17T02:05:46.042Z"}
{"level":"info","message":"⌛ Building environment","timeElapsed":117,"timestamp":"2026-09-17T02:05:46.198Z"}
{"level":"info","message":"⌛ Building environment","timeElapsed":111,"timestamp":"2026-09-17T02:05:46.310Z"}
{"level":"info","message":"⌛ Validating src/cosas.wlk","timeElapsed":144,"timestamp":"2026-09-17T02:05:46.455Z"}
{"level":"info","message":"⌛ Validating src/cosas.wlk","timeElapsed":158,"timestamp":"2026-09-17T02:05:46.621Z"}
{"level":"info","message":"⌛ Validating src/cosas.wlk","timeElapsed":135,"timestamp":"2026-09-17T02:05:46.756Z"}
{"level":"info","message":"⌛ Validating src/cosas.wlk","timeElapsed":140,"timestamp":"2026-09-17T02:05:46.896Z"}
{"level":"info","message":"⌛ Building environment","timeElapsed":123,"timestamp":"2026-09-17T02:05:47.020Z"}
{"level":"info","message":"⌛ Validating src/cosas.wlk","timeElapsed":152,"timestamp":"2026-09-17T02:05:47.214Z"}
{"level":"info","message":"⌛ Building environment","timeElapsed":200,"timestamp":"2026-09-17T02:05:49.261Z"}
{"level":"info","message":"⌛ Building environment","timeElapsed":127,"timestamp":"2026-09-17T02:05:49.434Z"}
{"level":"info","message":"⌛ Validating src/cosas.wlk","timeElapsed":141,"timestamp":"2026-09-17T02:05:49.575Z"}
{"level":"info","message":"⌛ Validating src/cosas.wlk","timeElapsed":148,"timestamp":"2026-09-17T02:05:49.731Z"}
{"level":"info","message":"⌛ Building environment","timeElapsed":192,"timestamp":"2026-09-17T02:05:50.116Z"}
{"level":"info","message":"⌛ Building environment","timeElapsed":134,"timestamp":"2026-09-17T02:05:50.290Z"}
{"level":"info","message":"⌛ Validating src/cosas.wlk","timeElapsed":158,"timestamp":"2026-09-17T02:05:50.449Z"}
{"level":"info","message":"⌛ Building environment","timeElapsed":112,"timestamp":"2026-09-17T02:05:50.561Z"}
{"level":"info","message":"⌛ Validating src/cosas.wlk","timeElapsed":150,"timestamp":"2026-09-17T02:05:50.754Z"}
{"level":"info","message":"⌛ Building environment","timeElapsed":164,"timestamp":"2026-09-17T02:05:50.918Z"}
{"level":"info","message":"⌛ Validating src/cosas.wlk","timeElapsed":159,"timestamp":"2026-09-17T02:05:51.078Z"}
{"level":"info","message":"⌛ Validating src/cosas.wlk","timeElapsed":173,"timestamp":"2026-09-17T02:05:51.261Z"}
{"level":"info","message":"⌛ Building environment","timeElapsed":111,"timestamp":"2026-09-17T02:05:51.372Z"}
{"level":"info","message":"⌛ Building environment","timeElapsed":134,"timestamp":"2026-09-17T02:05:51.507Z"}
{"level":"info","message":"⌛ Building environment","timeElapsed":126,"timestamp":"2026-09-17T02:05:51.634Z"}
{"level":"info","message":"⌛ Validating src/cosas.wlk","timeElapsed":163,"timestamp":"2026-09-17T02:05:51.847Z"}
{"level":"info","message":"⌛ Building environment","timeElapsed":105,"timestamp":"2026-09-17T02:05:51.952Z"}
{"level":"info","message":"⌛ Validating src/cosas.wlk","timeElapsed":147,"timestamp":"2026-09-17T02:05:52.098Z"}
{"level":"info","message":"⌛ Validating src/cosas.wlk","timeElapsed":132,"timestamp":"2026-09-17T02:05:52.239Z"}
{"level":"info","message":"⌛ Validating src/cosas.wlk","timeElapsed":144,"timestamp":"2026-09-17T02:05:52.387Z"}
{"level":"info","message":"⌛ Building environment","timeElapsed":188,"timestamp":"2026-09-17T02:05:57.956Z"}
{"level":"info","message":"⌛ Validating src/cosas.wlk","timeElapsed":153,"timestamp":"2026-09-17T02:05:58.111Z"}
{"level":"info","message":"⌛ Building environment","timeElapsed":183,"timestamp":"2026-09-17T02:06:28.584Z"}
{"level":"info","message":"⌛ Validating src/cosas.wlk","timeElapsed":153,"timestamp":"2026-09-17T02:06:28.740Z"}
{"level":"info","message":"⌛ Building environment","timeElapsed":200,"timestamp":"2026-09-17T02:06:30.367Z"}
{"level":"info","message":"⌛ Building environment","timeElapsed":126,"timestamp":"2026-09-17T02:06:30.526Z"}
{"level":"info","message":"⌛ Validating src/cosas.wlk","timeElapsed":137,"timestamp":"2026-09-17T02:06:30.664Z"}
{"level":"info","message":"⌛ Validating src/cosas.wlk","timeElapsed":128,"timestamp":"2026-09-17T02:06:30.792Z"}
{"level":"info","message":"⌛ Building environment","timeElapsed":179,"timestamp":"2026-09-17T02:06:31.130Z"}
{"level":"info","message":"⌛ Validating src/cosas.wlk","timeElapsed":140,"timestamp":"2026-09-17T02:06:31.273Z"}
{"level":"info","message":"⌛ Building environment","timeElapsed":179,"timestamp":"2026-09-17T02:06:31.781Z"}
{"level":"info","message":"⌛ Validating src/cosas.wlk","timeElapsed":157,"timestamp":"2026-09-17T02:06:31.941Z"}
{"level":"info","message":"⌛ Building environment","timeElapsed":300,"timestamp":"2026-09-17T02:06:39.728Z"}
{"level":"info","message":"⌛ Validating src/cosas.wlk","timeElapsed":246,"timestamp":"2026-09-17T02:06:39.999Z"}
{"level":"info","message":"⌛ Building environment","timeElapsed":193,"timestamp":"2026-09-17T02:06:40.495Z"}
{"level":"info","message":"⌛ Validating src/cosas.wlk","timeElapsed":213,"timestamp":"2026-09-17T02:06:40.769Z"}
{"level":"info","message":"⌛ Building environment","timeElapsed":201,"timestamp":"2026-09-17T02:06:45.832Z"}
{"level":"info","message":"⌛ Building environment","timeElapsed":149,"timestamp":"2026-09-17T02:06:46.016Z"}
{"level":"info","message":"⌛ Validating src/cosas.wlk","timeElapsed":152,"timestamp":"2026-09-17T02:06:46.169Z"}
{"level":"info","message":"⌛ Building environment","timeElapsed":113,"timestamp":"2026-09-17T02:06:46.283Z"}
{"level":"info","message":"⌛ Validating src/cosas.wlk","timeElapsed":158,"timestamp":"2026-09-17T02:06:46.451Z"}
{"level":"info","message":"⌛ Autocomplete - Field","timeElapsed":106,"timestamp":"2026-09-17T02:06:46.776Z"}
{"level":"info","message":"⌛ Validating src/cosas.wlk","timeElapsed":135,"timestamp":"2026-09-17T02:06:46.915Z"}
{"level":"info","message":"⌛ Validating src/cosas.wlk","timeElapsed":124,"timestamp":"2026-09-17T02:06:47.040Z"}
{"level":"info","message":"⌛ Validating src/cosas.wlk","timeElapsed":129,"timestamp":"2026-09-17T02:06:47.169Z"}
{"level":"info","message":"⌛ Building environment","timeElapsed":227,"timestamp":"2026-09-17T02:06:47.801Z"}
{"level":"info","message":"⌛ Validating src/cosas.wlk","timeElapsed":182,"timestamp":"2026-09-17T02:06:47.987Z"}
{"level":"info","message":"⌛ Building environment","timeElapsed":191,"timestamp":"2026-09-17T02:06:48.802Z"}
{"level":"info","message":"⌛ Validating src/cosas.wlk","timeElapsed":171,"timestamp":"2026-09-17T02:06:48.976Z"}
{"level":"info","message":"⌛ Building environment","timeElapsed":114,"timestamp":"2026-09-17T02:06:49.090Z"}
{"level":"info","message":"⌛ Validating src/cosas.wlk","timeElapsed":153,"timestamp":"2026-09-17T02:06:49.246Z"}
{"level":"info","message":"⌛ Building environment","timeElapsed":235,"timestamp":"2026-09-17T02:06:49.923Z"}
{"level":"info","message":"⌛ Validating src/cosas.wlk","timeElapsed":156,"timestamp":"2026-09-17T02:06:50.082Z"}
{"level":"info","message":"⌛ Building environment","timeElapsed":186,"timestamp":"2026-09-17T02:07:01.645Z"}
{"level":"error","message":"✘ Completions for node Return ([50:3, 50:11] - src/cosas.wlk) failed: Error: [Return]{ab0967} at src/cosas.wlk:50 exhausted all cases without a match [Return]{ab0967} at src/cosas.wlk:50 exhausted all cases without a match","stack":"Error: [Return]{ab0967} at src/cosas.wlk:50 exhausted all cases without a match\n    at /home/ramiro/.vscode/extensions/uqbar.wollok-lsp-ide-0.5.5/out/server/src/server.js:38:6142\n    at L2 (/home/ramiro/.vscode/extensions/uqbar.wollok-lsp-ide-0.5.5/out/server/src/server.js:2421:42)\n    at Jh (/home/ramiro/.vscode/extensions/uqbar.wollok-lsp-ide-0.5.5/out/server/src/server.js:2421:1092)\n    at w5n (/home/ramiro/.vscode/extensions/uqbar.wollok-lsp-ide-0.5.5/out/server/src/server.js:2421:1248)\n    at /home/ramiro/.vscode/extensions/uqbar.wollok-lsp-ide-0.5.5/out/server/src/server.js:38:6131\n    at L2 (/home/ramiro/.vscode/extensions/uqbar.wollok-lsp-ide-0.5.5/out/server/src/server.js:2421:42)\n    at /home/ramiro/.vscode/extensions/uqbar.wollok-lsp-ide-0.5.5/out/server/src/server.js:2421:2988\n    at /home/ramiro/.vscode/extensions/uqbar.wollok-lsp-ide-0.5.5/out/server/src/server.js:2430:8440\n    at /home/ramiro/.vscode/extensions/uqbar.wollok-lsp-ide-0.5.5/out/server/src/server.js:37:74872\n    at Ke (/home/ramiro/.vscode/extensions/uqbar.wollok-lsp-ide-0.5.5/out/server/src/server.js:7:8527)","timestamp":"2026-09-17T02:07:01.679Z"}
{"level":"info","message":"⌛ Building environment","timeElapsed":129,"timestamp":"2026-09-17T02:07:01.812Z"}
{"level":"info","message":"⌛ Validating src/cosas.wlk","timeElapsed":132,"timestamp":"2026-09-17T02:07:01.945Z"}
{"level":"info","message":"⌛ Validating src/cosas.wlk","timeElapsed":148,"timestamp":"2026-09-17T02:07:02.093Z"}
{"level":"info","message":"⌛ Building environment","timeElapsed":113,"timestamp":"2026-09-17T02:07:02.215Z"}
{"level":"info","message":"⌛ Building environment","timeElapsed":145,"timestamp":"2026-09-17T02:07:02.361Z"}
{"level":"info","message":"⌛ Validating src/cosas.wlk","timeElapsed":130,"timestamp":"2026-09-17T02:07:02.492Z"}
{"level":"info","message":"⌛ Building environment","timeElapsed":105,"timestamp":"2026-09-17T02:07:02.597Z"}
{"level":"info","message":"⌛ Validating src/cosas.wlk","timeElapsed":142,"timestamp":"2026-09-17T02:07:02.746Z"}
{"level":"info","message":"⌛ Validating src/cosas.wlk","timeElapsed":135,"timestamp":"2026-09-17T02:07:02.885Z"}
{"level":"info","message":"⌛ Building environment","timeElapsed":236,"timestamp":"2026-09-17T02:07:03.656Z"}
{"level":"info","message":"⌛ Validating src/cosas.wlk","timeElapsed":162,"timestamp":"2026-09-17T02:07:03.858Z"}
{"level":"info","message":"⌛ Building environment","timeElapsed":307,"timestamp":"2026-09-17T02:07:06.971Z"}
{"level":"info","message":"⌛ Building environment","timeElapsed":150,"timestamp":"2026-09-17T02:07:07.121Z"}
{"level":"info","message":"⌛ Building environment","timeElapsed":102,"timestamp":"2026-09-17T02:07:07.224Z"}
{"level":"info","message":"⌛ Validating src/cosas.wlk","timeElapsed":171,"timestamp":"2026-09-17T02:07:07.409Z"}
{"level":"info","message":"⌛ Validating src/cosas.wlk","timeElapsed":129,"timestamp":"2026-09-17T02:07:07.546Z"}
{"level":"info","message":"⌛ Validating src/cosas.wlk","timeElapsed":123,"timestamp":"2026-09-17T02:07:07.669Z"}
{"level":"info","message":"⌛ Building environment","timeElapsed":182,"timestamp":"2026-09-17T02:07:08.859Z"}
{"level":"info","message":"⌛ Validating src/cosas.wlk","timeElapsed":277,"timestamp":"2026-09-17T02:07:09.139Z"}
{"level":"info","message":"⌛ Building environment","timeElapsed":250,"timestamp":"2026-09-17T02:07:10.181Z"}
{"level":"info","message":"⌛ Validating src/cosas.wlk","timeElapsed":165,"timestamp":"2026-09-17T02:07:10.382Z"}
{"level":"info","message":"⌛ Building environment","timeElapsed":186,"timestamp":"2026-09-17T02:07:12.226Z"}
{"level":"info","message":"⌛ Validating src/cosas.wlk","timeElapsed":147,"timestamp":"2026-09-17T02:07:12.376Z"}
{"level":"info","message":"⌛ Building environment","timeElapsed":189,"timestamp":"2026-09-17T02:07:13.145Z"}
{"level":"info","message":"⌛ Validating src/cosas.wlk","timeElapsed":159,"timestamp":"2026-09-17T02:07:13.308Z"}
{"level":"info","message":"⌛ Building environment","timeElapsed":202,"timestamp":"2026-09-17T02:07:14.209Z"}
{"level":"error","message":"✘ Completions for node Return (undefined - src/cosas.wlk) failed: Error: [Return]{d51a3a} at src/cosas.wlk:-- exhausted all cases without a match [Return]{d51a3a} at src/cosas.wlk:-- exhausted all cases without a match","stack":"Error: [Return]{d51a3a} at src/cosas.wlk:-- exhausted all cases without a match\n    at /home/ramiro/.vscode/extensions/uqbar.wollok-lsp-ide-0.5.5/out/server/src/server.js:38:6142\n    at L2 (/home/ramiro/.vscode/extensions/uqbar.wollok-lsp-ide-0.5.5/out/server/src/server.js:2421:42)\n    at Jh (/home/ramiro/.vscode/extensions/uqbar.wollok-lsp-ide-0.5.5/out/server/src/server.js:2421:1092)\n    at w5n (/home/ramiro/.vscode/extensions/uqbar.wollok-lsp-ide-0.5.5/out/server/src/server.js:2421:1248)\n    at /home/ramiro/.vscode/extensions/uqbar.wollok-lsp-ide-0.5.5/out/server/src/server.js:38:6131\n    at L2 (/home/ramiro/.vscode/extensions/uqbar.wollok-lsp-ide-0.5.5/out/server/src/server.js:2421:42)\n    at /home/ramiro/.vscode/extensions/uqbar.wollok-lsp-ide-0.5.5/out/server/src/server.js:2421:2988\n    at /home/ramiro/.vscode/extensions/uqbar.wollok-lsp-ide-0.5.5/out/server/src/server.js:2430:8440\n    at /home/ramiro/.vscode/extensions/uqbar.wollok-lsp-ide-0.5.5/out/server/src/server.js:37:74872\n    at Ke (/home/ramiro/.vscode/extensions/uqbar.wollok-lsp-ide-0.5.5/out/server/src/server.js:7:8527)","timestamp":"2026-09-17T02:07:14.248Z"}
{"level":"info","message":"⌛ Building environment","timeElapsed":135,"timestamp":"2026-09-17T02:07:14.388Z"}
{"level":"info","message":"⌛ Validating src/cosas.wlk","timeElapsed":149,"timestamp":"2026-09-17T02:07:14.538Z"}
{"level":"info","message":"⌛ Building environment","timeElapsed":116,"timestamp":"2026-09-17T02:07:14.654Z"}
{"level":"info","message":"⌛ Building environment","timeElapsed":121,"timestamp":"2026-09-17T02:07:14.774Z"}
{"level":"info","message":"⌛ Validating src/cosas.wlk","timeElapsed":153,"timestamp":"2026-09-17T02:07:14.928Z"}
{"level":"error","message":"✘ Completions for node Return (undefined - src/cosas.wlk) failed: Error: [Return]{7b14c5} at src/cosas.wlk:-- exhausted all cases without a match [Return]{7b14c5} at src/cosas.wlk:-- exhausted all cases without a match","stack":"Error: [Return]{7b14c5} at src/cosas.wlk:-- exhausted all cases without a match\n    at /home/ramiro/.vscode/extensions/uqbar.wollok-lsp-ide-0.5.5/out/server/src/server.js:38:6142\n    at L2 (/home/ramiro/.vscode/extensions/uqbar.wollok-lsp-ide-0.5.5/out/server/src/server.js:2421:42)\n    at Jh (/home/ramiro/.vscode/extensions/uqbar.wollok-lsp-ide-0.5.5/out/server/src/server.js:2421:1092)\n    at w5n (/home/ramiro/.vscode/extensions/uqbar.wollok-lsp-ide-0.5.5/out/server/src/server.js:2421:1248)\n    at /home/ramiro/.vscode/extensions/uqbar.wollok-lsp-ide-0.5.5/out/server/src/server.js:38:6131\n    at L2 (/home/ramiro/.vscode/extensions/uqbar.wollok-lsp-ide-0.5.5/out/server/src/server.js:2421:42)\n    at /home/ramiro/.vscode/extensions/uqbar.wollok-lsp-ide-0.5.5/out/server/src/server.js:2421:2988\n    at /home/ramiro/.vscode/extensions/uqbar.wollok-lsp-ide-0.5.5/out/server/src/server.js:2430:8440\n    at /home/ramiro/.vscode/extensions/uqbar.wollok-lsp-ide-0.5.5/out/server/src/server.js:37:74872\n    at Ke (/home/ramiro/.vscode/extensions/uqbar.wollok-lsp-ide-0.5.5/out/server/src/server.js:7:8527)","timestamp":"2026-09-17T02:07:15.019Z"}
{"level":"info","message":"⌛ Validating src/cosas.wlk","timeElapsed":140,"timestamp":"2026-09-17T02:07:15.166Z"}
{"level":"info","message":"⌛ Validating src/cosas.wlk","timeElapsed":157,"timestamp":"2026-09-17T02:07:15.324Z"}
{"level":"info","message":"⌛ Building environment","timeElapsed":362,"timestamp":"2026-09-17T02:07:16.518Z"}
{"level":"info","message":"⌛ Building environment","timeElapsed":109,"timestamp":"2026-09-17T02:07:16.635Z"}
{"level":"info","message":"⌛ Validating src/cosas.wlk","timeElapsed":138,"timestamp":"2026-09-17T02:07:16.784Z"}
{"level":"info","message":"⌛ Validating src/cosas.wlk","timeElapsed":136,"timestamp":"2026-09-17T02:07:16.929Z"}
{"level":"info","message":"⌛ Building environment","timeElapsed":230,"timestamp":"2026-09-17T02:07:17.703Z"}
{"level":"error","message":"✘ Completions for node Return (undefined - src/cosas.wlk) failed: Error: [Return]{acbb5a} at src/cosas.wlk:-- exhausted all cases without a match [Return]{acbb5a} at src/cosas.wlk:-- exhausted all cases without a match","stack":"Error: [Return]{acbb5a} at src/cosas.wlk:-- exhausted all cases without a match\n    at /home/ramiro/.vscode/extensions/uqbar.wollok-lsp-ide-0.5.5/out/server/src/server.js:38:6142\n    at L2 (/home/ramiro/.vscode/extensions/uqbar.wollok-lsp-ide-0.5.5/out/server/src/server.js:2421:42)\n    at Jh (/home/ramiro/.vscode/extensions/uqbar.wollok-lsp-ide-0.5.5/out/server/src/server.js:2421:1092)\n    at w5n (/home/ramiro/.vscode/extensions/uqbar.wollok-lsp-ide-0.5.5/out/server/src/server.js:2421:1248)\n    at /home/ramiro/.vscode/extensions/uqbar.wollok-lsp-ide-0.5.5/out/server/src/server.js:38:6131\n    at L2 (/home/ramiro/.vscode/extensions/uqbar.wollok-lsp-ide-0.5.5/out/server/src/server.js:2421:42)\n    at /home/ramiro/.vscode/extensions/uqbar.wollok-lsp-ide-0.5.5/out/server/src/server.js:2421:2988\n    at /home/ramiro/.vscode/extensions/uqbar.wollok-lsp-ide-0.5.5/out/server/src/server.js:2430:8440\n    at /home/ramiro/.vscode/extensions/uqbar.wollok-lsp-ide-0.5.5/out/server/src/server.js:37:74872\n    at Ke (/home/ramiro/.vscode/extensions/uqbar.wollok-lsp-ide-0.5.5/out/server/src/server.js:7:8527)","timestamp":"2026-09-17T02:07:17.742Z"}
{"level":"info","message":"⌛ Building environment","timeElapsed":174,"timestamp":"2026-09-17T02:07:17.921Z"}
{"level":"info","message":"⌛ Validating src/cosas.wlk","timeElapsed":144,"timestamp":"2026-09-17T02:07:18.065Z"}
{"level":"info","message":"⌛ Building environment","timeElapsed":121,"timestamp":"2026-09-17T02:07:18.187Z"}
{"level":"info","message":"⌛ Building environment","timeElapsed":116,"timestamp":"2026-09-17T02:07:18.304Z"}
{"level":"info","message":"⌛ Validating src/cosas.wlk","timeElapsed":161,"timestamp":"2026-09-17T02:07:18.466Z"}
{"level":"info","message":"⌛ Validating src/cosas.wlk","timeElapsed":163,"timestamp":"2026-09-17T02:07:18.635Z"}
{"level":"info","message":"⌛ Validating src/cosas.wlk","timeElapsed":232,"timestamp":"2026-09-17T02:07:18.869Z"}
{"level":"info","message":"⌛ Building environment","timeElapsed":114,"timestamp":"2026-09-17T02:07:18.988Z"}
{"level":"info","message":"⌛ Building environment","timeElapsed":112,"timestamp":"2026-09-17T02:07:19.101Z"}
{"level":"info","message":"⌛ Building environment","timeElapsed":223,"timestamp":"2026-09-17T02:07:19.338Z"}
{"level":"info","message":"⌛ Building environment","timeElapsed":141,"timestamp":"2026-09-17T02:07:19.480Z"}
{"level":"info","message":"⌛ Validating src/cosas.wlk","timeElapsed":180,"timestamp":"2026-09-17T02:07:19.666Z"}
{"level":"info","message":"⌛ Validating src/cosas.wlk","timeElapsed":165,"timestamp":"2026-09-17T02:07:19.833Z"}
{"level":"info","message":"⌛ Validating src/cosas.wlk","timeElapsed":158,"timestamp":"2026-09-17T02:07:19.995Z"}
{"level":"info","message":"⌛ Building environment","timeElapsed":154,"timestamp":"2026-09-17T02:07:20.151Z"}
{"level":"info","message":"⌛ Validating src/cosas.wlk","timeElapsed":189,"timestamp":"2026-09-17T02:07:20.402Z"}
{"level":"info","message":"⌛ Building environment","timeElapsed":123,"timestamp":"2026-09-17T02:07:20.529Z"}
{"level":"info","message":"⌛ Building environment","timeElapsed":124,"timestamp":"2026-09-17T02:07:20.659Z"}
{"level":"info","message":"⌛ Building environment","timeElapsed":130,"timestamp":"2026-09-17T02:07:20.790Z"}
{"level":"info","message":"⌛ Validating src/cosas.wlk","timeElapsed":152,"timestamp":"2026-09-17T02:07:20.956Z"}
{"level":"info","message":"⌛ Building environment","timeElapsed":143,"timestamp":"2026-09-17T02:07:21.100Z"}
{"level":"info","message":"⌛ Validating src/cosas.wlk","timeElapsed":169,"timestamp":"2026-09-17T02:07:21.281Z"}
{"level":"info","message":"⌛ Validating src/cosas.wlk","timeElapsed":153,"timestamp":"2026-09-17T02:07:21.440Z"}
{"level":"info","message":"⌛ Validating src/cosas.wlk","timeElapsed":155,"timestamp":"2026-09-17T02:07:21.595Z"}
{"level":"info","message":"⌛ Validating src/cosas.wlk","timeElapsed":147,"timestamp":"2026-09-17T02:07:21.743Z"}
{"level":"info","message":"⌛ Building environment","timeElapsed":102,"timestamp":"2026-09-17T02:07:21.849Z"}
{"level":"info","message":"⌛ Validating src/cosas.wlk","timeElapsed":149,"timestamp":"2026-09-17T02:07:22.003Z"}
{"level":"info","message":"⌛ Building environment","timeElapsed":217,"timestamp":"2026-09-17T02:07:41.192Z"}
{"level":"error","message":"✘ Completions for node Send ([50:11, 50:41] - src/cosas.wlk) failed: Error: [Send]{534b92} at src/cosas.wlk:50 exhausted all cases without a match [Send]{534b92} at src/cosas.wlk:50 exhausted all cases without a match","stack":"Error: [Send]{534b92} at src/cosas.wlk:50 exhausted all cases without a match\n    at /home/ramiro/.vscode/extensions/uqbar.wollok-lsp-ide-0.5.5/out/server/src/server.js:38:6142\n    at L2 (/home/ramiro/.vscode/extensions/uqbar.wollok-lsp-ide-0.5.5/out/server/src/server.js:2421:42)\n    at Jh (/home/ramiro/.vscode/extensions/uqbar.wollok-lsp-ide-0.5.5/out/server/src/server.js:2421:1092)\n    at w5n (/home/ramiro/.vscode/extensions/uqbar.wollok-lsp-ide-0.5.5/out/server/src/server.js:2421:1248)\n    at /home/ramiro/.vscode/extensions/uqbar.wollok-lsp-ide-0.5.5/out/server/src/server.js:38:6131\n    at L2 (/home/ramiro/.vscode/extensions/uqbar.wollok-lsp-ide-0.5.5/out/server/src/server.js:2421:42)\n    at /home/ramiro/.vscode/extensions/uqbar.wollok-lsp-ide-0.5.5/out/server/src/server.js:2421:2988\n    at /home/ramiro/.vscode/extensions/uqbar.wollok-lsp-ide-0.5.5/out/server/src/server.js:2430:8440\n    at /home/ramiro/.vscode/extensions/uqbar.wollok-lsp-ide-0.5.5/out/server/src/server.js:37:74872\n    at Ke (/home/ramiro/.vscode/extensions/uqbar.wollok-lsp-ide-0.5.5/out/server/src/server.js:7:8527)","timestamp":"2026-09-17T02:07:41.308Z"}
{"level":"info","message":"⌛ Building environment","timeElapsed":123,"timestamp":"2026-09-17T02:07:41.438Z"}
{"level":"info","message":"⌛ Validating src/cosas.wlk","timeElapsed":259,"timestamp":"2026-09-17T02:07:41.704Z"}
{"level":"info","message":"⌛ Building environment","timeElapsed":171,"timestamp":"2026-09-17T02:07:41.876Z"}
{"level":"info","message":"⌛ Validating src/cosas.wlk","timeElapsed":135,"timestamp":"2026-09-17T02:07:42.012Z"}
{"level":"info","message":"⌛ Validating src/cosas.wlk","timeElapsed":149,"timestamp":"2026-09-17T02:07:42.169Z"}
{"level":"info","message":"⌛ Building environment","timeElapsed":115,"timestamp":"2026-09-17T02:07:42.287Z"}
{"level":"info","message":"⌛ Building environment","timeElapsed":146,"timestamp":"2026-09-17T02:07:42.434Z"}
{"level":"info","message":"⌛ Validating src/cosas.wlk","timeElapsed":144,"timestamp":"2026-09-17T02:07:42.579Z"}
{"level":"info","message":"⌛ Building environment","timeElapsed":104,"timestamp":"2026-09-17T02:07:42.683Z"}
{"level":"info","message":"⌛ Validating src/cosas.wlk","timeElapsed":137,"timestamp":"2026-09-17T02:07:42.820Z"}
{"level":"info","message":"⌛ Validating src/cosas.wlk","timeElapsed":130,"timestamp":"2026-09-17T02:07:42.949Z"}
{"level":"info","message":"⌛ Building environment","timeElapsed":239,"timestamp":"2026-09-17T02:09:30.785Z"}
{"level":"info","message":"⌛ Validating src/cosas.wlk","timeElapsed":151,"timestamp":"2026-09-17T02:09:30.938Z"}
{"level":"info","message":"⌛ Building environment","timeElapsed":311,"timestamp":"2026-09-17T02:09:32.406Z"}
{"level":"error","message":"✘ Completions for node Return ([54:4, 54:12] - src/cosas.wlk) failed: Error: [Return]{85b2b0} at src/cosas.wlk:54 exhausted all cases without a match [Return]{85b2b0} at src/cosas.wlk:54 exhausted all cases without a match","stack":"Error: [Return]{85b2b0} at src/cosas.wlk:54 exhausted all cases without a match\n    at /home/ramiro/.vscode/extensions/uqbar.wollok-lsp-ide-0.5.5/out/server/src/server.js:38:6142\n    at L2 (/home/ramiro/.vscode/extensions/uqbar.wollok-lsp-ide-0.5.5/out/server/src/server.js:2421:42)\n    at Jh (/home/ramiro/.vscode/extensions/uqbar.wollok-lsp-ide-0.5.5/out/server/src/server.js:2421:1092)\n    at w5n (/home/ramiro/.vscode/extensions/uqbar.wollok-lsp-ide-0.5.5/out/server/src/server.js:2421:1248)\n    at /home/ramiro/.vscode/extensions/uqbar.wollok-lsp-ide-0.5.5/out/server/src/server.js:38:6131\n    at L2 (/home/ramiro/.vscode/extensions/uqbar.wollok-lsp-ide-0.5.5/out/server/src/server.js:2421:42)\n    at /home/ramiro/.vscode/extensions/uqbar.wollok-lsp-ide-0.5.5/out/server/src/server.js:2421:2988\n    at /home/ramiro/.vscode/extensions/uqbar.wollok-lsp-ide-0.5.5/out/server/src/server.js:2430:8440\n    at /home/ramiro/.vscode/extensions/uqbar.wollok-lsp-ide-0.5.5/out/server/src/server.js:37:74872\n    at Ke (/home/ramiro/.vscode/extensions/uqbar.wollok-lsp-ide-0.5.5/out/server/src/server.js:7:8527)","timestamp":"2026-09-17T02:09:32.473Z"}
{"level":"info","message":"⌛ Building environment","timeElapsed":146,"timestamp":"2026-09-17T02:09:32.626Z"}
{"level":"info","message":"⌛ Building environment","timeElapsed":200,"timestamp":"2026-09-17T02:09:32.828Z"}
{"level":"info","message":"⌛ Validating src/cosas.wlk","timeElapsed":157,"timestamp":"2026-09-17T02:09:32.986Z"}
{"level":"info","message":"⌛ Building environment","timeElapsed":123,"timestamp":"2026-09-17T02:09:33.109Z"}
{"level":"info","message":"⌛ Validating src/cosas.wlk","timeElapsed":142,"timestamp":"2026-09-17T02:09:33.251Z"}
{"level":"info","message":"⌛ Building environment","timeElapsed":101,"timestamp":"2026-09-17T02:09:33.353Z"}
{"level":"info","message":"⌛ Validating src/cosas.wlk","timeElapsed":244,"timestamp":"2026-09-17T02:09:33.599Z"}
{"level":"info","message":"⌛ Validating src/cosas.wlk","timeElapsed":143,"timestamp":"2026-09-17T02:09:33.753Z"}
{"level":"info","message":"⌛ Validating src/cosas.wlk","timeElapsed":150,"timestamp":"2026-09-17T02:09:33.907Z"}
{"level":"info","message":"⌛ Building environment","timeElapsed":150,"timestamp":"2026-09-17T02:09:34.060Z"}
{"level":"info","message":"⌛ Validating src/cosas.wlk","timeElapsed":148,"timestamp":"2026-09-17T02:09:34.249Z"}
{"level":"info","message":"⌛ Building environment","timeElapsed":216,"timestamp":"2026-09-17T02:09:34.519Z"}
{"level":"info","message":"⌛ Validating src/cosas.wlk","timeElapsed":244,"timestamp":"2026-09-17T02:09:34.784Z"}
{"level":"info","message":"⌛ Building environment","timeElapsed":112,"timestamp":"2026-09-17T02:09:34.904Z"}
{"level":"info","message":"⌛ Validating src/cosas.wlk","timeElapsed":150,"timestamp":"2026-09-17T02:09:35.057Z"}
{"level":"info","message":"⌛ Building environment","timeElapsed":253,"timestamp":"2026-09-17T02:09:36.002Z"}
{"level":"info","message":"⌛ Building environment","timeElapsed":127,"timestamp":"2026-09-17T02:09:36.130Z"}
{"level":"info","message":"⌛ Validating src/cosas.wlk","timeElapsed":156,"timestamp":"2026-09-17T02:09:36.286Z"}
{"level":"info","message":"⌛ Validating src/cosas.wlk","timeElapsed":151,"timestamp":"2026-09-17T02:09:36.438Z"}
{"level":"info","message":"⌛ Building environment","timeElapsed":120,"timestamp":"2026-09-17T02:09:36.558Z"}
{"level":"info","message":"⌛ Validating src/cosas.wlk","timeElapsed":153,"timestamp":"2026-09-17T02:09:36.720Z"}
{"level":"info","message":"⌛ Building environment","timeElapsed":256,"timestamp":"2026-09-17T02:09:37.167Z"}
{"level":"info","message":"⌛ Building environment","timeElapsed":140,"timestamp":"2026-09-17T02:09:37.308Z"}
{"level":"error","message":"✘ Completions for node Return ([54:4, 54:19] - src/cosas.wlk) failed: Error: [Return]{b402f9} at src/cosas.wlk:54 exhausted all cases without a match [Return]{b402f9} at src/cosas.wlk:54 exhausted all cases without a match","stack":"Error: [Return]{b402f9} at src/cosas.wlk:54 exhausted all cases without a match\n    at /home/ramiro/.vscode/extensions/uqbar.wollok-lsp-ide-0.5.5/out/server/src/server.js:38:6142\n    at L2 (/home/ramiro/.vscode/extensions/uqbar.wollok-lsp-ide-0.5.5/out/server/src/server.js:2421:42)\n    at Jh (/home/ramiro/.vscode/extensions/uqbar.wollok-lsp-ide-0.5.5/out/server/src/server.js:2421:1092)\n    at w5n (/home/ramiro/.vscode/extensions/uqbar.wollok-lsp-ide-0.5.5/out/server/src/server.js:2421:1248)\n    at /home/ramiro/.vscode/extensions/uqbar.wollok-lsp-ide-0.5.5/out/server/src/server.js:38:6131\n    at L2 (/home/ramiro/.vscode/extensions/uqbar.wollok-lsp-ide-0.5.5/out/server/src/server.js:2421:42)\n    at /home/ramiro/.vscode/extensions/uqbar.wollok-lsp-ide-0.5.5/out/server/src/server.js:2421:2988\n    at /home/ramiro/.vscode/extensions/uqbar.wollok-lsp-ide-0.5.5/out/server/src/server.js:2430:8440\n    at /home/ramiro/.vscode/extensions/uqbar.wollok-lsp-ide-0.5.5/out/server/src/server.js:37:74872\n    at Ke (/home/ramiro/.vscode/extensions/uqbar.wollok-lsp-ide-0.5.5/out/server/src/server.js:7:8527)","timestamp":"2026-09-17T02:09:37.349Z"}
{"level":"info","message":"⌛ Building environment","timeElapsed":148,"timestamp":"2026-09-17T02:09:37.501Z"}
{"level":"info","message":"⌛ Validating src/cosas.wlk","timeElapsed":144,"timestamp":"2026-09-17T02:09:37.646Z"}
{"level":"info","message":"⌛ Validating src/cosas.wlk","timeElapsed":141,"timestamp":"2026-09-17T02:09:37.787Z"}
{"level":"info","message":"⌛ Validating src/cosas.wlk","timeElapsed":133,"timestamp":"2026-09-17T02:09:37.928Z"}
{"level":"info","message":"⌛ Building environment","timeElapsed":300,"timestamp":"2026-09-17T02:09:38.914Z"}
{"level":"info","message":"⌛ Validating src/cosas.wlk","timeElapsed":146,"timestamp":"2026-09-17T02:09:39.089Z"}
{"level":"info","message":"⌛ Building environment","timeElapsed":177,"timestamp":"2026-09-17T02:09:41.439Z"}
{"level":"error","message":"✘ Completions for node Send ([54:11, 54:23] - src/cosas.wlk) failed: Error: [Send]{ee8b5f} at src/cosas.wlk:54 exhausted all cases without a match [Send]{ee8b5f} at src/cosas.wlk:54 exhausted all cases without a match","stack":"Error: [Send]{ee8b5f} at src/cosas.wlk:54 exhausted all cases without a match\n    at /home/ramiro/.vscode/extensions/uqbar.wollok-lsp-ide-0.5.5/out/server/src/server.js:38:6142\n    at L2 (/home/ramiro/.vscode/extensions/uqbar.wollok-lsp-ide-0.5.5/out/server/src/server.js:2421:42)\n    at Jh (/home/ramiro/.vscode/extensions/uqbar.wollok-lsp-ide-0.5.5/out/server/src/server.js:2421:1092)\n    at w5n (/home/ramiro/.vscode/extensions/uqbar.wollok-lsp-ide-0.5.5/out/server/src/server.js:2421:1248)\n    at /home/ramiro/.vscode/extensions/uqbar.wollok-lsp-ide-0.5.5/out/server/src/server.js:38:6131\n    at L2 (/home/ramiro/.vscode/extensions/uqbar.wollok-lsp-ide-0.5.5/out/server/src/server.js:2421:42)\n    at /home/ramiro/.vscode/extensions/uqbar.wollok-lsp-ide-0.5.5/out/server/src/server.js:2421:2988\n    at /home/ramiro/.vscode/extensions/uqbar.wollok-lsp-ide-0.5.5/out/server/src/server.js:2430:8440\n    at /home/ramiro/.vscode/extensions/uqbar.wollok-lsp-ide-0.5.5/out/server/src/server.js:37:74872\n    at Ke (/home/ramiro/.vscode/extensions/uqbar.wollok-lsp-ide-0.5.5/out/server/src/server.js:7:8527)","timestamp":"2026-09-17T02:09:41.486Z"}
{"level":"error","message":"✘ Completions for node Return ([54:4, 54:23] - src/cosas.wlk) failed: Error: [Return]{0186c7} at src/cosas.wlk:54 exhausted all cases without a match [Return]{0186c7} at src/cosas.wlk:54 exhausted all cases without a match","stack":"Error: [Return]{0186c7} at src/cosas.wlk:54 exhausted all cases without a match\n    at /home/ramiro/.vscode/extensions/uqbar.wollok-lsp-ide-0.5.5/out/server/src/server.js:38:6142\n    at L2 (/home/ramiro/.vscode/extensions/uqbar.wollok-lsp-ide-0.5.5/out/server/src/server.js:2421:42)\n    at Jh (/home/ramiro/.vscode/extensions/uqbar.wollok-lsp-ide-0.5.5/out/server/src/server.js:2421:1092)\n    at L2 (/home/ramiro/.vscode/extensions/uqbar.wollok-lsp-ide-0.5.5/out/server/src/server.js:2421:544)\n    at Jh (/home/ramiro/.vscode/extensions/uqbar.wollok-lsp-ide-0.5.5/out/server/src/server.js:2421:1092)\n    at w5n (/home/ramiro/.vscode/extensions/uqbar.wollok-lsp-ide-0.5.5/out/server/src/server.js:2421:1248)\n    at /home/ramiro/.vscode/extensions/uqbar.wollok-lsp-ide-0.5.5/out/server/src/server.js:38:6131\n    at L2 (/home/ramiro/.vscode/extensions/uqbar.wollok-lsp-ide-0.5.5/out/server/src/server.js:2421:42)\n    at /home/ramiro/.vscode/extensions/uqbar.wollok-lsp-ide-0.5.5/out/server/src/server.js:2421:2988\n    at /home/ramiro/.vscode/extensions/uqbar.wollok-lsp-ide-0.5.5/out/server/src/server.js:2430:8440","timestamp":"2026-09-17T02:09:41.486Z"}
{"level":"info","message":"⌛ Building environment","timeElapsed":134,"timestamp":"2026-09-17T02:09:41.624Z"}
{"level":"info","message":"⌛ Validating src/cosas.wlk","timeElapsed":142,"timestamp":"2026-09-17T02:09:41.767Z"}
{"level":"info","message":"⌛ Building environment","timeElapsed":110,"timestamp":"2026-09-17T02:09:41.878Z"}
{"level":"info","message":"⌛ Validating src/cosas.wlk","timeElapsed":161,"timestamp":"2026-09-17T02:09:42.046Z"}
{"level":"info","message":"⌛ Validating src/cosas.wlk","timeElapsed":130,"timestamp":"2026-09-17T02:09:42.283Z"}
{"level":"info","message":"⌛ Validating src/cosas.wlk","timeElapsed":121,"timestamp":"2026-09-17T02:09:42.407Z"}
{"level":"info","message":"⌛ Building environment","timeElapsed":194,"timestamp":"2026-09-17T02:09:43.118Z"}
{"level":"info","message":"⌛ Building environment","timeElapsed":120,"timestamp":"2026-09-17T02:09:43.238Z"}
{"level":"info","message":"⌛ Validating src/cosas.wlk","timeElapsed":154,"timestamp":"2026-09-17T02:09:43.403Z"}
{"level":"info","message":"⌛ Validating src/cosas.wlk","timeElapsed":142,"timestamp":"2026-09-17T02:09:43.545Z"}
{"level":"info","message":"⌛ Building environment","timeElapsed":214,"timestamp":"2026-09-17T02:09:45.136Z"}
{"level":"info","message":"⌛ Building environment","timeElapsed":163,"timestamp":"2026-09-17T02:09:45.335Z"}
{"level":"info","message":"⌛ Validating src/cosas.wlk","timeElapsed":155,"timestamp":"2026-09-17T02:09:45.500Z"}
{"level":"info","message":"⌛ Building environment","timeElapsed":119,"timestamp":"2026-09-17T02:09:45.619Z"}
{"level":"info","message":"⌛ Validating src/cosas.wlk","timeElapsed":153,"timestamp":"2026-09-17T02:09:45.773Z"}
{"level":"info","message":"⌛ Building environment","timeElapsed":109,"timestamp":"2026-09-17T02:09:45.882Z"}
{"level":"info","message":"⌛ Validating src/cosas.wlk","timeElapsed":145,"timestamp":"2026-09-17T02:09:46.028Z"}
{"level":"info","message":"⌛ Validating src/cosas.wlk","timeElapsed":133,"timestamp":"2026-09-17T02:09:46.170Z"}
{"level":"info","message":"⌛ Building environment","timeElapsed":230,"timestamp":"2026-09-17T02:09:46.663Z"}
{"level":"info","message":"⌛ Validating src/cosas.wlk","timeElapsed":144,"timestamp":"2026-09-17T02:09:46.852Z"}
{"level":"info","message":"⌛ Building environment","timeElapsed":401,"timestamp":"2026-09-17T02:09:50.288Z"}
{"level":"info","message":"⌛ Building environment","timeElapsed":123,"timestamp":"2026-09-17T02:09:50.423Z"}
{"level":"info","message":"⌛ Building environment","timeElapsed":146,"timestamp":"2026-09-17T02:09:50.570Z"}
{"level":"info","message":"⌛ Building environment","timeElapsed":126,"timestamp":"2026-09-17T02:09:50.697Z"}
{"level":"info","message":"⌛ Validating src/cosas.wlk","timeElapsed":156,"timestamp":"2026-09-17T02:09:50.854Z"}
{"level":"info","message":"⌛ Building environment","timeElapsed":111,"timestamp":"2026-09-17T02:09:50.965Z"}
{"level":"info","message":"⌛ Validating src/cosas.wlk","timeElapsed":145,"timestamp":"2026-09-17T02:09:51.110Z"}
{"level":"info","message":"⌛ Validating src/cosas.wlk","timeElapsed":122,"timestamp":"2026-09-17T02:09:51.233Z"}
{"level":"info","message":"⌛ Validating src/cosas.wlk","timeElapsed":131,"timestamp":"2026-09-17T02:09:51.373Z"}
{"level":"info","message":"⌛ Validating src/cosas.wlk","timeElapsed":150,"timestamp":"2026-09-17T02:09:51.524Z"}
{"level":"info","message":"⌛ Building environment","timeElapsed":114,"timestamp":"2026-09-17T02:09:51.661Z"}
{"level":"info","message":"⌛ Validating src/cosas.wlk","timeElapsed":153,"timestamp":"2026-09-17T02:09:51.824Z"}
{"level":"info","message":"⌛ Building environment","timeElapsed":281,"timestamp":"2026-09-17T02:09:52.223Z"}
{"level":"info","message":"⌛ Building environment","timeElapsed":188,"timestamp":"2026-09-17T02:09:52.427Z"}
{"level":"info","message":"⌛ Validating src/cosas.wlk","timeElapsed":155,"timestamp":"2026-09-17T02:09:52.624Z"}
{"level":"info","message":"⌛ Validating src/cosas.wlk","timeElapsed":211,"timestamp":"2026-09-17T02:09:52.850Z"}
{"level":"info","message":"⌛ Building environment","timeElapsed":159,"timestamp":"2026-09-17T02:09:53.011Z"}
{"level":"info","message":"⌛ Building environment","timeElapsed":152,"timestamp":"2026-09-17T02:09:53.169Z"}
{"level":"info","message":"⌛ Building environment","timeElapsed":140,"timestamp":"2026-09-17T02:09:53.309Z"}
{"level":"info","message":"⌛ Validating src/cosas.wlk","timeElapsed":140,"timestamp":"2026-09-17T02:09:53.450Z"}
{"level":"info","message":"⌛ Validating src/cosas.wlk","timeElapsed":164,"timestamp":"2026-09-17T02:09:53.615Z"}
{"level":"info","message":"⌛ Validating src/cosas.wlk","timeElapsed":139,"timestamp":"2026-09-17T02:09:53.762Z"}
{"level":"info","message":"⌛ Building environment","timeElapsed":240,"timestamp":"2026-09-17T02:09:54.302Z"}
{"level":"info","message":"⌛ Validating src/cosas.wlk","timeElapsed":194,"timestamp":"2026-09-17T02:09:54.510Z"}
{"level":"info","message":"⌛ Building environment","timeElapsed":114,"timestamp":"2026-09-17T02:09:54.627Z"}
{"level":"info","message":"⌛ Building environment","timeElapsed":156,"timestamp":"2026-09-17T02:09:54.791Z"}
{"level":"info","message":"⌛ Validating src/cosas.wlk","timeElapsed":171,"timestamp":"2026-09-17T02:09:54.979Z"}
{"level":"info","message":"⌛ Building environment","timeElapsed":131,"timestamp":"2026-09-17T02:09:55.110Z"}
{"level":"info","message":"⌛ Building environment","timeElapsed":118,"timestamp":"2026-09-17T02:09:55.235Z"}
{"level":"info","message":"⌛ Validating src/cosas.wlk","timeElapsed":146,"timestamp":"2026-09-17T02:09:55.393Z"}
{"level":"info","message":"⌛ Building environment","timeElapsed":113,"timestamp":"2026-09-17T02:09:55.506Z"}
{"level":"info","message":"⌛ Validating src/cosas.wlk","timeElapsed":144,"timestamp":"2026-09-17T02:09:55.658Z"}
{"level":"info","message":"⌛ Validating src/cosas.wlk","timeElapsed":141,"timestamp":"2026-09-17T02:09:55.804Z"}
{"level":"info","message":"⌛ Validating src/cosas.wlk","timeElapsed":143,"timestamp":"2026-09-17T02:09:55.952Z"}
{"level":"info","message":"⌛ Building environment","timeElapsed":207,"timestamp":"2026-09-17T02:09:56.771Z"}
{"level":"info","message":"⌛ Validating src/cosas.wlk","timeElapsed":161,"timestamp":"2026-09-17T02:09:56.942Z"}
{"level":"info","message":"⌛ Building environment","timeElapsed":193,"timestamp":"2026-09-17T02:09:58.935Z"}
{"level":"info","message":"⌛ Validating src/cosas.wlk","timeElapsed":149,"timestamp":"2026-09-17T02:09:59.087Z"}
{"level":"info","message":"⌛ Building environment","timeElapsed":223,"timestamp":"2026-09-17T02:10:12.248Z"}
{"level":"info","message":"⌛ Validating src/cosas.wlk","timeElapsed":154,"timestamp":"2026-09-17T02:10:12.411Z"}
{"level":"info","message":"⌛ Building environment","timeElapsed":181,"timestamp":"2026-09-17T02:10:17.435Z"}
{"level":"info","message":"⌛ Validating src/cosas.wlk","timeElapsed":139,"timestamp":"2026-09-17T02:10:17.584Z"}
{"level":"info","message":"⌛ Building environment","timeElapsed":179,"timestamp":"2026-09-17T02:10:21.604Z"}
{"level":"info","message":"⌛ Validating src/cosas.wlk","timeElapsed":145,"timestamp":"2026-09-17T02:10:21.751Z"}
{"level":"info","message":"⌛ Building environment","timeElapsed":191,"timestamp":"2026-09-17T02:10:37.689Z"}
{"level":"info","message":"⌛ Validating src/cosas.wlk","timeElapsed":145,"timestamp":"2026-09-17T02:10:37.843Z"}
{"level":"info","message":"⌛ Building environment","timeElapsed":185,"timestamp":"2026-09-17T02:10:49.113Z"}
{"level":"info","message":"⌛ Validating src/cosas.wlk","timeElapsed":177,"timestamp":"2026-09-17T02:10:49.333Z"}
{"level":"info","message":"⌛ Building environment","timeElapsed":127,"timestamp":"2026-09-17T02:10:49.462Z"}
{"level":"info","message":"⌛ Building environment","timeElapsed":120,"timestamp":"2026-09-17T02:10:49.591Z"}
{"level":"info","message":"⌛ Validating src/cosas.wlk","timeElapsed":142,"timestamp":"2026-09-17T02:10:49.746Z"}
{"level":"info","message":"⌛ Validating src/cosas.wlk","timeElapsed":138,"timestamp":"2026-09-17T02:10:49.889Z"}
{"level":"info","message":"⌛ Building environment","timeElapsed":251,"timestamp":"2026-09-17T02:10:50.386Z"}
{"level":"info","message":"⌛ Validating src/cosas.wlk","timeElapsed":146,"timestamp":"2026-09-17T02:10:50.542Z"}
{"level":"info","message":"⌛ Building environment","timeElapsed":259,"timestamp":"2026-09-17T02:10:52.413Z"}
{"level":"info","message":"⌛ Validating src/cosas.wlk","timeElapsed":143,"timestamp":"2026-09-17T02:10:52.562Z"}
{"level":"info","message":"⌛ Building environment","timeElapsed":171,"timestamp":"2026-09-17T02:10:53.606Z"}
{"level":"info","message":"⌛ Validating src/cosas.wlk","timeElapsed":169,"timestamp":"2026-09-17T02:10:53.778Z"}
{"level":"info","message":"⌛ Building environment","timeElapsed":109,"timestamp":"2026-09-17T02:10:53.891Z"}
{"level":"info","message":"⌛ Validating src/cosas.wlk","timeElapsed":147,"timestamp":"2026-09-17T02:10:54.042Z"}
{"level":"info","message":"⌛ Building environment","timeElapsed":180,"timestamp":"2026-09-17T02:10:54.937Z"}
{"level":"info","message":"⌛ Validating src/cosas.wlk","timeElapsed":149,"timestamp":"2026-09-17T02:10:55.089Z"}
{"level":"info","message":"⌛ Building environment","timeElapsed":180,"timestamp":"2026-09-17T02:10:57.989Z"}
{"level":"info","message":"⌛ Validating src/cosas.wlk","timeElapsed":163,"timestamp":"2026-09-17T02:10:58.170Z"}
{"level":"info","message":"⌛ Building environment","timeElapsed":103,"timestamp":"2026-09-17T02:10:58.278Z"}
{"level":"info","message":"⌛ Validating src/cosas.wlk","timeElapsed":151,"timestamp":"2026-09-17T02:10:58.432Z"}
{"level":"info","message":"⌛ Building environment","timeElapsed":265,"timestamp":"2026-09-17T02:10:59.069Z"}
{"level":"info","message":"⌛ Validating src/cosas.wlk","timeElapsed":171,"timestamp":"2026-09-17T02:10:59.247Z"}
{"level":"info","message":"⌛ Building environment","timeElapsed":142,"timestamp":"2026-09-17T02:10:59.390Z"}
{"level":"info","message":"⌛ Validating src/cosas.wlk","timeElapsed":159,"timestamp":"2026-09-17T02:10:59.557Z"}
{"level":"info","message":"⌛ Building environment","timeElapsed":200,"timestamp":"2026-09-17T02:11:03.840Z"}
{"level":"info","message":"⌛ Validating src/cosas.wlk","timeElapsed":152,"timestamp":"2026-09-17T02:11:04.006Z"}
{"level":"info","message":"⌛ Building environment","timeElapsed":123,"timestamp":"2026-09-17T02:11:04.170Z"}
{"level":"info","message":"⌛ Validating src/cosas.wlk","timeElapsed":149,"timestamp":"2026-09-17T02:11:04.322Z"}
{"level":"info","message":"⌛ Building environment","timeElapsed":191,"timestamp":"2026-09-17T02:11:05.052Z"}
{"level":"info","message":"⌛ Validating src/cosas.wlk","timeElapsed":186,"timestamp":"2026-09-17T02:11:05.246Z"}
{"level":"info","message":"⌛ Building environment","timeElapsed":173,"timestamp":"2026-09-17T02:11:12.108Z"}
{"level":"info","message":"⌛ Validating src/cosas.wlk","timeElapsed":143,"timestamp":"2026-09-17T02:11:12.255Z"}
{"level":"info","message":"⌛ Building environment","timeElapsed":237,"timestamp":"2026-09-17T02:11:12.583Z"}
{"level":"info","message":"⌛ Building environment","timeElapsed":158,"timestamp":"2026-09-17T02:11:12.840Z"}
{"level":"info","message":"⌛ Validating src/cosas.wlk","timeElapsed":155,"timestamp":"2026-09-17T02:11:12.996Z"}
{"level":"info","message":"⌛ Building environment","timeElapsed":117,"timestamp":"2026-09-17T02:11:13.122Z"}
{"level":"info","message":"⌛ Validating src/cosas.wlk","timeElapsed":133,"timestamp":"2026-09-17T02:11:13.289Z"}
{"level":"info","message":"⌛ Validating src/cosas.wlk","timeElapsed":129,"timestamp":"2026-09-17T02:11:13.419Z"}
{"level":"info","message":"⌛ Building environment","timeElapsed":132,"timestamp":"2026-09-17T02:11:13.564Z"}
{"level":"info","message":"⌛ Validating src/cosas.wlk","timeElapsed":161,"timestamp":"2026-09-17T02:11:13.757Z"}
{"level":"info","message":"⌛ Building environment","timeElapsed":108,"timestamp":"2026-09-17T02:11:13.866Z"}
{"level":"info","message":"⌛ Building environment","timeElapsed":115,"timestamp":"2026-09-17T02:11:14.021Z"}
{"level":"info","message":"⌛ Validating src/cosas.wlk","timeElapsed":160,"timestamp":"2026-09-17T02:11:14.181Z"}
{"level":"info","message":"⌛ Validating src/cosas.wlk","timeElapsed":141,"timestamp":"2026-09-17T02:11:14.328Z"}
{"level":"info","message":"⌛ Building environment","timeElapsed":120,"timestamp":"2026-09-17T02:11:14.454Z"}
{"level":"info","message":"⌛ Building environment","timeElapsed":160,"timestamp":"2026-09-17T02:11:14.652Z"}
{"level":"info","message":"⌛ Validating src/cosas.wlk","timeElapsed":130,"timestamp":"2026-09-17T02:11:14.783Z"}
{"level":"info","message":"⌛ Validating src/cosas.wlk","timeElapsed":139,"timestamp":"2026-09-17T02:11:14.933Z"}
{"level":"info","message":"⌛ Building environment","timeElapsed":177,"timestamp":"2026-09-17T02:11:18.321Z"}
{"level":"info","message":"⌛ Validating src/cosas.wlk","timeElapsed":145,"timestamp":"2026-09-17T02:11:18.469Z"}
{"level":"info","message":"⌛ Building environment","timeElapsed":188,"timestamp":"2026-09-17T02:11:19.268Z"}
{"level":"info","message":"⌛ Building environment","timeElapsed":121,"timestamp":"2026-09-17T02:11:19.422Z"}
{"level":"info","message":"⌛ Validating src/cosas.wlk","timeElapsed":176,"timestamp":"2026-09-17T02:11:19.599Z"}
{"level":"info","message":"⌛ Validating src/cosas.wlk","timeElapsed":156,"timestamp":"2026-09-17T02:11:19.756Z"}
{"level":"info","message":"⌛ Building environment","timeElapsed":114,"timestamp":"2026-09-17T02:11:19.870Z"}
{"level":"info","message":"⌛ Building environment","timeElapsed":116,"timestamp":"2026-09-17T02:11:19.986Z"}
{"level":"info","message":"⌛ Validating src/cosas.wlk","timeElapsed":144,"timestamp":"2026-09-17T02:11:20.137Z"}
{"level":"info","message":"⌛ Validating src/cosas.wlk","timeElapsed":137,"timestamp":"2026-09-17T02:11:20.275Z"}
{"level":"info","message":"⌛ Building environment","timeElapsed":209,"timestamp":"2026-09-17T02:11:21.054Z"}
{"level":"info","message":"⌛ Validating src/cosas.wlk","timeElapsed":164,"timestamp":"2026-09-17T02:11:21.229Z"}
{"level":"info","message":"⌛ Building environment","timeElapsed":207,"timestamp":"2026-09-17T02:11:23.341Z"}
{"level":"info","message":"⌛ Building environment","timeElapsed":215,"timestamp":"2026-09-17T02:11:23.595Z"}
{"level":"info","message":"⌛ Validating src/cosas.wlk","timeElapsed":160,"timestamp":"2026-09-17T02:11:23.756Z"}
{"level":"info","message":"⌛ Validating src/cosas.wlk","timeElapsed":136,"timestamp":"2026-09-17T02:11:23.901Z"}
{"level":"info","message":"⌛ Building environment","timeElapsed":128,"timestamp":"2026-09-17T02:11:24.030Z"}
{"level":"info","message":"⌛ Building environment","timeElapsed":128,"timestamp":"2026-09-17T02:11:24.195Z"}
{"level":"info","message":"⌛ Building environment","timeElapsed":125,"timestamp":"2026-09-17T02:11:24.320Z"}
{"level":"info","message":"⌛ Validating src/cosas.wlk","timeElapsed":133,"timestamp":"2026-09-17T02:11:24.468Z"}
{"level":"info","message":"⌛ Building environment","timeElapsed":101,"timestamp":"2026-09-17T02:11:24.569Z"}
{"level":"info","message":"⌛ Validating src/cosas.wlk","timeElapsed":135,"timestamp":"2026-09-17T02:11:24.744Z"}
{"level":"info","message":"⌛ Validating src/cosas.wlk","timeElapsed":151,"timestamp":"2026-09-17T02:11:24.896Z"}
{"level":"info","message":"⌛ Validating src/cosas.wlk","timeElapsed":148,"timestamp":"2026-09-17T02:11:25.049Z"}
{"level":"info","message":"⌛ Building environment","timeElapsed":135,"timestamp":"2026-09-17T02:11:25.184Z"}
{"level":"info","message":"⌛ Building environment","timeElapsed":114,"timestamp":"2026-09-17T02:11:25.331Z"}
{"level":"info","message":"⌛ Validating src/cosas.wlk","timeElapsed":143,"timestamp":"2026-09-17T02:11:25.475Z"}
{"level":"info","message":"⌛ Validating src/cosas.wlk","timeElapsed":139,"timestamp":"2026-09-17T02:11:25.622Z"}
{"level":"info","message":"⌛ Building environment","timeElapsed":177,"timestamp":"2026-09-17T02:11:30.014Z"}
{"level":"info","message":"⌛ Validating src/cosas.wlk","timeElapsed":139,"timestamp":"2026-09-17T02:11:30.187Z"}
{"level":"info","message":"⌛ Building environment","timeElapsed":198,"timestamp":"2026-09-17T02:11:30.509Z"}
{"level":"info","message":"⌛ Validating src/cosas.wlk","timeElapsed":153,"timestamp":"2026-09-17T02:11:30.702Z"}
{"level":"info","message":"⌛ Building environment","timeElapsed":107,"timestamp":"2026-09-17T02:11:30.813Z"}
{"level":"info","message":"⌛ Building environment","timeElapsed":121,"timestamp":"2026-09-17T02:11:30.974Z"}
{"level":"info","message":"⌛ Validating src/cosas.wlk","timeElapsed":148,"timestamp":"2026-09-17T02:11:31.122Z"}
{"level":"info","message":"⌛ Building environment","timeElapsed":191,"timestamp":"2026-09-17T02:11:31.315Z"}
{"level":"info","message":"⌛ Validating src/cosas.wlk","timeElapsed":146,"timestamp":"2026-09-17T02:11:31.493Z"}
{"level":"info","message":"⌛ Validating src/cosas.wlk","timeElapsed":157,"timestamp":"2026-09-17T02:11:31.656Z"}
{"level":"info","message":"⌛ Building environment","timeElapsed":103,"timestamp":"2026-09-17T02:11:31.760Z"}
{"level":"info","message":"⌛ Validating src/cosas.wlk","timeElapsed":161,"timestamp":"2026-09-17T02:11:31.967Z"}
{"level":"info","message":"⌛ Building environment","timeElapsed":193,"timestamp":"2026-09-17T02:11:32.314Z"}
{"level":"info","message":"⌛ Building environment","timeElapsed":115,"timestamp":"2026-09-17T02:11:32.465Z"}
{"level":"info","message":"⌛ Validating src/cosas.wlk","timeElapsed":171,"timestamp":"2026-09-17T02:11:32.637Z"}
{"level":"info","message":"⌛ Validating src/cosas.wlk","timeElapsed":137,"timestamp":"2026-09-17T02:11:32.775Z"}
{"level":"info","message":"⌛ Building environment","timeElapsed":152,"timestamp":"2026-09-17T02:11:32.934Z"}
{"level":"info","message":"⌛ Building environment","timeElapsed":129,"timestamp":"2026-09-17T02:11:33.097Z"}
{"level":"info","message":"⌛ Building environment","timeElapsed":130,"timestamp":"2026-09-17T02:11:33.228Z"}
{"level":"info","message":"⌛ Validating src/cosas.wlk","timeElapsed":141,"timestamp":"2026-09-17T02:11:33.370Z"}
{"level":"info","message":"⌛ Validating src/cosas.wlk","timeElapsed":124,"timestamp":"2026-09-17T02:11:33.494Z"}
{"level":"info","message":"⌛ Validating src/cosas.wlk","timeElapsed":138,"timestamp":"2026-09-17T02:11:33.640Z"}
{"level":"info","message":"⌛ Building environment","timeElapsed":181,"timestamp":"2026-09-17T02:11:36.912Z"}
{"level":"info","message":"⌛ Building environment","timeElapsed":116,"timestamp":"2026-09-17T02:11:37.060Z"}
{"level":"info","message":"⌛ Validating src/cosas.wlk","timeElapsed":180,"timestamp":"2026-09-17T02:11:37.241Z"}
{"level":"info","message":"⌛ Validating src/cosas.wlk","timeElapsed":134,"timestamp":"2026-09-17T02:11:37.376Z"}
{"level":"info","message":"⌛ Building environment","timeElapsed":128,"timestamp":"2026-09-17T02:11:37.505Z"}
{"level":"info","message":"⌛ Building environment","timeElapsed":111,"timestamp":"2026-09-17T02:11:37.656Z"}
{"level":"info","message":"⌛ Validating src/cosas.wlk","timeElapsed":135,"timestamp":"2026-09-17T02:11:37.797Z"}
{"level":"info","message":"⌛ Validating src/cosas.wlk","timeElapsed":132,"timestamp":"2026-09-17T02:11:37.935Z"}
{"level":"info","message":"⌛ Building environment","timeElapsed":239,"timestamp":"2026-09-17T02:11:38.719Z"}
{"level":"info","message":"⌛ Validating src/cosas.wlk","timeElapsed":154,"timestamp":"2026-09-17T02:11:38.882Z"}
{"level":"info","message":"⌛ Building environment","timeElapsed":111,"timestamp":"2026-09-17T02:11:38.993Z"}
{"level":"info","message":"⌛ Building environment","timeElapsed":120,"timestamp":"2026-09-17T02:11:39.114Z"}
{"level":"info","message":"⌛ Validating src/cosas.wlk","timeElapsed":178,"timestamp":"2026-09-17T02:11:39.293Z"}
{"level":"info","message":"⌛ Validating src/cosas.wlk","timeElapsed":138,"timestamp":"2026-09-17T02:11:39.432Z"}
{"level":"info","message":"⌛ Building environment","timeElapsed":104,"timestamp":"2026-09-17T02:11:39.545Z"}
{"level":"info","message":"⌛ Validating src/cosas.wlk","timeElapsed":137,"timestamp":"2026-09-17T02:11:39.689Z"}
{"level":"info","message":"⌛ Building environment","timeElapsed":117,"timestamp":"2026-09-17T02:11:39.857Z"}
{"level":"info","message":"⌛ Validating src/cosas.wlk","timeElapsed":170,"timestamp":"2026-09-17T02:11:40.056Z"}
{"level":"info","message":"⌛ Building environment","timeElapsed":129,"timestamp":"2026-09-17T02:11:40.186Z"}
{"level":"info","message":"⌛ Building environment","timeElapsed":137,"timestamp":"2026-09-17T02:11:40.324Z"}
{"level":"info","message":"⌛ Validating src/cosas.wlk","timeElapsed":177,"timestamp":"2026-09-17T02:11:40.501Z"}
{"level":"info","message":"⌛ Validating src/cosas.wlk","timeElapsed":173,"timestamp":"2026-09-17T02:11:40.678Z"}
{"level":"info","message":"⌛ Building environment","timeElapsed":228,"timestamp":"2026-09-17T02:11:40.911Z"}
{"level":"info","message":"⌛ Building environment","timeElapsed":175,"timestamp":"2026-09-17T02:11:41.095Z"}
{"level":"info","message":"⌛ Validating src/cosas.wlk","timeElapsed":157,"timestamp":"2026-09-17T02:11:41.263Z"}
{"level":"info","message":"⌛ Building environment","timeElapsed":132,"timestamp":"2026-09-17T02:11:41.400Z"}
{"level":"info","message":"⌛ Validating src/cosas.wlk","timeElapsed":160,"timestamp":"2026-09-17T02:11:41.561Z"}
{"level":"info","message":"⌛ Building environment","timeElapsed":114,"timestamp":"2026-09-17T02:11:41.675Z"}
{"level":"info","message":"⌛ Building environment","timeElapsed":125,"timestamp":"2026-09-17T02:11:41.843Z"}
{"level":"info","message":"⌛ Validating src/cosas.wlk","timeElapsed":174,"timestamp":"2026-09-17T02:11:42.018Z"}
{"level":"info","message":"⌛ Building environment","timeElapsed":314,"timestamp":"2026-09-17T02:11:42.331Z"}
{"level":"info","message":"⌛ Validating src/cosas.wlk","timeElapsed":166,"timestamp":"2026-09-17T02:11:42.498Z"}
{"level":"info","message":"⌛ Validating src/cosas.wlk","timeElapsed":155,"timestamp":"2026-09-17T02:11:42.665Z"}
{"level":"info","message":"⌛ Building environment","timeElapsed":131,"timestamp":"2026-09-17T02:11:42.796Z"}
{"level":"info","message":"⌛ Validating src/cosas.wlk","timeElapsed":163,"timestamp":"2026-09-17T02:11:42.976Z"}
{"level":"info","message":"⌛ Building environment","timeElapsed":120,"timestamp":"2026-09-17T02:11:43.096Z"}
{"level":"info","message":"⌛ Building environment","timeElapsed":123,"timestamp":"2026-09-17T02:11:43.220Z"}
{"level":"info","message":"⌛ Validating src/cosas.wlk","timeElapsed":150,"timestamp":"2026-09-17T02:11:43.386Z"}
{"level":"info","message":"⌛ Validating src/cosas.wlk","timeElapsed":159,"timestamp":"2026-09-17T02:11:43.663Z"}
{"level":"info","message":"⌛ Building environment","timeElapsed":164,"timestamp":"2026-09-17T02:11:43.828Z"}
{"level":"info","message":"⌛ Validating src/cosas.wlk","timeElapsed":155,"timestamp":"2026-09-17T02:11:43.984Z"}
{"level":"info","message":"⌛ Building environment","timeElapsed":152,"timestamp":"2026-09-17T02:11:44.136Z"}
{"level":"info","message":"⌛ Building environment","timeElapsed":142,"timestamp":"2026-09-17T02:11:44.284Z"}
{"level":"info","message":"⌛ Validating src/cosas.wlk","timeElapsed":160,"timestamp":"2026-09-17T02:11:44.476Z"}
{"level":"info","message":"⌛ Building environment","timeElapsed":125,"timestamp":"2026-09-17T02:11:44.601Z"}
{"level":"info","message":"⌛ Validating src/cosas.wlk","timeElapsed":144,"timestamp":"2026-09-17T02:11:44.755Z"}
{"level":"info","message":"⌛ Building environment","timeElapsed":113,"timestamp":"2026-09-17T02:11:44.869Z"}
{"level":"info","message":"⌛ Validating src/cosas.wlk","timeElapsed":148,"timestamp":"2026-09-17T02:11:45.016Z"}
{"level":"info","message":"⌛ Validating src/cosas.wlk","timeElapsed":165,"timestamp":"2026-09-17T02:11:45.192Z"}
{"level":"info","message":"⌛ Validating src/cosas.wlk","timeElapsed":135,"timestamp":"2026-09-17T02:11:45.332Z"}
{"level":"info","message":"⌛ Building environment","timeElapsed":262,"timestamp":"2026-09-17T02:11:45.763Z"}
{"level":"info","message":"⌛ Validating src/cosas.wlk","timeElapsed":167,"timestamp":"2026-09-17T02:11:45.952Z"}
{"level":"info","message":"⌛ Building environment","timeElapsed":232,"timestamp":"2026-09-17T02:11:49.963Z"}
{"level":"info","message":"⌛ Building environment","timeElapsed":129,"timestamp":"2026-09-17T02:11:50.132Z"}
{"level":"info","message":"⌛ Validating src/cosas.wlk","timeElapsed":149,"timestamp":"2026-09-17T02:11:50.293Z"}
{"level":"info","message":"⌛ Building environment","timeElapsed":118,"timestamp":"2026-09-17T02:11:50.412Z"}
{"level":"info","message":"⌛ Validating src/cosas.wlk","timeElapsed":131,"timestamp":"2026-09-17T02:11:50.580Z"}
{"level":"info","message":"⌛ Validating src/cosas.wlk","timeElapsed":138,"timestamp":"2026-09-17T02:11:50.830Z"}
{"level":"info","message":"⌛ Validating src/cosas.wlk","timeElapsed":125,"timestamp":"2026-09-17T02:11:50.960Z"}
{"level":"info","message":"⌛ Building environment","timeElapsed":180,"timestamp":"2026-09-17T02:11:53.012Z"}
{"level":"info","message":"⌛ Validating src/cosas.wlk","timeElapsed":175,"timestamp":"2026-09-17T02:11:53.190Z"}
{"level":"info","message":"⌛ Building environment","timeElapsed":104,"timestamp":"2026-09-17T02:11:53.299Z"}
{"level":"info","message":"⌛ Validating src/cosas.wlk","timeElapsed":147,"timestamp":"2026-09-17T02:11:53.453Z"}
{"level":"info","message":"⌛ Building environment","timeElapsed":170,"timestamp":"2026-09-17T02:11:53.784Z"}
{"level":"info","message":"⌛ Validating src/cosas.wlk","timeElapsed":149,"timestamp":"2026-09-17T02:11:53.934Z"}
{"level":"info","message":"⌛ Building environment","timeElapsed":329,"timestamp":"2026-09-17T02:11:59.844Z"}
{"level":"info","message":"⌛ Building environment","timeElapsed":266,"timestamp":"2026-09-17T02:12:00.111Z"}
{"level":"info","message":"⌛ Validating src/cosas.wlk","timeElapsed":247,"timestamp":"2026-09-17T02:12:00.398Z"}
{"level":"info","message":"⌛ Validating src/cosas.wlk","timeElapsed":140,"timestamp":"2026-09-17T02:12:00.541Z"}
{"level":"info","message":"⌛ Building environment","timeElapsed":124,"timestamp":"2026-09-17T02:12:00.665Z"}
{"level":"info","message":"⌛ Building environment","timeElapsed":108,"timestamp":"2026-09-17T02:12:00.782Z"}
{"level":"info","message":"⌛ Building environment","timeElapsed":107,"timestamp":"2026-09-17T02:12:00.900Z"}
{"level":"info","message":"⌛ Validating src/cosas.wlk","timeElapsed":145,"timestamp":"2026-09-17T02:12:01.087Z"}
{"level":"info","message":"⌛ Validating src/cosas.wlk","timeElapsed":140,"timestamp":"2026-09-17T02:12:01.227Z"}
{"level":"info","message":"⌛ Validating src/cosas.wlk","timeElapsed":163,"timestamp":"2026-09-17T02:12:01.395Z"}
{"level":"info","message":"⌛ Building environment","timeElapsed":114,"timestamp":"2026-09-17T02:12:01.510Z"}
{"level":"info","message":"⌛ Building environment","timeElapsed":120,"timestamp":"2026-09-17T02:12:01.630Z"}
{"level":"info","message":"⌛ Validating src/cosas.wlk","timeElapsed":153,"timestamp":"2026-09-17T02:12:01.792Z"}
{"level":"info","message":"⌛ Validating src/cosas.wlk","timeElapsed":136,"timestamp":"2026-09-17T02:12:01.930Z"}
{"level":"info","message":"⌛ Building environment","timeElapsed":132,"timestamp":"2026-09-17T02:12:02.068Z"}
{"level":"info","message":"⌛ Building environment","timeElapsed":121,"timestamp":"2026-09-17T02:12:02.189Z"}
{"level":"info","message":"⌛ Validating src/cosas.wlk","timeElapsed":151,"timestamp":"2026-09-17T02:12:02.378Z"}
{"level":"info","message":"⌛ Validating src/cosas.wlk","timeElapsed":137,"timestamp":"2026-09-17T02:12:02.517Z"}
{"level":"info","message":"⌛ Building environment","timeElapsed":149,"timestamp":"2026-09-17T02:12:02.668Z"}
{"level":"info","message":"⌛ Building environment","timeElapsed":144,"timestamp":"2026-09-17T02:12:02.813Z"}
{"level":"info","message":"⌛ Validating src/cosas.wlk","timeElapsed":162,"timestamp":"2026-09-17T02:12:02.976Z"}
{"level":"info","message":"⌛ Validating src/cosas.wlk","timeElapsed":139,"timestamp":"2026-09-17T02:12:03.124Z"}
{"level":"error","message":"✘ Failed to rebuild document Failed to parse src/cosas.wlk: \n-- PARSING FAILED --------------------------------------------------\n\n  59 |   var property peso = 0\n  60 |   method \n> 61 | }\n     | ^\n\nExpected one of the following: \n\n'!=', '!==', '%', '&&', '*', '**', '+', '-', '->', '..', '..<', '/', '<', '<<', '<<<', '<=', '<=>', '<>', '==', '===', '>', '>..', '>=', '>>', '>>>', '?:', '@', 'and', 'class', 'const', 'describe', 'invert', 'mixin', 'negate', 'object', 'only', 'or', 'package', 'plus', 'program', 'test', 'var', '{', '||', EOF, comment, identifier, not \"}\", whitespace\n","stack":"Error: Failed to parse src/cosas.wlk: \n-- PARSING FAILED --------------------------------------------------\n\n  59 |   var property peso = 0\n  60 |   method \n> 61 | }\n     | ^\n\nExpected one of the following: \n\n'!=', '!==', '%', '&&', '*', '**', '+', '-', '->', '..', '..<', '/', '<', '<<', '<<<', '<=', '<=>', '<>', '==', '===', '>', '>..', '>=', '>>', '>>>', '?:', '@', 'and', 'class', 'const', 'describe', 'invert', 'mixin', 'negate', 'object', 'only', 'or', 'package', 'plus', 'program', 'test', 'var', '{', '||', EOF, comment, identifier, not \"}\", whitespace\n\n    at /home/ramiro/.vscode/extensions/uqbar.wollok-lsp-ide-0.5.5/out/server/src/server.js:2385:13026\n    at Array.map (<anonymous>)\n    at z1n (/home/ramiro/.vscode/extensions/uqbar.wollok-lsp-ide-0.5.5/out/server/src/server.js:2385:12950)\n    at H2.buildEnvironmentFrom (/home/ramiro/.vscode/extensions/uqbar.wollok-lsp-ide-0.5.5/out/server/src/server.js:2430:5254)\n    at H2.updateEnvironmentWith (/home/ramiro/.vscode/extensions/uqbar.wollok-lsp-ide-0.5.5/out/server/src/server.js:2430:4989)\n    at QF (/home/ramiro/.vscode/extensions/uqbar.wollok-lsp-ide-0.5.5/out/server/src/server.js:2430:7383)\n    at V3.invoke (/home/ramiro/.vscode/extensions/uqbar.wollok-lsp-ide-0.5.5/out/server/src/server.js:3:157330)\n    at o.fire (/home/ramiro/.vscode/extensions/uqbar.wollok-lsp-ide-0.5.5/out/server/src/server.js:3:158100)\n    at /home/ramiro/.vscode/extensions/uqbar.wollok-lsp-ide-0.5.5/out/server/src/server.js:37:57871\n    at nd (/home/ramiro/.vscode/extensions/uqbar.wollok-lsp-ide-0.5.5/out/server/src/server.js:8:1561)","timestamp":"2026-09-17T02:12:03.162Z"}
{"level":"info","message":"⌛ Building environment","timeElapsed":213,"timestamp":"2026-09-17T02:12:04.074Z"}
{"level":"info","message":"⌛ Validating src/cosas.wlk","timeElapsed":150,"timestamp":"2026-09-17T02:12:04.236Z"}
{"level":"info","message":"⌛ Building environment","timeElapsed":200,"timestamp":"2026-09-17T02:12:07.343Z"}
{"level":"info","message":"⌛ Building environment","timeElapsed":140,"timestamp":"2026-09-17T02:12:07.523Z"}
{"level":"info","message":"⌛ Validating src/cosas.wlk","timeElapsed":169,"timestamp":"2026-09-17T02:12:07.693Z"}
{"level":"info","message":"⌛ Validating src/cosas.wlk","timeElapsed":156,"timestamp":"2026-09-17T02:12:07.977Z"}
{"level":"info","message":"⌛ Building environment","timeElapsed":141,"timestamp":"2026-09-17T02:12:08.119Z"}
{"level":"info","message":"⌛ Building environment","timeElapsed":114,"timestamp":"2026-09-17T02:12:08.234Z"}
{"level":"info","message":"⌛ Validating src/cosas.wlk","timeElapsed":141,"timestamp":"2026-09-17T02:12:08.402Z"}
{"level":"info","message":"⌛ Validating src/cosas.wlk","timeElapsed":114,"timestamp":"2026-09-17T02:12:08.517Z"}
{"level":"info","message":"⌛ Building environment","timeElapsed":201,"timestamp":"2026-09-17T02:12:10.270Z"}
{"level":"info","message":"⌛ Validating src/cosas.wlk","timeElapsed":151,"timestamp":"2026-09-17T02:12:10.423Z"}
{"level":"info","message":"⌛ Building environment","timeElapsed":231,"timestamp":"2026-09-17T02:12:11.860Z"}
{"level":"info","message":"⌛ Building environment","timeElapsed":136,"timestamp":"2026-09-17T02:12:11.997Z"}
{"level":"info","message":"⌛ Validating src/cosas.wlk","timeElapsed":149,"timestamp":"2026-09-17T02:12:12.196Z"}
{"level":"info","message":"⌛ Validating src/cosas.wlk","timeElapsed":140,"timestamp":"2026-09-17T02:12:12.341Z"}
{"level":"info","message":"⌛ Building environment","timeElapsed":283,"timestamp":"2026-09-17T02:12:13.164Z"}
{"level":"info","message":"⌛ Building environment","timeElapsed":146,"timestamp":"2026-09-17T02:12:13.318Z"}
{"level":"info","message":"⌛ Validating src/cosas.wlk","timeElapsed":148,"timestamp":"2026-09-17T02:12:13.477Z"}
{"level":"info","message":"⌛ Building environment","timeElapsed":109,"timestamp":"2026-09-17T02:12:13.587Z"}
{"level":"info","message":"⌛ Validating src/cosas.wlk","timeElapsed":134,"timestamp":"2026-09-17T02:12:13.773Z"}
{"level":"info","message":"⌛ Building environment","timeElapsed":122,"timestamp":"2026-09-17T02:12:13.903Z"}
{"level":"info","message":"⌛ Validating src/cosas.wlk","timeElapsed":150,"timestamp":"2026-09-17T02:12:14.053Z"}
{"level":"info","message":"⌛ Validating src/cosas.wlk","timeElapsed":131,"timestamp":"2026-09-17T02:12:14.190Z"}
{"level":"info","message":"⌛ Building environment","timeElapsed":141,"timestamp":"2026-09-17T02:12:14.353Z"}
{"level":"info","message":"⌛ Validating src/cosas.wlk","timeElapsed":159,"timestamp":"2026-09-17T02:12:14.514Z"}
{"level":"info","message":"⌛ Building environment","timeElapsed":215,"timestamp":"2026-09-17T02:12:14.864Z"}
{"level":"error","message":"✘ Completions for node Return ([61:2, 61:10] - src/cosas.wlk) failed: Error: [Return]{c605b6} at src/cosas.wlk:61 exhausted all cases without a match [Return]{c605b6} at src/cosas.wlk:61 exhausted all cases without a match","stack":"Error: [Return]{c605b6} at src/cosas.wlk:61 exhausted all cases without a match\n    at /home/ramiro/.vscode/extensions/uqbar.wollok-lsp-ide-0.5.5/out/server/src/server.js:38:6142\n    at L2 (/home/ramiro/.vscode/extensions/uqbar.wollok-lsp-ide-0.5.5/out/server/src/server.js:2421:42)\n    at Jh (/home/ramiro/.vscode/extensions/uqbar.wollok-lsp-ide-0.5.5/out/server/src/server.js:2421:1092)\n    at w5n (/home/ramiro/.vscode/extensions/uqbar.wollok-lsp-ide-0.5.5/out/server/src/server.js:2421:1248)\n    at /home/ramiro/.vscode/extensions/uqbar.wollok-lsp-ide-0.5.5/out/server/src/server.js:38:6131\n    at L2 (/home/ramiro/.vscode/extensions/uqbar.wollok-lsp-ide-0.5.5/out/server/src/server.js:2421:42)\n    at /home/ramiro/.vscode/extensions/uqbar.wollok-lsp-ide-0.5.5/out/server/src/server.js:2421:2988\n    at /home/ramiro/.vscode/extensions/uqbar.wollok-lsp-ide-0.5.5/out/server/src/server.js:2430:8440\n    at /home/ramiro/.vscode/extensions/uqbar.wollok-lsp-ide-0.5.5/out/server/src/server.js:37:74872\n    at Ke (/home/ramiro/.vscode/extensions/uqbar.wollok-lsp-ide-0.5.5/out/server/src/server.js:7:8527)","timestamp":"2026-09-17T02:12:14.923Z"}
{"level":"info","message":"⌛ Building environment","timeElapsed":191,"timestamp":"2026-09-17T02:12:15.119Z"}
{"level":"info","message":"⌛ Validating src/cosas.wlk","timeElapsed":184,"timestamp":"2026-09-17T02:12:15.304Z"}
{"level":"info","message":"⌛ Building environment","timeElapsed":142,"timestamp":"2026-09-17T02:12:15.459Z"}
{"level":"info","message":"⌛ Validating src/cosas.wlk","timeElapsed":174,"timestamp":"2026-09-17T02:12:15.634Z"}
{"level":"info","message":"⌛ Building environment","timeElapsed":113,"timestamp":"2026-09-17T02:12:15.748Z"}
{"level":"info","message":"⌛ Validating src/cosas.wlk","timeElapsed":173,"timestamp":"2026-09-17T02:12:15.929Z"}
{"level":"info","message":"⌛ Validating src/cosas.wlk","timeElapsed":145,"timestamp":"2026-09-17T02:12:16.080Z"}
{"level":"info","message":"⌛ Building environment","timeElapsed":175,"timestamp":"2026-09-17T02:12:17.878Z"}
{"level":"info","message":"⌛ Validating src/cosas.wlk","timeElapsed":133,"timestamp":"2026-09-17T02:12:18.019Z"}
{"level":"info","message":"⌛ Building environment","timeElapsed":187,"timestamp":"2026-09-17T02:12:19.693Z"}
{"level":"info","message":"⌛ Validating src/cosas.wlk","timeElapsed":138,"timestamp":"2026-09-17T02:12:19.834Z"}
{"level":"info","message":"⌛ Building environment","timeElapsed":256,"timestamp":"2026-09-17T02:12:20.821Z"}
{"level":"info","message":"⌛ Building environment","timeElapsed":131,"timestamp":"2026-09-17T02:12:20.985Z"}
{"level":"info","message":"⌛ Validating src/cosas.wlk","timeElapsed":165,"timestamp":"2026-09-17T02:12:21.150Z"}
{"level":"info","message":"⌛ Validating src/cosas.wlk","timeElapsed":296,"timestamp":"2026-09-17T02:12:21.461Z"}
{"level":"info","message":"⌛ Building environment","timeElapsed":119,"timestamp":"2026-09-17T02:12:21.581Z"}
{"level":"info","message":"⌛ Validating src/cosas.wlk","timeElapsed":136,"timestamp":"2026-09-17T02:12:21.731Z"}
{"level":"info","message":"⌛ Building environment","timeElapsed":211,"timestamp":"2026-09-17T02:12:22.313Z"}
{"level":"info","message":"⌛ Validating src/cosas.wlk","timeElapsed":161,"timestamp":"2026-09-17T02:12:22.487Z"}
{"level":"info","message":"⌛ Building environment","timeElapsed":200,"timestamp":"2026-09-17T02:12:25.747Z"}
{"level":"info","message":"⌛ Validating src/cosas.wlk","timeElapsed":141,"timestamp":"2026-09-17T02:12:25.947Z"}
{"level":"info","message":"⌛ Building environment","timeElapsed":119,"timestamp":"2026-09-17T02:12:26.104Z"}
{"level":"info","message":"⌛ Validating src/cosas.wlk","timeElapsed":147,"timestamp":"2026-09-17T02:12:26.254Z"}
{"level":"info","message":"⌛ Building environment","timeElapsed":172,"timestamp":"2026-09-17T02:12:26.427Z"}
{"level":"info","message":"⌛ Validating src/cosas.wlk","timeElapsed":130,"timestamp":"2026-09-17T02:12:26.560Z"}
{"level":"info","message":"⌛ Building environment","timeElapsed":375,"timestamp":"2026-09-17T02:12:27.203Z"}
{"level":"info","message":"⌛ Building environment","timeElapsed":110,"timestamp":"2026-09-17T02:12:27.314Z"}
{"level":"info","message":"⌛ Building environment","timeElapsed":121,"timestamp":"2026-09-17T02:12:27.471Z"}
{"level":"info","message":"⌛ Validating src/cosas.wlk","timeElapsed":155,"timestamp":"2026-09-17T02:12:27.626Z"}
{"level":"info","message":"⌛ Validating src/cosas.wlk","timeElapsed":172,"timestamp":"2026-09-17T02:12:27.800Z"}
{"level":"info","message":"⌛ Building environment","timeElapsed":149,"timestamp":"2026-09-17T02:12:27.950Z"}
{"level":"info","message":"⌛ Validating src/cosas.wlk","timeElapsed":158,"timestamp":"2026-09-17T02:12:28.109Z"}
{"level":"info","message":"⌛ Building environment","timeElapsed":125,"timestamp":"2026-09-17T02:12:28.243Z"}
{"level":"info","message":"⌛ Building environment","timeElapsed":141,"timestamp":"2026-09-17T02:12:28.426Z"}
{"level":"info","message":"⌛ Validating src/cosas.wlk","timeElapsed":169,"timestamp":"2026-09-17T02:12:28.595Z"}
{"level":"info","message":"⌛ Building environment","timeElapsed":110,"timestamp":"2026-09-17T02:12:28.707Z"}
{"level":"info","message":"⌛ Validating src/cosas.wlk","timeElapsed":138,"timestamp":"2026-09-17T02:12:28.853Z"}
{"level":"info","message":"⌛ Building environment","timeElapsed":106,"timestamp":"2026-09-17T02:12:28.958Z"}
{"level":"info","message":"⌛ Validating src/cosas.wlk","timeElapsed":146,"timestamp":"2026-09-17T02:12:29.112Z"}
{"level":"info","message":"⌛ Building environment","timeElapsed":106,"timestamp":"2026-09-17T02:12:29.219Z"}
{"level":"info","message":"⌛ Validating src/cosas.wlk","timeElapsed":132,"timestamp":"2026-09-17T02:12:29.417Z"}
{"level":"info","message":"⌛ Validating src/cosas.wlk","timeElapsed":146,"timestamp":"2026-09-17T02:12:29.563Z"}
{"level":"info","message":"⌛ Validating src/cosas.wlk","timeElapsed":120,"timestamp":"2026-09-17T02:12:29.684Z"}
{"level":"info","message":"⌛ Building environment","timeElapsed":223,"timestamp":"2026-09-17T02:12:31.291Z"}
{"level":"info","message":"⌛ Building environment","timeElapsed":154,"timestamp":"2026-09-17T02:12:31.485Z"}
{"level":"info","message":"⌛ Validating src/cosas.wlk","timeElapsed":154,"timestamp":"2026-09-17T02:12:31.640Z"}
{"level":"info","message":"⌛ Building environment","timeElapsed":122,"timestamp":"2026-09-17T02:12:31.770Z"}
{"level":"info","message":"⌛ Validating src/cosas.wlk","timeElapsed":153,"timestamp":"2026-09-17T02:12:31.923Z"}
{"level":"info","message":"⌛ Building environment","timeElapsed":119,"timestamp":"2026-09-17T02:12:32.042Z"}
{"level":"info","message":"⌛ Building environment","timeElapsed":121,"timestamp":"2026-09-17T02:12:32.164Z"}
{"level":"info","message":"⌛ Validating src/cosas.wlk","timeElapsed":172,"timestamp":"2026-09-17T02:12:32.335Z"}
{"level":"info","message":"⌛ Building environment","timeElapsed":106,"timestamp":"2026-09-17T02:12:32.483Z"}
{"level":"info","message":"⌛ Validating src/cosas.wlk","timeElapsed":162,"timestamp":"2026-09-17T02:12:32.646Z"}
{"level":"info","message":"⌛ Validating src/cosas.wlk","timeElapsed":121,"timestamp":"2026-09-17T02:12:32.767Z"}
{"level":"info","message":"⌛ Building environment","timeElapsed":106,"timestamp":"2026-09-17T02:12:32.885Z"}
{"level":"info","message":"⌛ Validating src/cosas.wlk","timeElapsed":131,"timestamp":"2026-09-17T02:12:33.023Z"}
{"level":"info","message":"⌛ Validating src/cosas.wlk","timeElapsed":139,"timestamp":"2026-09-17T02:12:33.168Z"}
{"level":"info","message":"⌛ Building environment","timeElapsed":194,"timestamp":"2026-09-17T02:12:34.765Z"}
{"level":"info","message":"⌛ Building environment","timeElapsed":228,"timestamp":"2026-09-17T02:12:34.994Z"}
{"level":"info","message":"⌛ Validating src/cosas.wlk","timeElapsed":133,"timestamp":"2026-09-17T02:12:35.127Z"}
{"level":"info","message":"⌛ Building environment","timeElapsed":106,"timestamp":"2026-09-17T02:12:35.234Z"}
{"level":"info","message":"⌛ Validating src/cosas.wlk","timeElapsed":132,"timestamp":"2026-09-17T02:12:35.372Z"}
{"level":"info","message":"⌛ Validating src/cosas.wlk","timeElapsed":115,"timestamp":"2026-09-17T02:12:35.495Z"}
{"level":"info","message":"⌛ Building environment","timeElapsed":199,"timestamp":"2026-09-17T02:12:52.158Z"}
{"level":"info","message":"⌛ Validating src/cosas.wlk","timeElapsed":150,"timestamp":"2026-09-17T02:12:52.312Z"}
{"level":"info","message":"⌛ Building environment","timeElapsed":183,"timestamp":"2026-09-17T02:12:52.563Z"}
{"level":"info","message":"⌛ Validating src/cosas.wlk","timeElapsed":171,"timestamp":"2026-09-17T02:12:52.736Z"}
{"level":"info","message":"⌛ Building environment","timeElapsed":189,"timestamp":"2026-09-17T02:12:53.541Z"}
{"level":"info","message":"⌛ Validating src/cosas.wlk","timeElapsed":165,"timestamp":"2026-09-17T02:12:53.744Z"}
{"level":"info","message":"⌛ Building environment","timeElapsed":163,"timestamp":"2026-09-17T02:12:55.133Z"}
{"level":"info","message":"⌛ Validating src/cosas.wlk","timeElapsed":148,"timestamp":"2026-09-17T02:12:55.290Z"}
{"level":"info","message":"⌛ Building environment","timeElapsed":126,"timestamp":"2026-09-17T02:12:55.425Z"}
{"level":"info","message":"⌛ Building environment","timeElapsed":121,"timestamp":"2026-09-17T02:12:55.553Z"}
{"level":"info","message":"⌛ Validating src/cosas.wlk","timeElapsed":177,"timestamp":"2026-09-17T02:12:55.730Z"}
{"level":"info","message":"⌛ Validating src/cosas.wlk","timeElapsed":157,"timestamp":"2026-09-17T02:12:55.887Z"}
{"level":"info","message":"⌛ Building environment","timeElapsed":136,"timestamp":"2026-09-17T02:12:56.023Z"}
{"level":"info","message":"⌛ Building environment","timeElapsed":132,"timestamp":"2026-09-17T02:12:56.162Z"}
{"level":"info","message":"⌛ Validating src/cosas.wlk","timeElapsed":149,"timestamp":"2026-09-17T02:12:56.326Z"}
{"level":"info","message":"⌛ Validating src/cosas.wlk","timeElapsed":135,"timestamp":"2026-09-17T02:12:56.465Z"}
{"level":"info","message":"⌛ Building environment","timeElapsed":197,"timestamp":"2026-09-17T02:12:58.817Z"}
{"level":"info","message":"⌛ Building environment","timeElapsed":135,"timestamp":"2026-09-17T02:12:58.989Z"}
{"level":"info","message":"⌛ Validating src/cosas.wlk","timeElapsed":289,"timestamp":"2026-09-17T02:12:59.278Z"}
{"level":"info","message":"⌛ Validating src/cosas.wlk","timeElapsed":139,"timestamp":"2026-09-17T02:12:59.426Z"}
{"level":"info","message":"⌛ Building environment","timeElapsed":115,"timestamp":"2026-09-17T02:12:59.542Z"}
{"level":"info","message":"⌛ Validating src/cosas.wlk","timeElapsed":167,"timestamp":"2026-09-17T02:12:59.711Z"}
{"level":"info","message":"⌛ Building environment","timeElapsed":209,"timestamp":"2026-09-17T02:12:59.923Z"}
{"level":"info","message":"⌛ Validating src/cosas.wlk","timeElapsed":232,"timestamp":"2026-09-17T02:13:00.162Z"}
{"level":"info","message":"⌛ Building environment","timeElapsed":148,"timestamp":"2026-09-17T02:13:00.312Z"}
{"level":"info","message":"⌛ Building environment","timeElapsed":184,"timestamp":"2026-09-17T02:13:00.542Z"}
{"level":"info","message":"⌛ Validating src/cosas.wlk","timeElapsed":163,"timestamp":"2026-09-17T02:13:00.720Z"}
{"level":"info","message":"⌛ Validating src/cosas.wlk","timeElapsed":132,"timestamp":"2026-09-17T02:13:00.856Z"}
{"level":"info","message":"⌛ Building environment","timeElapsed":180,"timestamp":"2026-09-17T02:13:02.043Z"}
{"level":"info","message":"⌛ Validating src/cosas.wlk","timeElapsed":161,"timestamp":"2026-09-17T02:13:02.247Z"}
{"level":"info","message":"⌛ Building environment","timeElapsed":110,"timestamp":"2026-09-17T02:13:02.361Z"}
{"level":"info","message":"⌛ Validating src/cosas.wlk","timeElapsed":169,"timestamp":"2026-09-17T02:13:02.568Z"}
{"level":"info","message":"⌛ Building environment","timeElapsed":140,"timestamp":"2026-09-17T02:13:02.710Z"}
{"level":"info","message":"⌛ Building environment","timeElapsed":129,"timestamp":"2026-09-17T02:13:02.851Z"}
{"level":"info","message":"⌛ Validating src/cosas.wlk","timeElapsed":151,"timestamp":"2026-09-17T02:13:03.054Z"}
{"level":"info","message":"⌛ Building environment","timeElapsed":126,"timestamp":"2026-09-17T02:13:03.181Z"}
{"level":"info","message":"⌛ Validating src/cosas.wlk","timeElapsed":144,"timestamp":"2026-09-17T02:13:03.333Z"}
{"level":"info","message":"⌛ Building environment","timeElapsed":105,"timestamp":"2026-09-17T02:13:03.439Z"}
{"level":"info","message":"⌛ Validating src/cosas.wlk","timeElapsed":136,"timestamp":"2026-09-17T02:13:03.607Z"}
{"level":"info","message":"⌛ Validating src/cosas.wlk","timeElapsed":132,"timestamp":"2026-09-17T02:13:03.744Z"}
{"level":"info","message":"⌛ Building environment","timeElapsed":194,"timestamp":"2026-09-17T02:13:04.458Z"}
{"level":"info","message":"⌛ Validating src/cosas.wlk","timeElapsed":151,"timestamp":"2026-09-17T02:13:04.653Z"}
{"level":"info","message":"⌛ Building environment","timeElapsed":120,"timestamp":"2026-09-17T02:13:04.777Z"}
{"level":"info","message":"⌛ Validating src/cosas.wlk","timeElapsed":153,"timestamp":"2026-09-17T02:13:04.967Z"}
{"level":"info","message":"⌛ Building environment","timeElapsed":246,"timestamp":"2026-09-17T02:13:05.852Z"}
{"level":"info","message":"⌛ Validating src/cosas.wlk","timeElapsed":159,"timestamp":"2026-09-17T02:13:06.051Z"}
{"level":"info","message":"⌛ Building environment","timeElapsed":112,"timestamp":"2026-09-17T02:13:06.167Z"}
{"level":"info","message":"⌛ Validating src/cosas.wlk","timeElapsed":156,"timestamp":"2026-09-17T02:13:06.359Z"}
{"level":"info","message":"⌛ Building environment","timeElapsed":114,"timestamp":"2026-09-17T02:13:06.475Z"}
{"level":"info","message":"⌛ Validating src/cosas.wlk","timeElapsed":173,"timestamp":"2026-09-17T02:13:06.680Z"}
{"level":"info","message":"⌛ Building environment","timeElapsed":117,"timestamp":"2026-09-17T02:13:06.798Z"}
{"level":"info","message":"⌛ Validating src/cosas.wlk","timeElapsed":140,"timestamp":"2026-09-17T02:13:06.972Z"}
{"level":"info","message":"⌛ Building environment","timeElapsed":209,"timestamp":"2026-09-17T02:13:07.420Z"}
{"level":"info","message":"⌛ Building environment","timeElapsed":129,"timestamp":"2026-09-17T02:13:07.587Z"}
{"level":"info","message":"⌛ Validating src/cosas.wlk","timeElapsed":159,"timestamp":"2026-09-17T02:13:07.747Z"}
{"level":"info","message":"⌛ Building environment","timeElapsed":145,"timestamp":"2026-09-17T02:13:07.892Z"}
{"level":"info","message":"⌛ Validating src/cosas.wlk","timeElapsed":151,"timestamp":"2026-09-17T02:13:08.076Z"}
{"level":"info","message":"⌛ Building environment","timeElapsed":113,"timestamp":"2026-09-17T02:13:08.190Z"}
{"level":"info","message":"⌛ Building environment","timeElapsed":120,"timestamp":"2026-09-17T02:13:08.311Z"}
{"level":"info","message":"⌛ Validating src/cosas.wlk","timeElapsed":141,"timestamp":"2026-09-17T02:13:08.453Z"}
{"level":"info","message":"⌛ Validating src/cosas.wlk","timeElapsed":132,"timestamp":"2026-09-17T02:13:08.594Z"}
{"level":"info","message":"⌛ Validating src/cosas.wlk","timeElapsed":123,"timestamp":"2026-09-17T02:13:08.718Z"}
{"level":"info","message":"⌛ Building environment","timeElapsed":188,"timestamp":"2026-09-17T02:13:12.535Z"}
{"level":"info","message":"⌛ Building environment","timeElapsed":140,"timestamp":"2026-09-17T02:13:12.705Z"}
{"level":"info","message":"⌛ Validating src/cosas.wlk","timeElapsed":134,"timestamp":"2026-09-17T02:13:12.840Z"}
{"level":"info","message":"⌛ Validating src/cosas.wlk","timeElapsed":144,"timestamp":"2026-09-17T02:13:12.984Z"}
{"level":"info","message":"⌛ Building environment","timeElapsed":173,"timestamp":"2026-09-17T02:13:13.165Z"}
{"level":"info","message":"⌛ Building environment","timeElapsed":326,"timestamp":"2026-09-17T02:13:13.492Z"}
{"level":"info","message":"⌛ Building environment","timeElapsed":142,"timestamp":"2026-09-17T02:13:13.634Z"}
{"level":"info","message":"⌛ Validating src/cosas.wlk","timeElapsed":154,"timestamp":"2026-09-17T02:13:13.788Z"}
{"level":"info","message":"⌛ Building environment","timeElapsed":111,"timestamp":"2026-09-17T02:13:13.900Z"}
{"level":"info","message":"⌛ Validating src/cosas.wlk","timeElapsed":164,"timestamp":"2026-09-17T02:13:14.065Z"}
{"level":"info","message":"⌛ Building environment","timeElapsed":110,"timestamp":"2026-09-17T02:13:14.184Z"}
{"level":"info","message":"⌛ Validating src/cosas.wlk","timeElapsed":143,"timestamp":"2026-09-17T02:13:14.328Z"}
{"level":"info","message":"⌛ Validating src/cosas.wlk","timeElapsed":123,"timestamp":"2026-09-17T02:13:14.460Z"}
{"level":"info","message":"⌛ Validating src/cosas.wlk","timeElapsed":126,"timestamp":"2026-09-17T02:13:14.592Z"}
{"level":"info","message":"⌛ Building environment","timeElapsed":217,"timestamp":"2026-09-17T02:13:17.039Z"}
{"level":"info","message":"⌛ Building environment","timeElapsed":165,"timestamp":"2026-09-17T02:13:17.324Z"}
{"level":"info","message":"⌛ Validating src/cosas.wlk","timeElapsed":140,"timestamp":"2026-09-17T02:13:17.465Z"}
{"level":"info","message":"⌛ Building environment","timeElapsed":131,"timestamp":"2026-09-17T02:13:17.597Z"}
{"level":"info","message":"⌛ Building environment","timeElapsed":123,"timestamp":"2026-09-17T02:13:17.721Z"}
{"level":"info","message":"⌛ Validating src/cosas.wlk","timeElapsed":143,"timestamp":"2026-09-17T02:13:17.865Z"}
{"level":"info","message":"⌛ Validating src/cosas.wlk","timeElapsed":126,"timestamp":"2026-09-17T02:13:17.995Z"}
{"level":"info","message":"⌛ Validating src/cosas.wlk","timeElapsed":129,"timestamp":"2026-09-17T02:13:18.129Z"}
{"level":"info","message":"⌛ Building environment","timeElapsed":185,"timestamp":"2026-09-17T02:13:23.804Z"}
{"level":"info","message":"⌛ Building environment","timeElapsed":115,"timestamp":"2026-09-17T02:13:23.921Z"}
{"level":"info","message":"⌛ Validating src/cosas.wlk","timeElapsed":150,"timestamp":"2026-09-17T02:13:24.071Z"}
{"level":"info","message":"⌛ Validating src/cosas.wlk","timeElapsed":121,"timestamp":"2026-09-17T02:13:24.193Z"}
{"level":"info","message":"⌛ Building environment","timeElapsed":128,"timestamp":"2026-09-17T02:13:24.331Z"}
{"level":"info","message":"⌛ Validating src/cosas.wlk","timeElapsed":151,"timestamp":"2026-09-17T02:13:24.493Z"}
{"level":"info","message":"⌛ Building environment","timeElapsed":114,"timestamp":"2026-09-17T02:13:24.641Z"}
{"level":"info","message":"⌛ Validating src/cosas.wlk","timeElapsed":143,"timestamp":"2026-09-17T02:13:24.788Z"}
{"level":"info","message":"⌛ Building environment","timeElapsed":224,"timestamp":"2026-09-17T02:13:25.828Z"}
{"level":"info","message":"⌛ Validating src/cosas.wlk","timeElapsed":149,"timestamp":"2026-09-17T02:13:25.980Z"}
{"level":"info","message":"⌛ Building environment","timeElapsed":255,"timestamp":"2026-09-17T02:13:26.368Z"}
{"level":"info","message":"⌛ Building environment","timeElapsed":158,"timestamp":"2026-09-17T02:13:26.567Z"}
{"level":"info","message":"⌛ Validating src/cosas.wlk","timeElapsed":165,"timestamp":"2026-09-17T02:13:26.733Z"}
{"level":"info","message":"⌛ Building environment","timeElapsed":132,"timestamp":"2026-09-17T02:13:26.874Z"}
{"level":"info","message":"⌛ Validating src/cosas.wlk","timeElapsed":160,"timestamp":"2026-09-17T02:13:27.035Z"}
{"level":"info","message":"⌛ Building environment","timeElapsed":112,"timestamp":"2026-09-17T02:13:27.153Z"}
{"level":"info","message":"⌛ Building environment","timeElapsed":125,"timestamp":"2026-09-17T02:13:27.279Z"}
{"level":"info","message":"⌛ Validating src/cosas.wlk","timeElapsed":145,"timestamp":"2026-09-17T02:13:27.466Z"}
{"level":"info","message":"⌛ Building environment","timeElapsed":104,"timestamp":"2026-09-17T02:13:27.572Z"}
{"level":"info","message":"⌛ Building environment","timeElapsed":115,"timestamp":"2026-09-17T02:13:27.693Z"}
{"level":"info","message":"⌛ Validating src/cosas.wlk","timeElapsed":136,"timestamp":"2026-09-17T02:13:27.846Z"}
{"level":"info","message":"⌛ Validating src/cosas.wlk","timeElapsed":131,"timestamp":"2026-09-17T02:13:27.977Z"}
{"level":"info","message":"⌛ Validating src/cosas.wlk","timeElapsed":137,"timestamp":"2026-09-17T02:13:28.122Z"}
{"level":"info","message":"⌛ Validating src/cosas.wlk","timeElapsed":164,"timestamp":"2026-09-17T02:13:28.285Z"}
{"level":"info","message":"⌛ Building environment","timeElapsed":301,"timestamp":"2026-09-17T02:13:29.092Z"}
{"level":"error","message":"✘ Completions for node Return ([70:2, 70:10] - src/cosas.wlk) failed: Error: [Return]{88593a} at src/cosas.wlk:70 exhausted all cases without a match [Return]{88593a} at src/cosas.wlk:70 exhausted all cases without a match","stack":"Error: [Return]{88593a} at src/cosas.wlk:70 exhausted all cases without a match\n    at /home/ramiro/.vscode/extensions/uqbar.wollok-lsp-ide-0.5.5/out/server/src/server.js:38:6142\n    at L2 (/home/ramiro/.vscode/extensions/uqbar.wollok-lsp-ide-0.5.5/out/server/src/server.js:2421:42)\n    at Jh (/home/ramiro/.vscode/extensions/uqbar.wollok-lsp-ide-0.5.5/out/server/src/server.js:2421:1092)\n    at w5n (/home/ramiro/.vscode/extensions/uqbar.wollok-lsp-ide-0.5.5/out/server/src/server.js:2421:1248)\n    at /home/ramiro/.vscode/extensions/uqbar.wollok-lsp-ide-0.5.5/out/server/src/server.js:38:6131\n    at L2 (/home/ramiro/.vscode/extensions/uqbar.wollok-lsp-ide-0.5.5/out/server/src/server.js:2421:42)\n    at /home/ramiro/.vscode/extensions/uqbar.wollok-lsp-ide-0.5.5/out/server/src/server.js:2421:2988\n    at /home/ramiro/.vscode/extensions/uqbar.wollok-lsp-ide-0.5.5/out/server/src/server.js:2430:8440\n    at /home/ramiro/.vscode/extensions/uqbar.wollok-lsp-ide-0.5.5/out/server/src/server.js:37:74872\n    at Ke (/home/ramiro/.vscode/extensions/uqbar.wollok-lsp-ide-0.5.5/out/server/src/server.js:7:8527)","timestamp":"2026-09-17T02:13:29.131Z"}
{"level":"info","message":"⌛ Building environment","timeElapsed":134,"timestamp":"2026-09-17T02:13:29.269Z"}
{"level":"info","message":"⌛ Building environment","timeElapsed":114,"timestamp":"2026-09-17T02:13:29.384Z"}
{"level":"info","message":"⌛ Validating src/cosas.wlk","timeElapsed":146,"timestamp":"2026-09-17T02:13:29.531Z"}
{"level":"info","message":"⌛ Building environment","timeElapsed":111,"timestamp":"2026-09-17T02:13:29.643Z"}
{"level":"error","message":"✘ Completions for node Return ([70:2, 70:13] - src/cosas.wlk) failed: Error: [Return]{704e89} at src/cosas.wlk:70 exhausted all cases without a match [Return]{704e89} at src/cosas.wlk:70 exhausted all cases without a match","stack":"Error: [Return]{704e89} at src/cosas.wlk:70 exhausted all cases without a match\n    at /home/ramiro/.vscode/extensions/uqbar.wollok-lsp-ide-0.5.5/out/server/src/server.js:38:6142\n    at L2 (/home/ramiro/.vscode/extensions/uqbar.wollok-lsp-ide-0.5.5/out/server/src/server.js:2421:42)\n    at Jh (/home/ramiro/.vscode/extensions/uqbar.wollok-lsp-ide-0.5.5/out/server/src/server.js:2421:1092)\n    at w5n (/home/ramiro/.vscode/extensions/uqbar.wollok-lsp-ide-0.5.5/out/server/src/server.js:2421:1248)\n    at /home/ramiro/.vscode/extensions/uqbar.wollok-lsp-ide-0.5.5/out/server/src/server.js:38:6131\n    at L2 (/home/ramiro/.vscode/extensions/uqbar.wollok-lsp-ide-0.5.5/out/server/src/server.js:2421:42)\n    at /home/ramiro/.vscode/extensions/uqbar.wollok-lsp-ide-0.5.5/out/server/src/server.js:2421:2988\n    at /home/ramiro/.vscode/extensions/uqbar.wollok-lsp-ide-0.5.5/out/server/src/server.js:2430:8440\n    at /home/ramiro/.vscode/extensions/uqbar.wollok-lsp-ide-0.5.5/out/server/src/server.js:37:74872\n    at Ke (/home/ramiro/.vscode/extensions/uqbar.wollok-lsp-ide-0.5.5/out/server/src/server.js:7:8527)","timestamp":"2026-09-17T02:13:29.679Z"}
{"level":"info","message":"⌛ Validating src/cosas.wlk","timeElapsed":142,"timestamp":"2026-09-17T02:13:29.825Z"}
{"level":"info","message":"⌛ Validating src/cosas.wlk","timeElapsed":130,"timestamp":"2026-09-17T02:13:29.956Z"}
{"level":"info","message":"⌛ Validating src/cosas.wlk","timeElapsed":252,"timestamp":"2026-09-17T02:13:30.213Z"}
{"level":"info","message":"⌛ Building environment","timeElapsed":206,"timestamp":"2026-09-17T02:13:30.426Z"}
{"level":"info","message":"⌛ Validating src/cosas.wlk","timeElapsed":169,"timestamp":"2026-09-17T02:13:30.646Z"}
{"level":"info","message":"⌛ Building environment","timeElapsed":254,"timestamp":"2026-09-17T02:13:31.648Z"}
{"level":"info","message":"⌛ Building environment","timeElapsed":132,"timestamp":"2026-09-17T02:13:31.781Z"}
{"level":"info","message":"⌛ Validating src/cosas.wlk","timeElapsed":182,"timestamp":"2026-09-17T02:13:31.978Z"}
{"level":"info","message":"⌛ Validating src/cosas.wlk","timeElapsed":175,"timestamp":"2026-09-17T02:13:32.153Z"}
{"level":"info","message":"⌛ Building environment","timeElapsed":126,"timestamp":"2026-09-17T02:13:32.279Z"}
{"level":"info","message":"⌛ Building environment","timeElapsed":139,"timestamp":"2026-09-17T02:13:32.420Z"}
{"level":"info","message":"⌛ Validating src/cosas.wlk","timeElapsed":148,"timestamp":"2026-09-17T02:13:32.576Z"}
{"level":"info","message":"⌛ Validating src/cosas.wlk","timeElapsed":134,"timestamp":"2026-09-17T02:13:32.711Z"}
{"level":"info","message":"⌛ Building environment","timeElapsed":245,"timestamp":"2026-09-17T02:13:33.138Z"}
{"level":"info","message":"⌛ Validating src/cosas.wlk","timeElapsed":182,"timestamp":"2026-09-17T02:13:33.329Z"}
{"level":"info","message":"⌛ Building environment","timeElapsed":329,"timestamp":"2026-09-17T02:13:36.929Z"}
{"level":"info","message":"⌛ Validating src/cosas.wlk","timeElapsed":152,"timestamp":"2026-09-17T02:13:37.100Z"}
{"level":"info","message":"⌛ Building environment","timeElapsed":184,"timestamp":"2026-09-17T02:14:10.132Z"}
{"level":"info","message":"⌛ Validating src/cosas.wlk","timeElapsed":155,"timestamp":"2026-09-17T02:14:10.329Z"}
{"level":"info","message":"⌛ Building environment","timeElapsed":203,"timestamp":"2026-09-17T02:14:10.540Z"}
{"level":"info","message":"⌛ Building environment","timeElapsed":170,"timestamp":"2026-09-17T02:14:10.766Z"}
{"level":"info","message":"⌛ Validating src/cosas.wlk","timeElapsed":145,"timestamp":"2026-09-17T02:14:10.912Z"}
{"level":"info","message":"⌛ Building environment","timeElapsed":127,"timestamp":"2026-09-17T02:14:11.040Z"}
{"level":"info","message":"⌛ Validating src/cosas.wlk","timeElapsed":151,"timestamp":"2026-09-17T02:14:11.192Z"}
{"level":"info","message":"⌛ Building environment","timeElapsed":120,"timestamp":"2026-09-17T02:14:11.321Z"}
{"level":"info","message":"⌛ Validating src/cosas.wlk","timeElapsed":133,"timestamp":"2026-09-17T02:14:11.460Z"}
{"level":"info","message":"⌛ Validating src/cosas.wlk","timeElapsed":123,"timestamp":"2026-09-17T02:14:11.584Z"}
{"level":"info","message":"⌛ Building environment","timeElapsed":208,"timestamp":"2026-09-17T02:14:14.386Z"}
{"level":"info","message":"⌛ Building environment","timeElapsed":139,"timestamp":"2026-09-17T02:14:14.526Z"}
{"level":"info","message":"⌛ Validating src/cosas.wlk","timeElapsed":149,"timestamp":"2026-09-17T02:14:14.675Z"}
{"level":"info","message":"⌛ Validating src/cosas.wlk","timeElapsed":151,"timestamp":"2026-09-17T02:14:14.827Z"}
{"level":"info","message":"⌛ Building environment","timeElapsed":122,"timestamp":"2026-09-17T02:14:14.949Z"}
{"level":"info","message":"⌛ Building environment","timeElapsed":123,"timestamp":"2026-09-17T02:14:15.072Z"}
{"level":"info","message":"⌛ Building environment","timeElapsed":124,"timestamp":"2026-09-17T02:14:15.208Z"}
{"level":"info","message":"⌛ Validating src/cosas.wlk","timeElapsed":147,"timestamp":"2026-09-17T02:14:15.356Z"}
{"level":"info","message":"⌛ Validating src/cosas.wlk","timeElapsed":131,"timestamp":"2026-09-17T02:14:15.487Z"}
{"level":"info","message":"⌛ Validating src/cosas.wlk","timeElapsed":125,"timestamp":"2026-09-17T02:14:15.617Z"}
{"level":"info","message":"⌛ Building environment","timeElapsed":187,"timestamp":"2026-09-17T02:14:18.822Z"}
{"level":"info","message":"⌛ Building environment","timeElapsed":118,"timestamp":"2026-09-17T02:14:18.940Z"}
{"level":"info","message":"⌛ Validating src/cosas.wlk","timeElapsed":140,"timestamp":"2026-09-17T02:14:19.126Z"}
{"level":"info","message":"⌛ Validating src/cosas.wlk","timeElapsed":136,"timestamp":"2026-09-17T02:14:19.267Z"}
{"level":"info","message":"⌛ Building environment","timeElapsed":197,"timestamp":"2026-09-17T02:14:21.502Z"}
{"level":"info","message":"⌛ Validating src/cosas.wlk","timeElapsed":152,"timestamp":"2026-09-17T02:14:21.668Z"}
{"level":"info","message":"⌛ Building environment","timeElapsed":350,"timestamp":"2026-09-17T02:14:28.460Z"}
{"level":"info","message":"⌛ Building environment","timeElapsed":217,"timestamp":"2026-09-17T02:14:28.733Z"}
{"level":"info","message":"⌛ Building environment","timeElapsed":128,"timestamp":"2026-09-17T02:14:28.877Z"}
{"level":"info","message":"⌛ Building environment","timeElapsed":117,"timestamp":"2026-09-17T02:14:28.993Z"}
{"level":"info","message":"⌛ Validating src/cosas.wlk","timeElapsed":136,"timestamp":"2026-09-17T02:14:29.130Z"}
{"level":"info","message":"⌛ Validating src/cosas.wlk","timeElapsed":150,"timestamp":"2026-09-17T02:14:29.289Z"}
{"level":"info","message":"⌛ Validating src/cosas.wlk","timeElapsed":130,"timestamp":"2026-09-17T02:14:29.420Z"}
{"level":"info","message":"⌛ Validating src/cosas.wlk","timeElapsed":136,"timestamp":"2026-09-17T02:14:29.556Z"}
{"level":"info","message":"⌛ Building environment","timeElapsed":176,"timestamp":"2026-09-17T02:14:31.526Z"}
{"level":"info","message":"⌛ Validating src/cosas.wlk","timeElapsed":161,"timestamp":"2026-09-17T02:14:31.690Z"}
{"level":"error","message":"✘ Failed to get type description: Error: Failed to print, found malformed node Failed to print, found malformed node","node":{"id":"be54e831-d38b-4d4b-adb5-bb1c5da0999a","members":[{"id":"4c4ce830-b69c-40d3-a87f-d157acc640dc","isConstant":true,"isProperty":true,"metadata":[],"name":"cosa","scope":{"containerScope":{"containerScope":{"containerScope":{"containerScope":{"contributions":{},"includedScopes":[]},"contributions":{},"includedScopes":[]},"contributions":{},"includedScopes":[]},"contributions":{},"includedScopes":[{"containerScope":{"containerScope":{"containerScope":{"contributions":{},"includedScopes":[]},"contributions":{},"includedScopes":[]},"contributions":{},"includedScopes":[]},"contributions":{},"includedScopes":[]}]},"contributions":{},"includedScopes":[]},"sourceMap":{"end":{"column":9,"line":70,"offset":1479},"start":{"column":3,"line":69,"offset":1447}},"value":{"id":"4a01ffce-334e-4f97-8f5c-b3ee5fc3faa9","metadata":[],"name":"method","scope":{"containerScope":{"containerScope":{"containerScope":{"containerScope":{"containerScope":{"contributions":{},"includedScopes":[]},"contributions":{},"includedScopes":[]},"contributions":{},"includedScopes":[]},"contributions":{},"includedScopes":[{"containerScope":{"containerScope":{"containerScope":{"contributions":{},"includedScopes":[]},"contributions":{},"includedScopes":[]},"contributions":{},"includedScopes":[]},"contributions":{},"includedScopes":[]}]},"contributions":{},"includedScopes":[]},"contributions":{},"includedScopes":[]},"sourceMap":{"end":{"column":9,"line":70,"offset":1479},"start":{"column":3,"line":70,"offset":1473}}}},{"body":{"id":"d2d6fdcf-cd70-4dcc-925a-6c29d4334898","metadata":[],"scope":{"containerScope":{"containerScope":{"containerScope":{"containerScope":{"containerScope":{"contributions":{},"includedScopes":[]},"contributions":{},"includedScopes":[]},"contributions":{},"includedScopes":[]},"contributions":{},"includedScopes":[{"containerScope":{"containerScope":{"containerScope":{"contributions":{},"includedScopes":[]},"contributions":{},"includedScopes":[]},"contributions":{},"includedScopes":[]},"contributions":{},"includedScopes":[]}]},"contributions":{},"includedScopes":[]},"contributions":{},"includedScopes":[]},"sentences":[{"id":"19a20458-7ea6-4439-9f4a-69dff457c273","metadata":[],"scope":{"containerScope":{"containerScope":{"containerScope":{"containerScope":{"containerScope":{"containerScope":{"contributions":{},"includedScopes":[]},"contributions":{},"includedScopes":[]},"contributions":{},"includedScopes":[]},"contributions":{},"includedScopes":[{"containerScope":{"containerScope":{"containerScope":{"contributions":{},"includedScopes":[]},"contributions":{},"includedScopes":[]},"contributions":{},"includedScopes":[]},"contributions":{},"includedScopes":[]}]},"contributions":{},"includedScopes":[]},"contributions":{},"includedScopes":[]},"contributions":{},"includedScopes":[]},"value":{"id":"1664fdf7-fb7a-4c19-ae89-61cc83459912","metadata":[],"name":"cosa","scope":{"containerScope":{"containerScope":{"containerScope":{"containerScope":{"containerScope":{"containerScope":{"containerScope":{"contributions":{},"includedScopes":[]},"contributions":{},"includedScopes":[]},"contributions":{},"includedScopes":[]},"contributions":{},"includedScopes":[{"containerScope":{"containerScope":{"containerScope":{"contributions":{},"includedScopes":[]},"contributions":{},"includedScopes":[]},"contributions":{},"includedScopes":[]},"contributions":{},"includedScopes":[]}]},"contributions":{},"includedScopes":[]},"contributions":{},"includedScopes":[]},"contributions":{},"includedScopes":[]},"contributions":{},"includedScopes":[]}}}]},"compiled":false,"id":"f6bafbde-b755-44c0-9566-73d96c9776ab","isOverride":false,"metadata":[],"name":"cosa","parameters":[],"scope":{"containerScope":{"containerScope":{"containerScope":{"containerScope":{"contributions":{},"includedScopes":[]},"contributions":{},"includedScopes":[]},"contributions":{},"includedScopes":[]},"contributions":{},"includedScopes":[{"containerScope":{"containerScope":{"containerScope":{"contributions":{},"includedScopes":[]},"contributions":{},"includedScopes":[]},"contributions":{},"includedScopes":[]},"contributions":{},"includedScopes":[]}]},"contributions":{},"includedScopes":[]}}],"metadata":[],"name":"embalajeDeSeguridad","problems":[{"code":"malformedMember","sourceMap":{"end":{"column":1,"line":73,"offset":1512},"start":{"column":10,"line":70,"offset":1480}}}],"scope":{"containerScope":{"containerScope":{"containerScope":{"contributions":{},"includedScopes":[]},"contributions":{},"includedScopes":[]},"contributions":{},"includedScopes":[]},"contributions":{},"includedScopes":[{"containerScope":{"containerScope":{"containerScope":{"contributions":{},"includedScopes":[]},"contributions":{},"includedScopes":[]},"contributions":{},"includedScopes":[]},"contributions":{},"includedScopes":[]}]},"sourceMap":{"end":{"column":2,"line":73,"offset":1513},"start":{"column":1,"line":68,"offset":1416}},"supertypes":[]},"stack":"Error: Failed to print, found malformed node\n    at /home/ramiro/.vscode/extensions/uqbar.wollok-lsp-ide-0.5.5/out/server/src/server.js:68:3585\n    at Ybn (/home/ramiro/.vscode/extensions/uqbar.wollok-lsp-ide-0.5.5/out/server/src/server.js:68:3396)\n    at /home/ramiro/.vscode/extensions/uqbar.wollok-lsp-ide-0.5.5/out/server/src/server.js:2430:847\n    at /home/ramiro/.vscode/extensions/uqbar.wollok-lsp-ide-0.5.5/out/server/src/server.js:2430:8440\n    at /home/ramiro/.vscode/extensions/uqbar.wollok-lsp-ide-0.5.5/out/server/src/server.js:37:74770\n    at Ke (/home/ramiro/.vscode/extensions/uqbar.wollok-lsp-ide-0.5.5/out/server/src/server.js:7:8527)\n    at It (/home/ramiro/.vscode/extensions/uqbar.wollok-lsp-ide-0.5.5/out/server/src/server.js:7:6189)\n    at et (/home/ramiro/.vscode/extensions/uqbar.wollok-lsp-ide-0.5.5/out/server/src/server.js:7:6378)\n    at Immediate._onImmediate (/home/ramiro/.vscode/extensions/uqbar.wollok-lsp-ide-0.5.5/out/server/src/server.js:7:6142)\n    at process.processImmediate (node:internal/timers:504:21)","timestamp":"2026-09-17T02:14:51.593Z"}
{"level":"info","message":"⌛ Building environment","timeElapsed":184,"timestamp":"2026-09-17T02:14:53.363Z"}
{"level":"info","message":"⌛ Validating src/cosas.wlk","timeElapsed":154,"timestamp":"2026-09-17T02:14:53.520Z"}
{"level":"info","message":"⌛ Building environment","timeElapsed":177,"timestamp":"2026-09-17T02:14:55.888Z"}
{"level":"info","message":"⌛ Validating src/cosas.wlk","timeElapsed":154,"timestamp":"2026-09-17T02:14:56.045Z"}
{"level":"info","message":"⌛ Building environment","timeElapsed":183,"timestamp":"2026-09-17T02:15:01.342Z"}
{"level":"info","message":"⌛ Validating src/cosas.wlk","timeElapsed":160,"timestamp":"2026-09-17T02:15:01.505Z"}
{"level":"info","message":"⌛ Building environment","timeElapsed":232,"timestamp":"2026-09-17T02:15:04.184Z"}
{"level":"info","message":"⌛ Building environment","timeElapsed":123,"timestamp":"2026-09-17T02:15:04.335Z"}
{"level":"info","message":"⌛ Validating src/cosas.wlk","timeElapsed":159,"timestamp":"2026-09-17T02:15:04.495Z"}
{"level":"info","message":"⌛ Validating src/cosas.wlk","timeElapsed":134,"timestamp":"2026-09-17T02:15:04.639Z"}
{"level":"info","message":"⌛ Building environment","timeElapsed":142,"timestamp":"2026-09-17T02:15:04.781Z"}
{"level":"info","message":"⌛ Building environment","timeElapsed":127,"timestamp":"2026-09-17T02:15:04.916Z"}
{"level":"info","message":"⌛ Building environment","timeElapsed":138,"timestamp":"2026-09-17T02:15:05.055Z"}
{"level":"error","message":"✘ Failed to rebuild document Failed to parse src/cosas.wlk: \n-- PARSING FAILED --------------------------------------------------\n\n  72 |   }\n  73 |   method\n> 74 | }\n     | ^\n\nExpected one of the following: \n\n'!=', '!==', '%', '&&', '*', '**', '+', '-', '->', '..', '..<', '/', '<', '<<', '<<<', '<=', '<=>', '<>', '==', '===', '>', '>..', '>=', '>>', '>>>', '?:', '@', 'and', 'class', 'const', 'describe', 'invert', 'mixin', 'negate', 'object', 'only', 'or', 'package', 'plus', 'program', 'test', 'var', '{', '||', EOF, comment, identifier, not \"}\", whitespace\n","stack":"Error: Failed to parse src/cosas.wlk: \n-- PARSING FAILED --------------------------------------------------\n\n  72 |   }\n  73 |   method\n> 74 | }\n     | ^\n\nExpected one of the following: \n\n'!=', '!==', '%', '&&', '*', '**', '+', '-', '->', '..', '..<', '/', '<', '<<', '<<<', '<=', '<=>', '<>', '==', '===', '>', '>..', '>=', '>>', '>>>', '?:', '@', 'and', 'class', 'const', 'describe', 'invert', 'mixin', 'negate', 'object', 'only', 'or', 'package', 'plus', 'program', 'test', 'var', '{', '||', EOF, comment, identifier, not \"}\", whitespace\n\n    at /home/ramiro/.vscode/extensions/uqbar.wollok-lsp-ide-0.5.5/out/server/src/server.js:2385:13026\n    at Array.map (<anonymous>)\n    at z1n (/home/ramiro/.vscode/extensions/uqbar.wollok-lsp-ide-0.5.5/out/server/src/server.js:2385:12950)\n    at H2.buildEnvironmentFrom (/home/ramiro/.vscode/extensions/uqbar.wollok-lsp-ide-0.5.5/out/server/src/server.js:2430:5254)\n    at H2.updateEnvironmentWith (/home/ramiro/.vscode/extensions/uqbar.wollok-lsp-ide-0.5.5/out/server/src/server.js:2430:4989)\n    at QF (/home/ramiro/.vscode/extensions/uqbar.wollok-lsp-ide-0.5.5/out/server/src/server.js:2430:7383)\n    at V3.invoke (/home/ramiro/.vscode/extensions/uqbar.wollok-lsp-ide-0.5.5/out/server/src/server.js:3:157330)\n    at o.fire (/home/ramiro/.vscode/extensions/uqbar.wollok-lsp-ide-0.5.5/out/server/src/server.js:3:158100)\n    at /home/ramiro/.vscode/extensions/uqbar.wollok-lsp-ide-0.5.5/out/server/src/server.js:37:57871\n    at nd (/home/ramiro/.vscode/extensions/uqbar.wollok-lsp-ide-0.5.5/out/server/src/server.js:8:1561)","timestamp":"2026-09-17T02:15:05.213Z"}
{"level":"info","message":"⌛ Validating src/cosas.wlk","timeElapsed":178,"timestamp":"2026-09-17T02:15:05.391Z"}
{"level":"info","message":"⌛ Validating src/cosas.wlk","timeElapsed":147,"timestamp":"2026-09-17T02:15:05.539Z"}
{"level":"info","message":"⌛ Validating src/cosas.wlk","timeElapsed":150,"timestamp":"2026-09-17T02:15:05.697Z"}
{"level":"error","message":"✘ Failed to rebuild document Failed to parse src/cosas.wlk: \n-- PARSING FAILED --------------------------------------------------\n\n  72 |   }\n  73 |   method \n> 74 | }\n     | ^\n\nExpected one of the following: \n\n'!=', '!==', '%', '&&', '*', '**', '+', '-', '->', '..', '..<', '/', '<', '<<', '<<<', '<=', '<=>', '<>', '==', '===', '>', '>..', '>=', '>>', '>>>', '?:', '@', 'and', 'class', 'const', 'describe', 'invert', 'mixin', 'negate', 'object', 'only', 'or', 'package', 'plus', 'program', 'test', 'var', '{', '||', EOF, comment, identifier, not \"}\", whitespace\n","stack":"Error: Failed to parse src/cosas.wlk: \n-- PARSING FAILED --------------------------------------------------\n\n  72 |   }\n  73 |   method \n> 74 | }\n     | ^\n\nExpected one of the following: \n\n'!=', '!==', '%', '&&', '*', '**', '+', '-', '->', '..', '..<', '/', '<', '<<', '<<<', '<=', '<=>', '<>', '==', '===', '>', '>..', '>=', '>>', '>>>', '?:', '@', 'and', 'class', 'const', 'describe', 'invert', 'mixin', 'negate', 'object', 'only', 'or', 'package', 'plus', 'program', 'test', 'var', '{', '||', EOF, comment, identifier, not \"}\", whitespace\n\n    at /home/ramiro/.vscode/extensions/uqbar.wollok-lsp-ide-0.5.5/out/server/src/server.js:2385:13026\n    at Array.map (<anonymous>)\n    at z1n (/home/ramiro/.vscode/extensions/uqbar.wollok-lsp-ide-0.5.5/out/server/src/server.js:2385:12950)\n    at H2.buildEnvironmentFrom (/home/ramiro/.vscode/extensions/uqbar.wollok-lsp-ide-0.5.5/out/server/src/server.js:2430:5254)\n    at H2.updateEnvironmentWith (/home/ramiro/.vscode/extensions/uqbar.wollok-lsp-ide-0.5.5/out/server/src/server.js:2430:4989)\n    at QF (/home/ramiro/.vscode/extensions/uqbar.wollok-lsp-ide-0.5.5/out/server/src/server.js:2430:7383)\n    at V3.invoke (/home/ramiro/.vscode/extensions/uqbar.wollok-lsp-ide-0.5.5/out/server/src/server.js:3:157330)\n    at o.fire (/home/ramiro/.vscode/extensions/uqbar.wollok-lsp-ide-0.5.5/out/server/src/server.js:3:158100)\n    at /home/ramiro/.vscode/extensions/uqbar.wollok-lsp-ide-0.5.5/out/server/src/server.js:37:57871\n    at nd (/home/ramiro/.vscode/extensions/uqbar.wollok-lsp-ide-0.5.5/out/server/src/server.js:8:1561)","timestamp":"2026-09-17T02:15:05.751Z"}
{"level":"info","message":"⌛ Building environment","timeElapsed":249,"timestamp":"2026-09-17T02:15:06.340Z"}
{"level":"info","message":"⌛ Validating src/cosas.wlk","timeElapsed":147,"timestamp":"2026-09-17T02:15:06.507Z"}
{"level":"info","message":"⌛ Building environment","timeElapsed":217,"timestamp":"2026-09-17T02:15:10.515Z"}
{"level":"info","message":"⌛ Building environment","timeElapsed":209,"timestamp":"2026-09-17T02:15:10.782Z"}
{"level":"info","message":"⌛ Building environment","timeElapsed":126,"timestamp":"2026-09-17T02:15:10.920Z"}
{"level":"info","message":"⌛ Validating src/cosas.wlk","timeElapsed":155,"timestamp":"2026-09-17T02:15:11.076Z"}
{"level":"info","message":"⌛ Building environment","timeElapsed":117,"timestamp":"2026-09-17T02:15:11.194Z"}
{"level":"info","message":"⌛ Validating src/cosas.wlk","timeElapsed":147,"timestamp":"2026-09-17T02:15:11.341Z"}
{"level":"info","message":"⌛ Building environment","timeElapsed":113,"timestamp":"2026-09-17T02:15:11.483Z"}
{"level":"info","message":"⌛ Validating src/cosas.wlk","timeElapsed":136,"timestamp":"2026-09-17T02:15:11.628Z"}
{"level":"info","message":"⌛ Validating src/cosas.wlk","timeElapsed":117,"timestamp":"2026-09-17T02:15:11.753Z"}
{"level":"info","message":"⌛ Validating src/cosas.wlk","timeElapsed":119,"timestamp":"2026-09-17T02:15:11.873Z"}
{"level":"info","message":"⌛ Building environment","timeElapsed":122,"timestamp":"2026-09-17T02:15:12.042Z"}
{"level":"info","message":"⌛ Validating src/cosas.wlk","timeElapsed":147,"timestamp":"2026-09-17T02:15:12.226Z"}
{"level":"info","message":"⌛ Building environment","timeElapsed":111,"timestamp":"2026-09-17T02:15:12.368Z"}
{"level":"info","message":"⌛ Validating src/cosas.wlk","timeElapsed":145,"timestamp":"2026-09-17T02:15:12.548Z"}
{"level":"info","message":"⌛ Building environment","timeElapsed":188,"timestamp":"2026-09-17T02:15:12.951Z"}
{"level":"info","message":"⌛ Validating src/cosas.wlk","timeElapsed":160,"timestamp":"2026-09-17T02:15:13.159Z"}
{"level":"info","message":"⌛ Building environment","timeElapsed":182,"timestamp":"2026-09-17T02:15:13.346Z"}
{"level":"info","message":"⌛ Validating src/cosas.wlk","timeElapsed":167,"timestamp":"2026-09-17T02:15:13.551Z"}
{"level":"info","message":"⌛ Building environment","timeElapsed":132,"timestamp":"2026-09-17T02:15:13.688Z"}
{"level":"info","message":"⌛ Building environment","timeElapsed":127,"timestamp":"2026-09-17T02:15:13.815Z"}
{"level":"info","message":"⌛ Validating src/cosas.wlk","timeElapsed":159,"timestamp":"2026-09-17T02:15:14.013Z"}
{"level":"info","message":"⌛ Building environment","timeElapsed":107,"timestamp":"2026-09-17T02:15:14.120Z"}
{"level":"info","message":"⌛ Validating src/cosas.wlk","timeElapsed":159,"timestamp":"2026-09-17T02:15:14.280Z"}
{"level":"info","message":"⌛ Building environment","timeElapsed":131,"timestamp":"2026-09-17T02:15:14.410Z"}
{"level":"info","message":"⌛ Validating src/cosas.wlk","timeElapsed":154,"timestamp":"2026-09-17T02:15:14.618Z"}
{"level":"info","message":"⌛ Building environment","timeElapsed":105,"timestamp":"2026-09-17T02:15:14.729Z"}
{"level":"info","message":"⌛ Validating src/cosas.wlk","timeElapsed":144,"timestamp":"2026-09-17T02:15:14.886Z"}
{"level":"info","message":"⌛ Validating src/cosas.wlk","timeElapsed":148,"timestamp":"2026-09-17T02:15:15.040Z"}
{"level":"info","message":"⌛ Building environment","timeElapsed":116,"timestamp":"2026-09-17T02:15:15.156Z"}
{"level":"info","message":"⌛ Building environment","timeElapsed":141,"timestamp":"2026-09-17T02:15:15.335Z"}
{"level":"info","message":"⌛ Validating src/cosas.wlk","timeElapsed":155,"timestamp":"2026-09-17T02:15:15.490Z"}
{"level":"info","message":"⌛ Building environment","timeElapsed":117,"timestamp":"2026-09-17T02:15:15.607Z"}
{"level":"info","message":"⌛ Validating src/cosas.wlk","timeElapsed":159,"timestamp":"2026-09-17T02:15:15.767Z"}
{"level":"info","message":"⌛ Building environment","timeElapsed":126,"timestamp":"2026-09-17T02:15:15.923Z"}
{"level":"info","message":"⌛ Building environment","timeElapsed":124,"timestamp":"2026-09-17T02:15:16.048Z"}
{"level":"info","message":"⌛ Validating src/cosas.wlk","timeElapsed":150,"timestamp":"2026-09-17T02:15:16.199Z"}
{"level":"info","message":"⌛ Validating src/cosas.wlk","timeElapsed":129,"timestamp":"2026-09-17T02:15:16.336Z"}
{"level":"info","message":"⌛ Validating src/cosas.wlk","timeElapsed":130,"timestamp":"2026-09-17T02:15:16.468Z"}
{"level":"info","message":"⌛ Building environment","timeElapsed":218,"timestamp":"2026-09-17T02:15:18.286Z"}
{"level":"info","message":"⌛ Building environment","timeElapsed":307,"timestamp":"2026-09-17T02:15:18.594Z"}
{"level":"info","message":"⌛ Validating src/cosas.wlk","timeElapsed":166,"timestamp":"2026-09-17T02:15:18.816Z"}
{"level":"info","message":"⌛ Building environment","timeElapsed":127,"timestamp":"2026-09-17T02:15:18.951Z"}
{"level":"info","message":"⌛ Building environment","timeElapsed":121,"timestamp":"2026-09-17T02:15:19.079Z"}
{"level":"info","message":"⌛ Validating src/cosas.wlk","timeElapsed":169,"timestamp":"2026-09-17T02:15:19.249Z"}
{"level":"info","message":"⌛ Building environment","timeElapsed":118,"timestamp":"2026-09-17T02:15:19.368Z"}
{"level":"info","message":"⌛ Building environment","timeElapsed":114,"timestamp":"2026-09-17T02:15:19.521Z"}
{"level":"info","message":"⌛ Validating src/cosas.wlk","timeElapsed":156,"timestamp":"2026-09-17T02:15:19.677Z"}
{"level":"info","message":"⌛ Validating src/cosas.wlk","timeElapsed":142,"timestamp":"2026-09-17T02:15:19.820Z"}
{"level":"info","message":"⌛ Validating src/cosas.wlk","timeElapsed":141,"timestamp":"2026-09-17T02:15:19.970Z"}
{"level":"info","message":"⌛ Validating src/cosas.wlk","timeElapsed":133,"timestamp":"2026-09-17T02:15:20.108Z"}
{"level":"info","message":"⌛ Building environment","timeElapsed":108,"timestamp":"2026-09-17T02:15:20.217Z"}
{"level":"info","message":"⌛ Validating src/cosas.wlk","timeElapsed":162,"timestamp":"2026-09-17T02:15:20.387Z"}
{"level":"info","message":"⌛ Building environment","timeElapsed":238,"timestamp":"2026-09-17T02:15:23.258Z"}
{"level":"info","message":"⌛ Building environment","timeElapsed":147,"timestamp":"2026-09-17T02:15:23.406Z"}
{"level":"error","message":"✘ Completions for node Return ([74:2, 74:11] - src/cosas.wlk) failed: Error: [Return]{d00d1b} at src/cosas.wlk:74 exhausted all cases without a match [Return]{d00d1b} at src/cosas.wlk:74 exhausted all cases without a match","stack":"Error: [Return]{d00d1b} at src/cosas.wlk:74 exhausted all cases without a match\n    at /home/ramiro/.vscode/extensions/uqbar.wollok-lsp-ide-0.5.5/out/server/src/server.js:38:6142\n    at L2 (/home/ramiro/.vscode/extensions/uqbar.wollok-lsp-ide-0.5.5/out/server/src/server.js:2421:42)\n    at Jh (/home/ramiro/.vscode/extensions/uqbar.wollok-lsp-ide-0.5.5/out/server/src/server.js:2421:1092)\n    at w5n (/home/ramiro/.vscode/extensions/uqbar.wollok-lsp-ide-0.5.5/out/server/src/server.js:2421:1248)\n    at /home/ramiro/.vscode/extensions/uqbar.wollok-lsp-ide-0.5.5/out/server/src/server.js:38:6131\n    at L2 (/home/ramiro/.vscode/extensions/uqbar.wollok-lsp-ide-0.5.5/out/server/src/server.js:2421:42)\n    at /home/ramiro/.vscode/extensions/uqbar.wollok-lsp-ide-0.5.5/out/server/src/server.js:2421:2988\n    at /home/ramiro/.vscode/extensions/uqbar.wollok-lsp-ide-0.5.5/out/server/src/server.js:2430:8440\n    at /home/ramiro/.vscode/extensions/uqbar.wollok-lsp-ide-0.5.5/out/server/src/server.js:37:74872\n    at Ke (/home/ramiro/.vscode/extensions/uqbar.wollok-lsp-ide-0.5.5/out/server/src/server.js:7:8527)","timestamp":"2026-09-17T02:15:23.445Z"}
{"level":"info","message":"⌛ Validating src/cosas.wlk","timeElapsed":156,"timestamp":"2026-09-17T02:15:23.605Z"}
{"level":"info","message":"⌛ Building environment","timeElapsed":112,"timestamp":"2026-09-17T02:15:23.719Z"}
{"level":"info","message":"⌛ Validating src/cosas.wlk","timeElapsed":151,"timestamp":"2026-09-17T02:15:23.878Z"}
{"level":"info","message":"⌛ Building environment","timeElapsed":215,"timestamp":"2026-09-17T02:15:24.095Z"}
{"level":"info","message":"⌛ Validating src/cosas.wlk","timeElapsed":181,"timestamp":"2026-09-17T02:15:24.282Z"}
{"level":"info","message":"⌛ Building environment","timeElapsed":116,"timestamp":"2026-09-17T02:15:24.401Z"}
{"level":"info","message":"⌛ Validating src/cosas.wlk","timeElapsed":148,"timestamp":"2026-09-17T02:15:24.597Z"}
{"level":"info","message":"⌛ Validating src/cosas.wlk","timeElapsed":141,"timestamp":"2026-09-17T02:15:24.745Z"}
{"level":"info","message":"⌛ Building environment","timeElapsed":261,"timestamp":"2026-09-17T02:15:27.885Z"}
{"level":"info","message":"⌛ Building environment","timeElapsed":147,"timestamp":"2026-09-17T02:15:28.033Z"}
{"level":"info","message":"⌛ Validating src/cosas.wlk","timeElapsed":149,"timestamp":"2026-09-17T02:15:28.183Z"}
{"level":"info","message":"⌛ Validating src/cosas.wlk","timeElapsed":159,"timestamp":"2026-09-17T02:15:28.351Z"}
{"level":"info","message":"⌛ Building environment","timeElapsed":230,"timestamp":"2026-09-17T02:15:28.947Z"}
{"level":"info","message":"⌛ Validating src/cosas.wlk","timeElapsed":162,"timestamp":"2026-09-17T02:15:29.117Z"}
{"level":"info","message":"⌛ Building environment","timeElapsed":232,"timestamp":"2026-09-17T02:15:30.906Z"}
{"level":"info","message":"⌛ Validating src/cosas.wlk","timeElapsed":140,"timestamp":"2026-09-17T02:15:31.056Z"}
{"level":"info","message":"⌛ Building environment","timeElapsed":189,"timestamp":"2026-09-17T02:15:31.466Z"}
{"level":"info","message":"⌛ Validating src/cosas.wlk","timeElapsed":161,"timestamp":"2026-09-17T02:15:31.630Z"}
{"level":"info","message":"⌛ Building environment","timeElapsed":204,"timestamp":"2026-09-17T02:15:32.019Z"}
{"level":"info","message":"⌛ Building environment","timeElapsed":128,"timestamp":"2026-09-17T02:15:32.148Z"}
{"level":"info","message":"⌛ Validating src/cosas.wlk","timeElapsed":156,"timestamp":"2026-09-17T02:15:32.305Z"}
{"level":"info","message":"⌛ Validating src/cosas.wlk","timeElapsed":125,"timestamp":"2026-09-17T02:15:32.430Z"}
{"level":"info","message":"⌛ Building environment","timeElapsed":211,"timestamp":"2026-09-17T02:15:32.984Z"}
{"level":"info","message":"⌛ Validating src/cosas.wlk","timeElapsed":155,"timestamp":"2026-09-17T02:15:33.149Z"}
{"level":"info","message":"⌛ Building environment","timeElapsed":213,"timestamp":"2026-09-17T02:15:33.455Z"}
{"level":"info","message":"⌛ Building environment","timeElapsed":214,"timestamp":"2026-09-17T02:15:33.669Z"}
{"level":"info","message":"⌛ Validating src/cosas.wlk","timeElapsed":140,"timestamp":"2026-09-17T02:15:33.809Z"}
{"level":"info","message":"⌛ Validating src/cosas.wlk","timeElapsed":134,"timestamp":"2026-09-17T02:15:33.947Z"}
{"level":"info","message":"⌛ Building environment","timeElapsed":122,"timestamp":"2026-09-17T02:15:34.071Z"}
{"level":"info","message":"⌛ Validating src/cosas.wlk","timeElapsed":154,"timestamp":"2026-09-17T02:15:34.228Z"}
{"level":"info","message":"⌛ Building environment","timeElapsed":240,"timestamp":"2026-09-17T02:15:34.921Z"}
{"level":"info","message":"⌛ Validating src/cosas.wlk","timeElapsed":174,"timestamp":"2026-09-17T02:15:35.162Z"}
{"level":"info","message":"⌛ Building environment","timeElapsed":147,"timestamp":"2026-09-17T02:15:35.308Z"}
{"level":"info","message":"⌛ Building environment","timeElapsed":130,"timestamp":"2026-09-17T02:15:35.439Z"}
{"level":"info","message":"⌛ Building environment","timeElapsed":145,"timestamp":"2026-09-17T02:15:35.585Z"}
{"level":"info","message":"⌛ Validating src/cosas.wlk","timeElapsed":148,"timestamp":"2026-09-17T02:15:35.734Z"}
{"level":"info","message":"⌛ Validating src/cosas.wlk","timeElapsed":137,"timestamp":"2026-09-17T02:15:35.872Z"}
{"level":"info","message":"⌛ Validating src/cosas.wlk","timeElapsed":141,"timestamp":"2026-09-17T02:15:36.023Z"}
{"level":"info","message":"⌛ Building environment","timeElapsed":205,"timestamp":"2026-09-17T02:15:36.652Z"}
{"level":"info","message":"⌛ Validating src/cosas.wlk","timeElapsed":169,"timestamp":"2026-09-17T02:15:36.833Z"}
{"level":"info","message":"⌛ Building environment","timeElapsed":192,"timestamp":"2026-09-17T02:15:37.170Z"}
{"level":"info","message":"⌛ Validating src/cosas.wlk","timeElapsed":147,"timestamp":"2026-09-17T02:15:37.320Z"}
{"level":"info","message":"⌛ Building environment","timeElapsed":191,"timestamp":"2026-09-17T02:15:45.931Z"}
{"level":"info","message":"⌛ Validating src/cosas.wlk","timeElapsed":156,"timestamp":"2026-09-17T02:15:46.090Z"}
{"level":"info","message":"⌛ Building environment","timeElapsed":291,"timestamp":"2026-09-17T02:15:46.632Z"}
{"level":"info","message":"⌛ Building environment","timeElapsed":161,"timestamp":"2026-09-17T02:15:46.794Z"}
{"level":"info","message":"⌛ Building environment","timeElapsed":226,"timestamp":"2026-09-17T02:15:47.021Z"}
{"level":"info","message":"⌛ Building environment","timeElapsed":233,"timestamp":"2026-09-17T02:15:47.254Z"}
{"level":"info","message":"⌛ Building environment","timeElapsed":128,"timestamp":"2026-09-17T02:15:47.383Z"}
{"level":"info","message":"⌛ Building environment","timeElapsed":122,"timestamp":"2026-09-17T02:15:47.505Z"}
{"level":"info","message":"⌛ Building environment","timeElapsed":131,"timestamp":"2026-09-17T02:15:47.636Z"}
{"level":"info","message":"⌛ Validating src/cosas.wlk","timeElapsed":165,"timestamp":"2026-09-17T02:15:47.802Z"}
{"level":"info","message":"⌛ Building environment","timeElapsed":111,"timestamp":"2026-09-17T02:15:47.913Z"}
{"level":"info","message":"⌛ Building environment","timeElapsed":114,"timestamp":"2026-09-17T02:15:48.026Z"}
{"level":"info","message":"⌛ Validating src/cosas.wlk","timeElapsed":137,"timestamp":"2026-09-17T02:15:48.163Z"}
{"level":"info","message":"⌛ Validating src/cosas.wlk","timeElapsed":119,"timestamp":"2026-09-17T02:15:48.382Z"}
{"level":"info","message":"⌛ Validating src/cosas.wlk","timeElapsed":113,"timestamp":"2026-09-17T02:15:48.496Z"}
{"level":"info","message":"⌛ Validating src/cosas.wlk","timeElapsed":113,"timestamp":"2026-09-17T02:15:48.610Z"}
{"level":"info","message":"⌛ Validating src/cosas.wlk","timeElapsed":114,"timestamp":"2026-09-17T02:15:48.724Z"}
{"level":"info","message":"⌛ Validating src/cosas.wlk","timeElapsed":107,"timestamp":"2026-09-17T02:15:48.831Z"}
{"level":"info","message":"⌛ Validating src/cosas.wlk","timeElapsed":108,"timestamp":"2026-09-17T02:15:48.939Z"}
{"level":"info","message":"⌛ Validating src/cosas.wlk","timeElapsed":121,"timestamp":"2026-09-17T02:15:49.059Z"}
{"level":"info","message":"⌛ Building environment","timeElapsed":162,"timestamp":"2026-09-17T02:15:49.222Z"}
{"level":"info","message":"⌛ Validating src/cosas.wlk","timeElapsed":130,"timestamp":"2026-09-17T02:15:49.354Z"}
{"level":"info","message":"⌛ Building environment","timeElapsed":127,"timestamp":"2026-09-17T02:16:58.661Z"}
{"level":"info","message":"⌛ Validating src/test2.wtest","timeElapsed":174,"timestamp":"2026-09-17T02:16:58.919Z"}
{"level":"info","message":"⌛ Building environment","timeElapsed":237,"timestamp":"2026-09-17T02:17:34.665Z"}
{"level":"info","message":"⌛ Validating src/cosas.wlk","timeElapsed":160,"timestamp":"2026-09-17T02:17:34.868Z"}
{"level":"info","message":"⌛ Building environment","timeElapsed":230,"timestamp":"2026-09-17T02:17:35.144Z"}
{"level":"info","message":"⌛ Validating src/cosas.wlk","timeElapsed":164,"timestamp":"2026-09-17T02:17:35.328Z"}
{"level":"info","message":"⌛ Building environment","timeElapsed":115,"timestamp":"2026-09-17T02:17:35.448Z"}
{"level":"info","message":"⌛ Validating src/cosas.wlk","timeElapsed":148,"timestamp":"2026-09-17T02:17:35.600Z"}
{"level":"error","message":"✘ Failed to rebuild document Failed to parse src/test2.wtest: \n-- PARSING FAILED --------------------------------------------------\n\n> 1 | Aquí tienes la implementación completa de **las cosas** en Wollok y la suite de **pruebas automatizadas (`.wtest`)** correspondientes, diseñadas bajo el paradigma de objetos aprovechando el **polimorfismo**, la **delegación** y la **composición**.\n    |                                                                                                                 ^\n  2 | \n  3 | ---\n\nExpected one of the following: \n\nstring literal, whitespace\n","stack":"Error: Failed to parse src/test2.wtest: \n-- PARSING FAILED --------------------------------------------------\n\n> 1 | Aquí tienes la implementación completa de **las cosas** en Wollok y la suite de **pruebas automatizadas (`.wtest`)** correspondientes, diseñadas bajo el paradigma de objetos aprovechando el **polimorfismo**, la **delegación** y la **composición**.\n    |                                                                                                                 ^\n  2 | \n  3 | ---\n\nExpected one of the following: \n\nstring literal, whitespace\n\n    at /home/ramiro/.vscode/extensions/uqbar.wollok-lsp-ide-0.5.5/out/server/src/server.js:2385:13026\n    at Array.map (<anonymous>)\n    at z1n (/home/ramiro/.vscode/extensions/uqbar.wollok-lsp-ide-0.5.5/out/server/src/server.js:2385:12950)\n    at H2.buildEnvironmentFrom (/home/ramiro/.vscode/extensions/uqbar.wollok-lsp-ide-0.5.5/out/server/src/server.js:2430:5254)\n    at H2.updateEnvironmentWith (/home/ramiro/.vscode/extensions/uqbar.wollok-lsp-ide-0.5.5/out/server/src/server.js:2430:4989)\n    at QF (/home/ramiro/.vscode/extensions/uqbar.wollok-lsp-ide-0.5.5/out/server/src/server.js:2430:7383)\n    at V3.invoke (/home/ramiro/.vscode/extensions/uqbar.wollok-lsp-ide-0.5.5/out/server/src/server.js:3:157330)\n    at o.fire (/home/ramiro/.vscode/extensions/uqbar.wollok-lsp-ide-0.5.5/out/server/src/server.js:3:158100)\n    at /home/ramiro/.vscode/extensions/uqbar.wollok-lsp-ide-0.5.5/out/server/src/server.js:37:57871\n    at nd (/home/ramiro/.vscode/extensions/uqbar.wollok-lsp-ide-0.5.5/out/server/src/server.js:8:1561)","timestamp":"2026-09-17T02:18:14.396Z"}
{"level":"error","message":"✘ Failed to rebuild document Failed to parse src/test2.wtest: \n-- PARSING FAILED --------------------------------------------------\n\n> 1 | Aquí tienes la implementación completa de **las cosas** en Wollok y la suite de **pruebas automatizadas (`.wtest`)** correspondientes, diseñadas bajo el paradigma de objetos aprovechando el **polimorfismo**, la **delegación** y la **composición**.\n    |                                                                                                                 ^\n  2 | \n  3 | ---\n\nExpected one of the following: \n\nstring literal, whitespace\n","stack":"Error: Failed to parse src/test2.wtest: \n-- PARSING FAILED --------------------------------------------------\n\n> 1 | Aquí tienes la implementación completa de **las cosas** en Wollok y la suite de **pruebas automatizadas (`.wtest`)** correspondientes, diseñadas bajo el paradigma de objetos aprovechando el **polimorfismo**, la **delegación** y la **composición**.\n    |                                                                                                                 ^\n  2 | \n  3 | ---\n\nExpected one of the following: \n\nstring literal, whitespace\n\n    at /home/ramiro/.vscode/extensions/uqbar.wollok-lsp-ide-0.5.5/out/server/src/server.js:2385:13026\n    at Array.map (<anonymous>)\n    at z1n (/home/ramiro/.vscode/extensions/uqbar.wollok-lsp-ide-0.5.5/out/server/src/server.js:2385:12950)\n    at H2.buildEnvironmentFrom (/home/ramiro/.vscode/extensions/uqbar.wollok-lsp-ide-0.5.5/out/server/src/server.js:2430:5254)\n    at H2.updateEnvironmentWith (/home/ramiro/.vscode/extensions/uqbar.wollok-lsp-ide-0.5.5/out/server/src/server.js:2430:4989)\n    at QF (/home/ramiro/.vscode/extensions/uqbar.wollok-lsp-ide-0.5.5/out/server/src/server.js:2430:7383)\n    at V3.invoke (/home/ramiro/.vscode/extensions/uqbar.wollok-lsp-ide-0.5.5/out/server/src/server.js:3:157330)\n    at o.fire (/home/ramiro/.vscode/extensions/uqbar.wollok-lsp-ide-0.5.5/out/server/src/server.js:3:158100)\n    at /home/ramiro/.vscode/extensions/uqbar.wollok-lsp-ide-0.5.5/out/server/src/server.js:37:57871\n    at nd (/home/ramiro/.vscode/extensions/uqbar.wollok-lsp-ide-0.5.5/out/server/src/server.js:8:1561)","timestamp":"2026-09-17T02:18:29.532Z"}
{"level":"error","message":"✘ Failed to rebuild document Failed to parse src/test2.wtest: \n-- PARSING FAILED --------------------------------------------------\n\n> 1 | Aquí tienes la implementación completa de **las cosas** en Wollok y la suite de **pruebas automatizadas (`.wtest`)** correspondientes, diseñadas bajo el paradigma de objetos aprovechando el **polimorfismo**, la **delegación** y la **composición**.\n    |                                                                                                                 ^\n  2 | \n  3 | ---\n\nExpected one of the following: \n\nstring literal, whitespace\n","stack":"Error: Failed to parse src/test2.wtest: \n-- PARSING FAILED --------------------------------------------------\n\n> 1 | Aquí tienes la implementación completa de **las cosas** en Wollok y la suite de **pruebas automatizadas (`.wtest`)** correspondientes, diseñadas bajo el paradigma de objetos aprovechando el **polimorfismo**, la **delegación** y la **composición**.\n    |                                                                                                                 ^\n  2 | \n  3 | ---\n\nExpected one of the following: \n\nstring literal, whitespace\n\n    at /home/ramiro/.vscode/extensions/uqbar.wollok-lsp-ide-0.5.5/out/server/src/server.js:2385:13026\n    at Array.map (<anonymous>)\n    at z1n (/home/ramiro/.vscode/extensions/uqbar.wollok-lsp-ide-0.5.5/out/server/src/server.js:2385:12950)\n    at H2.buildEnvironmentFrom (/home/ramiro/.vscode/extensions/uqbar.wollok-lsp-ide-0.5.5/out/server/src/server.js:2430:5254)\n    at H2.updateEnvironmentWith (/home/ramiro/.vscode/extensions/uqbar.wollok-lsp-ide-0.5.5/out/server/src/server.js:2430:4989)\n    at QF (/home/ramiro/.vscode/extensions/uqbar.wollok-lsp-ide-0.5.5/out/server/src/server.js:2430:7383)\n    at V3.invoke (/home/ramiro/.vscode/extensions/uqbar.wollok-lsp-ide-0.5.5/out/server/src/server.js:3:157330)\n    at o.fire (/home/ramiro/.vscode/extensions/uqbar.wollok-lsp-ide-0.5.5/out/server/src/server.js:3:158100)\n    at /home/ramiro/.vscode/extensions/uqbar.wollok-lsp-ide-0.5.5/out/server/src/server.js:37:57871\n    at nd (/home/ramiro/.vscode/extensions/uqbar.wollok-lsp-ide-0.5.5/out/server/src/server.js:8:1561)","timestamp":"2026-09-17T02:18:29.977Z"}
{"level":"info","message":"⌛ Building environment","timeElapsed":260,"timestamp":"2026-09-17T02:18:39.203Z"}
{"level":"info","message":"⌛ Validating src/test2.wtest","timeElapsed":188,"timestamp":"2026-09-17T02:18:39.395Z"}
{"level":"info","message":"🧪 Test runner executed on /home/ramiro/Proyectos/camiones","result":{"errored":7,"failed":0,"ok":0},"testsFailed":[{"error":["wollok.lang.MessageNotUnderstoodException: paqueteDeLadrillos does not understand cantidadLadrillos(arg 0)","  at src.test2.\"Pruebas de Las Cosas del Camión\".\"Paquete de 950 ladrillos: pesa 2000 kg y peligrosidad es 40\" [src/test2.wtest:10]"],"test":"src.test2.\"Pruebas de Las Cosas del Camión\".\"Paquete de 950 ladrillos: pesa 2000 kg y peligrosidad es 40\""},{"error":["wollok.lang.MessageNotUnderstoodException: paqueteDeLadrillos does not understand cantidadLadrillos(arg 0)","  at src.test2.\"Pruebas de Las Cosas del Camión\".\"Paquete de 1020 ladrillos: pesa 2250 kg y peligrosidad es 29\" [src/test2.wtest:22]"],"test":"src.test2.\"Pruebas de Las Cosas del Camión\".\"Paquete de 1020 ladrillos: pesa 2250 kg y peligrosidad es 29\""},{"error":["wollok.lang.MessageNotUnderstoodException: bumblebee does not understand transformarEnAuto()","  at src.test2.\"Pruebas de Las Cosas del Camión\".\"Contenedor portuario con Knight Rider y Bumblebee en auto\" [src/test2.wtest:34]"],"test":"src.test2.\"Pruebas de Las Cosas del Camión\".\"Contenedor portuario con Knight Rider y Bumblebee en auto\""},{"error":["wollok.lang.MessageNotUnderstoodException: bumblebee does not understand transformarEnRobot()","  at src.test2.\"Pruebas de Las Cosas del Camión\".\"Bumblebee cambia de peligrosidad al transformarse en robot\" [src/test2.wtest:48]"],"test":"src.test2.\"Pruebas de Las Cosas del Camión\".\"Bumblebee cambia de peligrosidad al transformarse en robot\""},{"error":["wollok.lang.EvaluationError: Error: Could not resolve reference to bateriaAntiaerea","  at src.test2.\"Pruebas de Las Cosas del Camión\".\"Batería antiaérea cambia su peso y peligrosidad según si está cargada\" [src/test2.wtest:56]"],"test":"src.test2.\"Pruebas de Las Cosas del Camión\".\"Batería antiaérea cambia su peso y peligrosidad según si está cargada\""},{"error":["wollok.lang.MessageNotUnderstoodException: paqueteDeLadrillos does not understand cantidadLadrillos(arg 0)","  at src.test2.\"Pruebas de Las Cosas del Camión\".\"Embalaje de seguridad reduce a la mitad la peligrosidad de lo que envuelve\" [src/test2.wtest:67]"],"test":"src.test2.\"Pruebas de Las Cosas del Camión\".\"Embalaje de seguridad reduce a la mitad la peligrosidad de lo que envuelve\""},{"error":["wollok.lang.ElementNotFoundException: collection is empty","  at src.cosas.contenedorPortuario.nivelPeligrosidad() [src/cosas.wlk:54]","  at src.test2.\"Pruebas de Las Cosas del Camión\".\"Contenedor portuario vacío tiene peso 100 y peligrosidad 0\" [src/test2.wtest:76]"],"test":"src.test2.\"Pruebas de Las Cosas del Camión\".\"Contenedor portuario vacío tiene peso 100 y peligrosidad 0\""}],"timeElapsed":945,"timestamp":"2026-09-17T02:18:51.761Z"}
{"level":"info","message":"⌛ Building environment","timeElapsed":420,"timestamp":"2026-09-17T02:19:39.227Z"}
{"level":"info","message":"⌛ Validating src/test2.wtest","timeElapsed":166,"timestamp":"2026-09-17T02:19:39.480Z"}
{"level":"info","message":"⌛ Building environment","timeElapsed":414,"timestamp":"2026-09-17T02:19:46.319Z"}
{"level":"info","message":"⌛ Validating src/test2.wtest","timeElapsed":253,"timestamp":"2026-09-17T02:19:46.629Z"}
{"level":"info","message":"🧪 Test runner executed on /home/ramiro/Proyectos/camiones","result":{"errored":5,"failed":2,"ok":0},"testsFailed":[{"error":["wollok.lib.AssertionException: Expected <2000> but found <9520>","  at src.test2.\"Pruebas de Las Cosas del Camión\".\"Paquete de 950 ladrillos: pesa 2000 kg y peligrosidad es 40\" [src/test2.wtest:16]"],"test":"src.test2.\"Pruebas de Las Cosas del Camión\".\"Paquete de 950 ladrillos: pesa 2000 kg y peligrosidad es 40\""},{"error":["wollok.lib.AssertionException: Expected <2250> but found <10242>","  at src.test2.\"Pruebas de Las Cosas del Camión\".\"Paquete de 1020 ladrillos: pesa 2250 kg y peligrosidad es 29\" [src/test2.wtest:28]"],"test":"src.test2.\"Pruebas de Las Cosas del Camión\".\"Paquete de 1020 ladrillos: pesa 2250 kg y peligrosidad es 29\""},{"error":["wollok.lang.MessageNotUnderstoodException: bumblebee does not understand transformarEnAuto()","  at src.test2.\"Pruebas de Las Cosas del Camión\".\"Contenedor portuario con Knight Rider y Bumblebee en auto\" [src/test2.wtest:34]"],"test":"src.test2.\"Pruebas de Las Cosas del Camión\".\"Contenedor portuario con Knight Rider y Bumblebee en auto\""},{"error":["wollok.lang.MessageNotUnderstoodException: bumblebee does not understand transformarEnRobot()","  at src.test2.\"Pruebas de Las Cosas del Camión\".\"Bumblebee cambia de peligrosidad al transformarse en robot\" [src/test2.wtest:48]"],"test":"src.test2.\"Pruebas de Las Cosas del Camión\".\"Bumblebee cambia de peligrosidad al transformarse en robot\""},{"error":["wollok.lang.EvaluationError: Error: Could not resolve reference to bateriaAntiaerea","  at src.test2.\"Pruebas de Las Cosas del Camión\".\"Batería antiaérea cambia su peso y peligrosidad según si está cargada\" [src/test2.wtest:56]"],"test":"src.test2.\"Pruebas de Las Cosas del Camión\".\"Batería antiaérea cambia su peso y peligrosidad según si está cargada\""},{"error":["wollok.lang.MessageNotUnderstoodException: paqueteDeLadrillos does not understand cantidadLadrillos(arg 0)","  at src.test2.\"Pruebas de Las Cosas del Camión\".\"Embalaje de seguridad reduce a la mitad la peligrosidad de lo que envuelve\" [src/test2.wtest:67]"],"test":"src.test2.\"Pruebas de Las Cosas del Camión\".\"Embalaje de seguridad reduce a la mitad la peligrosidad de lo que envuelve\""},{"error":["wollok.lang.ElementNotFoundException: collection is empty","  at src.cosas.contenedorPortuario.nivelPeligrosidad() [src/cosas.wlk:54]","  at src.test2.\"Pruebas de Las Cosas del Camión\".\"Contenedor portuario vacío tiene peso 100 y peligrosidad 0\" [src/test2.wtest:76]"],"test":"src.test2.\"Pruebas de Las Cosas del Camión\".\"Contenedor portuario vacío tiene peso 100 y peligrosidad 0\""}],"timeElapsed":915,"timestamp":"2026-09-17T02:19:57.522Z"}
{"level":"info","message":"⌛ Building environment","timeElapsed":216,"timestamp":"2026-09-17T02:20:09.403Z"}
{"level":"info","message":"⌛ Validating src/test2.wtest","timeElapsed":149,"timestamp":"2026-09-17T02:20:09.555Z"}
{"level":"info","message":"⌛ Building environment","timeElapsed":312,"timestamp":"2026-09-17T02:21:09.171Z"}
{"level":"info","message":"⌛ Validating src/test2.wtest","timeElapsed":206,"timestamp":"2026-09-17T02:21:09.497Z"}
{"level":"info","message":"⌛ Building environment","timeElapsed":300,"timestamp":"2026-09-17T02:21:21.846Z"}
{"level":"info","message":"⌛ Validating src/cosas.wlk","timeElapsed":155,"timestamp":"2026-09-17T02:21:22.042Z"}
{"level":"info","message":"⌛ Building environment","timeElapsed":214,"timestamp":"2026-09-17T02:21:23.046Z"}
{"level":"info","message":"⌛ Validating src/cosas.wlk","timeElapsed":164,"timestamp":"2026-09-17T02:21:23.252Z"}
{"level":"info","message":"⌛ Building environment","timeElapsed":150,"timestamp":"2026-09-17T02:21:23.449Z"}
{"level":"info","message":"⌛ Validating src/cosas.wlk","timeElapsed":153,"timestamp":"2026-09-17T02:21:23.605Z"}
{"level":"info","message":"⌛ Building environment","timeElapsed":145,"timestamp":"2026-09-17T02:21:23.811Z"}
{"level":"info","message":"⌛ Building environment","timeElapsed":167,"timestamp":"2026-09-17T02:21:23.989Z"}
{"level":"info","message":"⌛ Validating src/cosas.wlk","timeElapsed":179,"timestamp":"2026-09-17T02:21:24.180Z"}
{"level":"info","message":"⌛ Building environment","timeElapsed":120,"timestamp":"2026-09-17T02:21:24.301Z"}
{"level":"info","message":"⌛ Validating src/cosas.wlk","timeElapsed":278,"timestamp":"2026-09-17T02:21:24.580Z"}
{"level":"info","message":"⌛ Building environment","timeElapsed":274,"timestamp":"2026-09-17T02:21:24.869Z"}
{"level":"info","message":"⌛ Validating src/cosas.wlk","timeElapsed":151,"timestamp":"2026-09-17T02:21:25.021Z"}
{"level":"info","message":"⌛ Validating src/cosas.wlk","timeElapsed":140,"timestamp":"2026-09-17T02:21:25.179Z"}
{"level":"info","message":"⌛ Building environment","timeElapsed":300,"timestamp":"2026-09-17T02:21:26.581Z"}
{"level":"info","message":"⌛ Building environment","timeElapsed":128,"timestamp":"2026-09-17T02:21:26.781Z"}
{"level":"info","message":"⌛ Building environment","timeElapsed":141,"timestamp":"2026-09-17T02:21:26.922Z"}
{"level":"info","message":"⌛ Validating src/cosas.wlk","timeElapsed":133,"timestamp":"2026-09-17T02:21:27.055Z"}
{"level":"info","message":"⌛ Validating src/cosas.wlk","timeElapsed":137,"timestamp":"2026-09-17T02:21:27.193Z"}
{"level":"info","message":"⌛ Validating src/cosas.wlk","timeElapsed":134,"timestamp":"2026-09-17T02:21:27.336Z"}
{"level":"info","message":"⌛ Building environment","timeElapsed":213,"timestamp":"2026-09-17T02:21:27.883Z"}
{"level":"info","message":"⌛ Validating src/cosas.wlk","timeElapsed":185,"timestamp":"2026-09-17T02:21:28.071Z"}
{"level":"info","message":"⌛ Building environment","timeElapsed":124,"timestamp":"2026-09-17T02:21:28.206Z"}
{"level":"info","message":"⌛ Building environment","timeElapsed":127,"timestamp":"2026-09-17T02:21:28.334Z"}
{"level":"info","message":"⌛ Validating src/cosas.wlk","timeElapsed":186,"timestamp":"2026-09-17T02:21:28.521Z"}
{"level":"info","message":"⌛ Validating src/cosas.wlk","timeElapsed":147,"timestamp":"2026-09-17T02:21:28.679Z"}
{"level":"info","message":"⌛ Building environment","timeElapsed":217,"timestamp":"2026-09-17T02:21:28.896Z"}
{"level":"info","message":"⌛ Building environment","timeElapsed":141,"timestamp":"2026-09-17T02:21:29.082Z"}
{"level":"info","message":"⌛ Validating src/cosas.wlk","timeElapsed":165,"timestamp":"2026-09-17T02:21:29.248Z"}
{"level":"info","message":"⌛ Building environment","timeElapsed":123,"timestamp":"2026-09-17T02:21:29.371Z"}
{"level":"info","message":"⌛ Validating src/cosas.wlk","timeElapsed":149,"timestamp":"2026-09-17T02:21:29.520Z"}
{"level":"info","message":"⌛ Validating src/cosas.wlk","timeElapsed":132,"timestamp":"2026-09-17T02:21:29.692Z"}
{"level":"info","message":"⌛ Building environment","timeElapsed":181,"timestamp":"2026-09-17T02:21:30.279Z"}
{"level":"info","message":"⌛ Validating src/cosas.wlk","timeElapsed":171,"timestamp":"2026-09-17T02:21:30.502Z"}
{"level":"info","message":"⌛ Building environment","timeElapsed":133,"timestamp":"2026-09-17T02:21:30.635Z"}
{"level":"info","message":"⌛ Building environment","timeElapsed":137,"timestamp":"2026-09-17T02:21:30.773Z"}
{"level":"info","message":"⌛ Validating src/cosas.wlk","timeElapsed":157,"timestamp":"2026-09-17T02:21:30.966Z"}
{"level":"info","message":"⌛ Building environment","timeElapsed":199,"timestamp":"2026-09-17T02:21:31.166Z"}
{"level":"info","message":"⌛ Validating src/cosas.wlk","timeElapsed":158,"timestamp":"2026-09-17T02:21:31.324Z"}
{"level":"info","message":"⌛ Validating src/cosas.wlk","timeElapsed":151,"timestamp":"2026-09-17T02:21:31.488Z"}
{"level":"info","message":"⌛ Building environment","timeElapsed":185,"timestamp":"2026-09-17T02:21:32.890Z"}
{"level":"error","message":"✘ Completions for node Parameter ([56:21, 56:22] - src/cosas.wlk) failed: Error: [Parameter]{c39486} at src/cosas.wlk:56 exhausted all cases without a match [Parameter]{c39486} at src/cosas.wlk:56 exhausted all cases without a match","stack":"Error: [Parameter]{c39486} at src/cosas.wlk:56 exhausted all cases without a match\n    at /home/ramiro/.vscode/extensions/uqbar.wollok-lsp-ide-0.5.5/out/server/src/server.js:38:6142\n    at L2 (/home/ramiro/.vscode/extensions/uqbar.wollok-lsp-ide-0.5.5/out/server/src/server.js:2421:42)\n    at /home/ramiro/.vscode/extensions/uqbar.wollok-lsp-ide-0.5.5/out/server/src/server.js:2421:2988\n    at /home/ramiro/.vscode/extensions/uqbar.wollok-lsp-ide-0.5.5/out/server/src/server.js:2430:8440\n    at /home/ramiro/.vscode/extensions/uqbar.wollok-lsp-ide-0.5.5/out/server/src/server.js:37:74872\n    at Ke (/home/ramiro/.vscode/extensions/uqbar.wollok-lsp-ide-0.5.5/out/server/src/server.js:7:8527)\n    at It (/home/ramiro/.vscode/extensions/uqbar.wollok-lsp-ide-0.5.5/out/server/src/server.js:7:6189)\n    at et (/home/ramiro/.vscode/extensions/uqbar.wollok-lsp-ide-0.5.5/out/server/src/server.js:7:6378)\n    at Immediate._onImmediate (/home/ramiro/.vscode/extensions/uqbar.wollok-lsp-ide-0.5.5/out/server/src/server.js:7:6142)\n    at process.processImmediate (node:internal/timers:504:21)","timestamp":"2026-09-17T02:21:32.923Z"}
{"level":"info","message":"⌛ Validating src/cosas.wlk","timeElapsed":197,"timestamp":"2026-09-17T02:21:33.128Z"}
{"level":"info","message":"⌛ Building environment","timeElapsed":145,"timestamp":"2026-09-17T02:21:33.279Z"}
{"level":"info","message":"⌛ Building environment","timeElapsed":137,"timestamp":"2026-09-17T02:21:33.417Z"}
{"level":"info","message":"⌛ Building environment","timeElapsed":128,"timestamp":"2026-09-17T02:21:33.546Z"}
{"level":"info","message":"⌛ Validating src/cosas.wlk","timeElapsed":150,"timestamp":"2026-09-17T02:21:33.697Z"}
{"level":"info","message":"⌛ Validating src/cosas.wlk","timeElapsed":134,"timestamp":"2026-09-17T02:21:33.832Z"}
{"level":"info","message":"⌛ Validating src/cosas.wlk","timeElapsed":129,"timestamp":"2026-09-17T02:21:33.973Z"}
{"level":"info","message":"⌛ Building environment","timeElapsed":231,"timestamp":"2026-09-17T02:21:40.201Z"}
{"level":"info","message":"⌛ Building environment","timeElapsed":153,"timestamp":"2026-09-17T02:21:40.397Z"}
{"level":"info","message":"⌛ Validating src/cosas.wlk","timeElapsed":188,"timestamp":"2026-09-17T02:21:40.586Z"}
{"level":"info","message":"⌛ Building environment","timeElapsed":212,"timestamp":"2026-09-17T02:21:40.798Z"}
{"level":"info","message":"⌛ Validating src/cosas.wlk","timeElapsed":243,"timestamp":"2026-09-17T02:21:41.042Z"}
{"level":"info","message":"⌛ Building environment","timeElapsed":111,"timestamp":"2026-09-17T02:21:41.154Z"}
{"level":"info","message":"⌛ Building environment","timeElapsed":118,"timestamp":"2026-09-17T02:21:41.273Z"}
{"level":"info","message":"⌛ Validating src/cosas.wlk","timeElapsed":158,"timestamp":"2026-09-17T02:21:41.432Z"}
{"level":"info","message":"⌛ Validating src/cosas.wlk","timeElapsed":139,"timestamp":"2026-09-17T02:21:41.580Z"}
{"level":"info","message":"⌛ Validating src/cosas.wlk","timeElapsed":142,"timestamp":"2026-09-17T02:21:41.722Z"}
{"level":"info","message":"⌛ Building environment","timeElapsed":181,"timestamp":"2026-09-17T02:21:42.179Z"}
{"level":"info","message":"⌛ Validating src/cosas.wlk","timeElapsed":175,"timestamp":"2026-09-17T02:21:42.404Z"}
{"level":"info","message":"⌛ Building environment","timeElapsed":217,"timestamp":"2026-09-17T02:21:42.622Z"}
{"level":"info","message":"⌛ Building environment","timeElapsed":128,"timestamp":"2026-09-17T02:21:42.751Z"}
{"level":"info","message":"⌛ Validating src/cosas.wlk","timeElapsed":179,"timestamp":"2026-09-17T02:21:42.930Z"}
{"level":"info","message":"⌛ Validating src/cosas.wlk","timeElapsed":139,"timestamp":"2026-09-17T02:21:43.079Z"}
{"level":"info","message":"⌛ Building environment","timeElapsed":128,"timestamp":"2026-09-17T02:21:43.210Z"}
{"level":"info","message":"⌛ Validating src/cosas.wlk","timeElapsed":148,"timestamp":"2026-09-17T02:21:43.378Z"}
{"level":"info","message":"⌛ Building environment","timeElapsed":254,"timestamp":"2026-09-17T02:21:43.993Z"}
{"level":"info","message":"⌛ Validating src/cosas.wlk","timeElapsed":210,"timestamp":"2026-09-17T02:21:44.207Z"}
{"level":"info","message":"⌛ Building environment","timeElapsed":125,"timestamp":"2026-09-17T02:21:44.342Z"}
{"level":"error","message":"✘ Completions for node Send ([57:4, 57:16] - src/cosas.wlk) failed: Error: [Send]{a1775d} at src/cosas.wlk:57 exhausted all cases without a match [Send]{a1775d} at src/cosas.wlk:57 exhausted all cases without a match","stack":"Error: [Send]{a1775d} at src/cosas.wlk:57 exhausted all cases without a match\n    at /home/ramiro/.vscode/extensions/uqbar.wollok-lsp-ide-0.5.5/out/server/src/server.js:38:6142\n    at L2 (/home/ramiro/.vscode/extensions/uqbar.wollok-lsp-ide-0.5.5/out/server/src/server.js:2421:42)\n    at Jh (/home/ramiro/.vscode/extensions/uqbar.wollok-lsp-ide-0.5.5/out/server/src/server.js:2421:1092)\n    at w5n (/home/ramiro/.vscode/extensions/uqbar.wollok-lsp-ide-0.5.5/out/server/src/server.js:2421:1248)\n    at /home/ramiro/.vscode/extensions/uqbar.wollok-lsp-ide-0.5.5/out/server/src/server.js:38:6131\n    at L2 (/home/ramiro/.vscode/extensions/uqbar.wollok-lsp-ide-0.5.5/out/server/src/server.js:2421:42)\n    at /home/ramiro/.vscode/extensions/uqbar.wollok-lsp-ide-0.5.5/out/server/src/server.js:2421:2988\n    at /home/ramiro/.vscode/extensions/uqbar.wollok-lsp-ide-0.5.5/out/server/src/server.js:2430:8440\n    at /home/ramiro/.vscode/extensions/uqbar.wollok-lsp-ide-0.5.5/out/server/src/server.js:37:74872\n    at Ke (/home/ramiro/.vscode/extensions/uqbar.wollok-lsp-ide-0.5.5/out/server/src/server.js:7:8527)","timestamp":"2026-09-17T02:21:44.390Z"}
{"level":"info","message":"⌛ Building environment","timeElapsed":146,"timestamp":"2026-09-17T02:21:44.541Z"}
{"level":"info","message":"⌛ Building environment","timeElapsed":134,"timestamp":"2026-09-17T02:21:44.676Z"}
{"level":"info","message":"⌛ Validating src/cosas.wlk","timeElapsed":172,"timestamp":"2026-09-17T02:21:44.849Z"}
{"level":"info","message":"⌛ Building environment","timeElapsed":114,"timestamp":"2026-09-17T02:21:44.966Z"}
{"level":"info","message":"⌛ Validating src/cosas.wlk","timeElapsed":137,"timestamp":"2026-09-17T02:21:45.111Z"}
{"level":"info","message":"⌛ Validating src/cosas.wlk","timeElapsed":128,"timestamp":"2026-09-17T02:21:45.239Z"}
{"level":"info","message":"⌛ Validating src/cosas.wlk","timeElapsed":137,"timestamp":"2026-09-17T02:21:45.391Z"}
{"level":"error","message":"✘ Failed to rebuild document Failed to parse src/test2.wtest: \n-- PARSING FAILED --------------------------------------------------\n\nGot the end of the input\n\nExpected one of the following: \n\n'@', 'const', 'method', 'only', 'override', 'test', 'var', '{', '}', any character/byte, comment, whitespace\n","stack":"Error: Failed to parse src/test2.wtest: \n-- PARSING FAILED --------------------------------------------------\n\nGot the end of the input\n\nExpected one of the following: \n\n'@', 'const', 'method', 'only', 'override', 'test', 'var', '{', '}', any character/byte, comment, whitespace\n\n    at /home/ramiro/.vscode/extensions/uqbar.wollok-lsp-ide-0.5.5/out/server/src/server.js:2385:13026\n    at Array.map (<anonymous>)\n    at z1n (/home/ramiro/.vscode/extensions/uqbar.wollok-lsp-ide-0.5.5/out/server/src/server.js:2385:12950)\n    at H2.buildEnvironmentFrom (/home/ramiro/.vscode/extensions/uqbar.wollok-lsp-ide-0.5.5/out/server/src/server.js:2430:5254)\n    at H2.updateEnvironmentWith (/home/ramiro/.vscode/extensions/uqbar.wollok-lsp-ide-0.5.5/out/server/src/server.js:2430:4989)\n    at QF (/home/ramiro/.vscode/extensions/uqbar.wollok-lsp-ide-0.5.5/out/server/src/server.js:2430:7383)\n    at V3.invoke (/home/ramiro/.vscode/extensions/uqbar.wollok-lsp-ide-0.5.5/out/server/src/server.js:3:157330)\n    at o.fire (/home/ramiro/.vscode/extensions/uqbar.wollok-lsp-ide-0.5.5/out/server/src/server.js:3:158100)\n    at /home/ramiro/.vscode/extensions/uqbar.wollok-lsp-ide-0.5.5/out/server/src/server.js:37:57871\n    at nd (/home/ramiro/.vscode/extensions/uqbar.wollok-lsp-ide-0.5.5/out/server/src/server.js:8:1561)","timestamp":"2026-09-17T02:22:04.734Z"}
{"level":"info","message":"⌛ Building environment","timeElapsed":380,"timestamp":"2026-09-17T02:22:15.993Z"}
{"level":"info","message":"⌛ Validating src/test2.wtest","timeElapsed":195,"timestamp":"2026-09-17T02:22:16.200Z"}
{"level":"info","message":"🧪 Test runner executed on /home/ramiro/Proyectos/camiones","result":{"errored":0,"failed":3,"ok":0},"testsFailed":[{"error":["wollok.lib.AssertionException: Expected <2000> but found <9520>","  at src.test2.\"Pruebas de Las Cosas del Camión\".\"Paquete de 950 ladrillos: pesa 2000 kg y peligrosidad es 40\" [src/test2.wtest:16]"],"test":"src.test2.\"Pruebas de Las Cosas del Camión\".\"Paquete de 950 ladrillos: pesa 2000 kg y peligrosidad es 40\""},{"error":["wollok.lib.AssertionException: Expected <2250> but found <10242>","  at src.test2.\"Pruebas de Las Cosas del Camión\".\"Paquete de 1020 ladrillos: pesa 2250 kg y peligrosidad es 29\" [src/test2.wtest:28]"],"test":"src.test2.\"Pruebas de Las Cosas del Camión\".\"Paquete de 1020 ladrillos: pesa 2250 kg y peligrosidad es 29\""},{"error":["wollok.lib.AssertionException: Expected <15> but found <bumblebee>","  at src.test2.\"Pruebas de Las Cosas del Camión\".\"Contenedor portuario con Knight Rider y Bumblebee en auto\" [src/test2.wtest:42]"],"test":"src.test2.\"Pruebas de Las Cosas del Camión\".\"Contenedor portuario con Knight Rider y Bumblebee en auto\""}],"timeElapsed":762,"timestamp":"2026-09-17T02:22:21.249Z"}
{"level":"info","message":"🧪 Test runner executed on /home/ramiro/Proyectos/camiones","result":{"errored":0,"failed":1,"ok":0},"testsFailed":[{"error":["wollok.lib.AssertionException: Expected <2000> but found <9520>","  at src.test2.\"Pruebas de Las Cosas del Camión\".\"Paquete de 950 ladrillos: pesa 2000 kg y peligrosidad es 40\" [src/test2.wtest:16]"],"test":"src.test2.\"Pruebas de Las Cosas del Camión\".\"Paquete de 950 ladrillos: pesa 2000 kg y peligrosidad es 40\""}],"timeElapsed":886,"timestamp":"2026-09-17T02:22:34.812Z"}
{"level":"info","message":"⌛ Building environment","timeElapsed":289,"timestamp":"2026-09-17T02:28:35.740Z"}
{"level":"info","message":"⌛ Validating src/cosas.wlk","timeElapsed":144,"timestamp":"2026-09-17T02:28:35.976Z"}
{"level":"info","message":"⌛ Building environment","timeElapsed":231,"timestamp":"2026-09-17T02:28:52.584Z"}
{"level":"info","message":"⌛ Validating src/cosas.wlk","timeElapsed":199,"timestamp":"2026-09-17T02:28:52.786Z"}
{"level":"info","message":"⌛ Building environment","timeElapsed":229,"timestamp":"2026-09-17T02:28:57.194Z"}
{"level":"info","message":"⌛ Validating src/cosas.wlk","timeElapsed":187,"timestamp":"2026-09-17T02:28:57.384Z"}
{"level":"info","message":"🧪 Test runner executed on /home/ramiro/Proyectos/camiones","result":{"errored":0,"failed":1,"ok":0},"testsFailed":[{"error":["wollok.lib.AssertionException: Expected <2000> but found <9520>","  at src.test2.\"Pruebas de Las Cosas del Camión\".\"Paquete de 950 ladrillos: pesa 2000 kg y peligrosidad es 40\" [src/test2.wtest:16]"],"test":"src.test2.\"Pruebas de Las Cosas del Camión\".\"Paquete de 950 ladrillos: pesa 2000 kg y peligrosidad es 40\""}],"timeElapsed":734,"timestamp":"2026-09-17T02:29:05.039Z"}
{"level":"info","message":"⌛ Building environment","timeElapsed":264,"timestamp":"2026-09-17T02:29:22.372Z"}
{"level":"info","message":"⌛ Validating src/cosas.wlk","timeElapsed":144,"timestamp":"2026-09-17T02:29:22.601Z"}
{"level":"info","message":"⌛ Building environment","timeElapsed":230,"timestamp":"2026-09-17T02:29:29.729Z"}
{"level":"info","message":"⌛ Validating src/cosas.wlk","timeElapsed":179,"timestamp":"2026-09-17T02:29:29.914Z"}
{"level":"info","message":"⌛ Building environment","timeElapsed":234,"timestamp":"2026-09-17T02:29:34.952Z"}
{"level":"info","message":"⌛ Validating src/cosas.wlk","timeElapsed":184,"timestamp":"2026-09-17T02:29:35.139Z"}
{"level":"info","message":"⌛ Building environment","timeElapsed":192,"timestamp":"2026-09-17T02:29:40.520Z"}
{"level":"info","message":"⌛ Validating src/cosas.wlk","timeElapsed":150,"timestamp":"2026-09-17T02:29:40.674Z"}
{"level":"info","message":"⌛ Building environment","timeElapsed":205,"timestamp":"2026-09-17T02:29:43.432Z"}
{"level":"info","message":"⌛ Validating src/cosas.wlk","timeElapsed":248,"timestamp":"2026-09-17T02:29:43.733Z"}
{"level":"info","message":"⌛ Building environment","timeElapsed":248,"timestamp":"2026-09-17T02:29:47.021Z"}
{"level":"info","message":"⌛ Validating src/cosas.wlk","timeElapsed":173,"timestamp":"2026-09-17T02:29:47.197Z"}
{"level":"info","message":"⌛ Building environment","timeElapsed":360,"timestamp":"2026-09-17T02:29:53.016Z"}
{"level":"info","message":"⌛ Validating src/cosas.wlk","timeElapsed":222,"timestamp":"2026-09-17T02:29:53.277Z"}
{"level":"info","message":"⌛ Building environment","timeElapsed":216,"timestamp":"2026-09-17T02:29:58.268Z"}
{"level":"info","message":"⌛ Validating src/cosas.wlk","timeElapsed":167,"timestamp":"2026-09-17T02:29:58.437Z"}
{"level":"error","message":"✘ Failed to get type description: Error: Failed to print, found malformed node Failed to print, found malformed node","node":{"id":"968404b9-2906-482e-bcfc-268312f0827f","members":[{"id":"7984fdac-7b2b-42f4-b1c0-8d75e78da800","isConstant":false,"isProperty":true,"metadata":[],"name":"cantidadDeLadrillos","scope":{"containerScope":{"containerScope":{"containerScope":{"containerScope":{"contributions":{},"includedScopes":[]},"contributions":{},"includedScopes":[]},"contributions":{},"includedScopes":[]},"contributions":{},"includedScopes":[{"containerScope":{"containerScope":{"containerScope":{"contributions":{},"includedScopes":[]},"contributions":{},"includedScopes":[]},"contributions":{},"includedScopes":[]},"contributions":{},"includedScopes":[]}]},"contributions":{},"includedScopes":[]},"sourceMap":{"end":{"column":38,"line":14,"offset":398},"start":{"column":2,"line":14,"offset":362}},"value":{"id":"67a112b8-8bca-450b-b26a-55e4f8259956","metadata":[],"scope":{"containerScope":{"containerScope":{"containerScope":{"containerScope":{"containerScope":{"contributions":{},"includedScopes":[]},"contributions":{},"includedScopes":[]},"contributions":{},"includedScopes":[]},"contributions":{},"includedScopes":[{"containerScope":{"containerScope":{"containerScope":{"contributions":{},"includedScopes":[]},"contributions":{},"includedScopes":[]},"contributions":{},"includedScopes":[]},"contributions":{},"includedScopes":[]}]},"contributions":{},"includedScopes":[]},"contributions":{},"includedScopes":[]},"sourceMap":{"end":{"column":38,"line":14,"offset":398},"start":{"column":37,"line":14,"offset":397}},"value":0}},{"body":{"id":"372e973f-47df-425e-90de-4dbde9b4cd96","metadata":[],"problems":[],"scope":{"containerScope":{"containerScope":{"containerScope":{"containerScope":{"containerScope":{"contributions":{},"includedScopes":[]},"contributions":{},"includedScopes":[]},"contributions":{},"includedScopes":[]},"contributions":{},"includedScopes":[{"containerScope":{"containerScope":{"containerScope":{"contributions":{},"includedScopes":[]},"contributions":{},"includedScopes":[]},"contributions":{},"includedScopes":[]},"contributions":{},"includedScopes":[]}]},"contributions":{},"includedScopes":[]},"contributions":{},"includedScopes":[]},"sentences":[{"id":"27fb3051-511f-4566-aa95-d45239b9c8ad","metadata":[],"scope":{"containerScope":{"containerScope":{"containerScope":{"containerScope":{"containerScope":{"containerScope":{"contributions":{},"includedScopes":[]},"contributions":{},"includedScopes":[]},"contributions":{},"includedScopes":[]},"contributions":{},"includedScopes":[{"containerScope":{"containerScope":{"containerScope":{"contributions":{},"includedScopes":[]},"contributions":{},"includedScopes":[]},"contributions":{},"includedScopes":[]},"contributions":{},"includedScopes":[]}]},"contributions":{},"includedScopes":[]},"contributions":{},"includedScopes":[]},"contributions":{},"includedScopes":[]},"sourceMap":{"end":{"column":4,"line":22,"offset":572},"start":{"column":3,"line":17,"offset":435}},"value":{"condition":{"args":[{"id":"48a23313-95af-4799-8e94-3585926306d7","metadata":[],"scope":{"containerScope":{"containerScope":{"containerScope":{"containerScope":{"containerScope":{"containerScope":{"containerScope":{"containerScope":{"containerScope":{"contributions":{},"includedScopes":[]},"contributions":{},"includedScopes":[]},"contributions":{},"includedScopes":[]},"contributions":{},"includedScopes":[{"containerScope":{"containerScope":{"containerScope":{"contributions":{},"includedScopes":[]},"contributions":{},"includedScopes":[]},"contributions":{},"includedScopes":[]},"contributions":{},"includedScopes":[]}]},"contributions":{},"includedScopes":[]},"contributions":{},"includedScopes":[]},"contributions":{},"includedScopes":[]},"contributions":{},"includedScopes":[]},"contributions":{},"includedScopes":[]},"contributions":{},"includedScopes":[]},"sourceMap":{"end":{"column":41,"line":17,"offset":473},"start":{"column":37,"line":17,"offset":469}},"value":1000}],"id":"55d32848-3270-4a08-bc74-42f894879661","message":"<=","metadata":[],"receiver":{"id":"62128945-7bd6-4f12-ace7-366444fd1e67","metadata":[],"name":"cantidadDeLadrillos","scope":{"containerScope":{"containerScope":{"containerScope":{"containerScope":{"containerScope":{"containerScope":{"containerScope":{"containerScope":{"containerScope":{"contributions":{},"includedScopes":[]},"contributions":{},"includedScopes":[]},"contributions":{},"includedScopes":[]},"contributions":{},"includedScopes":[{"containerScope":{"containerScope":{"containerScope":{"contributions":{},"includedScopes":[]},"contributions":{},"includedScopes":[]},"contributions":{},"includedScopes":[]},"contributions":{},"includedScopes":[]}]},"contributions":{},"includedScopes":[]},"contributions":{},"includedScopes":[]},"contributions":{},"includedScopes":[]},"contributions":{},"includedScopes":[]},"contributions":{},"includedScopes":[]},"contributions":{},"includedScopes":[]},"sourceMap":{"end":{"column":33,"line":17,"offset":465},"start":{"column":14,"line":17,"offset":446}}},"scope":{"containerScope":{"containerScope":{"containerScope":{"containerScope":{"containerScope":{"containerScope":{"containerScope":{"containerScope":{"contributions":{},"includedScopes":[]},"contributions":{},"includedScopes":[]},"contributions":{},"includedScopes":[]},"contributions":{},"includedScopes":[{"containerScope":{"containerScope":{"containerScope":{"contributions":{},"includedScopes":[]},"contributions":{},"includedScopes":[]},"contributions":{},"includedScopes":[]},"contributions":{},"includedScopes":[]}]},"contributions":{},"includedScopes":[]},"contributions":{},"includedScopes":[]},"contributions":{},"includedScopes":[]},"contributions":{},"includedScopes":[]},"contributions":{},"includedScopes":[]},"sourceMap":{"end":{"column":41,"line":17,"offset":473},"start":{"column":14,"line":17,"offset":446}}},"elseBody":{"id":"21bfd774-3ef0-4085-bae2-1aa726265e8b","metadata":[],"problems":[],"scope":{"containerScope":{"containerScope":{"containerScope":{"containerScope":{"containerScope":{"containerScope":{"containerScope":{"containerScope":{"contributions":{},"includedScopes":[]},"contributions":{},"includedScopes":[]},"contributions":{},"includedScopes":[]},"contributions":{},"includedScopes":[{"containerScope":{"containerScope":{"containerScope":{"contributions":{},"includedScopes":[]},"contributions":{},"includedScopes":[]},"contributions":{},"includedScopes":[]},"contributions":{},"includedScopes":[]}]},"contributions":{},"includedScopes":[]},"contributions":{},"includedScopes":[]},"contributions":{},"includedScopes":[]},"contributions":{},"includedScopes":[]},"contributions":{},"includedScopes":[]},"sentences":[{"args":[],"id":"c474ff6e-02e1-495b-8852-357eb8770207","message":"ceil","metadata":[],"receiver":{"args":[{"id":"d72c68f9-a7c5-4a95-8879-4e22c82cf64f","metadata":[],"scope":{"containerScope":{"containerScope":{"containerScope":{"containerScope":{"containerScope":{"containerScope":{"containerScope":{"containerScope":{"containerScope":{"containerScope":{"containerScope":{"contributions":{},"includedScopes":[]},"contributions":{},"includedScopes":[]},"contributions":{},"includedScopes":[]},"contributions":{},"includedScopes":[{"containerScope":{"containerScope":{"containerScope":{"contributions":{},"includedScopes":[]},"contributions":{},"includedScopes":[]},"contributions":{},"includedScopes":[]},"contributions":{},"includedScopes":[]}]},"contributions":{},"includedScopes":[]},"contributions":{},"includedScopes":[]},"contributions":{},"includedScopes":[]},"contributions":{},"includedScopes":[]},"contributions":{},"includedScopes":[]},"contributions":{},"includedScopes":[]},"contributions":{},"includedScopes":[]},"contributions":{},"includedScopes":[]},"sourceMap":{"end":{"column":30,"line":21,"offset":559},"start":{"column":28,"line":21,"offset":557}},"value":50}],"id":"171b33ae-3423-4e7d-b872-29fa3bb1dab1","message":"/","metadata":[],"receiver":{"id":"8b24cf03-5965-4e64-96a5-0f945207c9e1","metadata":[],"name":"cantidadDeLadrillos","scope":{"containerScope":{"containerScope":{"containerScope":{"containerScope":{"containerScope":{"containerScope":{"containerScope":{"containerScope":{"containerScope":{"containerScope":{"containerScope":{"contributions":{},"includedScopes":[]},"contributions":{},"includedScopes":[]},"contributions":{},"includedScopes":[]},"contributions":{},"includedScopes":[{"containerScope":{"containerScope":{"containerScope":{"contributions":{},"includedScopes":[]},"contributions":{},"includedScopes":[]},"contributions":{},"includedScopes":[]},"contributions":{},"includedScopes":[]}]},"contributions":{},"includedScopes":[]},"contributions":{},"includedScopes":[]},"contributions":{},"includedScopes":[]},"contributions":{},"includedScopes":[]},"contributions":{},"includedScopes":[]},"contributions":{},"includedScopes":[]},"contributions":{},"includedScopes":[]},"contributions":{},"includedScopes":[]},"sourceMap":{"end":{"column":25,"line":21,"offset":554},"start":{"column":6,"line":21,"offset":535}}},"scope":{"containerScope":{"containerScope":{"containerScope":{"containerScope":{"containerScope":{"containerScope":{"containerScope":{"containerScope":{"containerScope":{"containerScope":{"contributions":{},"includedScopes":[]},"contributions":{},"includedScopes":[]},"contributions":{},"includedScopes":[]},"contributions":{},"includedScopes":[{"containerScope":{"containerScope":{"containerScope":{"contributions":{},"includedScopes":[]},"contributions":{},"includedScopes":[]},"contributions":{},"includedScopes":[]},"contributions":{},"includedScopes":[]}]},"contributions":{},"includedScopes":[]},"contributions":{},"includedScopes":[]},"contributions":{},"includedScopes":[]},"contributions":{},"includedScopes":[]},"contributions":{},"includedScopes":[]},"contributions":{},"includedScopes":[]},"contributions":{},"includedScopes":[]},"sourceMap":{"end":{"column":30,"line":21,"offset":559},"start":{"column":6,"line":21,"offset":535}}},"scope":{"containerScope":{"containerScope":{"containerScope":{"containerScope":{"containerScope":{"containerScope":{"containerScope":{"containerScope":{"containerScope":{"contributions":{},"includedScopes":[]},"contributions":{},"includedScopes":[]},"contributions":{},"includedScopes":[]},"contributions":{},"includedScopes":[{"containerScope":{"containerScope":{"containerScope":{"contributions":{},"includedScopes":[]},"contributions":{},"includedScopes":[]},"contributions":{},"includedScopes":[]},"contributions":{},"includedScopes":[]}]},"contributions":{},"includedScopes":[]},"contributions":{},"includedScopes":[]},"contributions":{},"includedScopes":[]},"contributions":{},"includedScopes":[]},"contributions":{},"includedScopes":[]},"contributions":{},"includedScopes":[]},"sourceMap":{"end":{"column":38,"line":21,"offset":567},"start":{"column":5,"line":21,"offset":534}}}],"sourceMap":{"end":{"column":4,"line":22,"offset":572},"start":{"column":3,"line":21,"offset":532}}},"id":"e7ea6651-0f94-4974-b8e3-d264e68ae3a7","metadata":[],"scope":{"containerScope":{"containerScope":{"containerScope":{"containerScope":{"containerScope":{"containerScope":{"containerScope":{"contributions":{},"includedScopes":[]},"contributions":{},"includedScopes":[]},"contributions":{},"includedScopes":[]},"contributions":{},"includedScopes":[{"containerScope":{"containerScope":{"containerScope":{"contributions":{},"includedScopes":[]},"contributions":{},"includedScopes":[]},"contributions":{},"includedScopes":[]},"contributions":{},"includedScopes":[]}]},"contributions":{},"includedScopes":[]},"contributions":{},"includedScopes":[]},"contributions":{},"includedScopes":[]},"contributions":{},"includedScopes":[]},"sourceMap":{"end":{"column":4,"line":22,"offset":572},"start":{"column":10,"line":17,"offset":442}},"thenBody":{"id":"c0e937a6-d44c-4551-beb6-ade93d10355d","metadata":[],"problems":[],"scope":{"containerScope":{"containerScope":{"containerScope":{"containerScope":{"containerScope":{"containerScope":{"containerScope":{"containerScope":{"contributions":{},"includedScopes":[]},"contributions":{},"includedScopes":[]},"contributions":{},"includedScopes":[]},"contributions":{},"includedScopes":[{"containerScope":{"containerScope":{"containerScope":{"contributions":{},"includedScopes":[]},"contributions":{},"includedScopes":[]},"contributions":{},"includedScopes":[]},"contributions":{},"includedScopes":[]}]},"contributions":{},"includedScopes":[]},"contributions":{},"includedScopes":[]},"contributions":{},"includedScopes":[]},"contributions":{},"includedScopes":[]},"contributions":{},"includedScopes":[]},"sentences":[{"args":[],"id":"ddbf3997-bd1e-4ce0-8d32-97acc3b52405","message":"ceil","metadata":[],"receiver":{"args":[{"id":"4dced8cf-8d4d-4c6a-b393-0c22097134dd","metadata":[],"scope":{"containerScope":{"containerScope":{"containerScope":{"containerScope":{"containerScope":{"containerScope":{"containerScope":{"containerScope":{"containerScope":{"containerScope":{"containerScope":{"contributions":{},"includedScopes":[]},"contributions":{},"includedScopes":[]},"contributions":{},"includedScopes":[]},"contributions":{},"includedScopes":[{"containerScope":{"containerScope":{"containerScope":{"contributions":{},"includedScopes":[]},"contributions":{},"includedScopes":[]},"contributions":{},"includedScopes":[]},"contributions":{},"includedScopes":[]}]},"contributions":{},"includedScopes":[]},"contributions":{},"includedScopes":[]},"contributions":{},"includedScopes":[]},"contributions":{},"includedScopes":[]},"contributions":{},"includedScopes":[]},"contributions":{},"includedScopes":[]},"contributions":{},"includedScopes":[]},"contributions":{},"includedScopes":[]},"sourceMap":{"end":{"column":30,"line":18,"offset":507},"start":{"column":27,"line":18,"offset":504}},"value":100}],"id":"3433c3bd-c6b8-47c6-8f7d-92638b1178b2","message":"/","metadata":[],"receiver":{"id":"db40a514-2cc9-417b-9754-1b5dd1760bf1","metadata":[],"name":"cantidadDeLadrillos","scope":{"containerScope":{"containerScope":{"containerScope":{"containerScope":{"containerScope":{"containerScope":{"containerScope":{"containerScope":{"containerScope":{"containerScope":{"containerScope":{"contributions":{},"includedScopes":[]},"contributions":{},"includedScopes":[]},"contributions":{},"includedScopes":[]},"contributions":{},"includedScopes":[{"containerScope":{"containerScope":{"containerScope":{"contributions":{},"includedScopes":[]},"contributions":{},"includedScopes":[]},"contributions":{},"includedScopes":[]},"contributions":{},"includedScopes":[]}]},"contributions":{},"includedScopes":[]},"contributions":{},"includedScopes":[]},"contributions":{},"includedScopes":[]},"contributions":{},"includedScopes":[]},"contributions":{},"includedScopes":[]},"contributions":{},"includedScopes":[]},"contributions":{},"includedScopes":[]},"contributions":{},"includedScopes":[]},"sourceMap":{"end":{"column":24,"line":18,"offset":501},"start":{"column":5,"line":18,"offset":482}}},"scope":{"containerScope":{"containerScope":{"containerScope":{"containerScope":{"containerScope":{"containerScope":{"containerScope":{"containerScope":{"containerScope":{"containerScope":{"contributions":{},"includedScopes":[]},"contributions":{},"includedScopes":[]},"contributions":{},"includedScopes":[]},"contributions":{},"includedScopes":[{"containerScope":{"containerScope":{"containerScope":{"contributions":{},"includedScopes":[]},"contributions":{},"includedScopes":[]},"contributions":{},"includedScopes":[]},"contributions":{},"includedScopes":[]}]},"contributions":{},"includedScopes":[]},"contributions":{},"includedScopes":[]},"contributions":{},"includedScopes":[]},"contributions":{},"includedScopes":[]},"contributions":{},"includedScopes":[]},"contributions":{},"includedScopes":[]},"contributions":{},"includedScopes":[]},"sourceMap":{"end":{"column":30,"line":18,"offset":507},"start":{"column":5,"line":18,"offset":482}}},"scope":{"containerScope":{"containerScope":{"containerScope":{"containerScope":{"containerScope":{"containerScope":{"containerScope":{"containerScope":{"containerScope":{"contributions":{},"includedScopes":[]},"contributions":{},"includedScopes":[]},"contributions":{},"includedScopes":[]},"contributions":{},"includedScopes":[{"containerScope":{"containerScope":{"containerScope":{"contributions":{},"includedScopes":[]},"contributions":{},"includedScopes":[]},"contributions":{},"includedScopes":[]},"contributions":{},"includedScopes":[]}]},"contributions":{},"includedScopes":[]},"contributions":{},"includedScopes":[]},"contributions":{},"includedScopes":[]},"contributions":{},"includedScopes":[]},"contributions":{},"includedScopes":[]},"contributions":{},"includedScopes":[]},"sourceMap":{"end":{"column":38,"line":18,"offset":515},"start":{"column":4,"line":18,"offset":481}}}],"sourceMap":{"end":{"column":4,"line":19,"offset":520},"start":{"column":43,"line":17,"offset":475}}}}}],"sourceMap":{"end":{"column":5,"line":23,"offset":577},"start":{"column":31,"line":16,"offset":431}}},"compiled":false,"id":"4fae447e-4cb2-4156-90a0-3e8e7d38bebe","isOverride":false,"metadata":[],"name":"cantidadDeRefuerzos","parameters":[],"problems":[],"scope":{"containerScope":{"containerScope":{"containerScope":{"containerScope":{"contributions":{},"includedScopes":[]},"contributions":{},"includedScopes":[]},"contributions":{},"includedScopes":[]},"contributions":{},"includedScopes":[{"containerScope":{"containerScope":{"containerScope":{"contributions":{},"includedScopes":[]},"contributions":{},"includedScopes":[]},"contributions":{},"includedScopes":[]},"contributions":{},"includedScopes":[]}]},"contributions":{},"includedScopes":[]},"sourceMap":{"end":{"column":5,"line":23,"offset":577},"start":{"column":2,"line":16,"offset":402}}},{"body":{"id":"a7280b37-dd65-497f-8012-54a9d6c1a36b","metadata":[],"problems":[],"scope":{"containerScope":{"containerScope":{"containerScope":{"containerScope":{"containerScope":{"contributions":{},"includedScopes":[]},"contributions":{},"includedScopes":[]},"contributions":{},"includedScopes":[]},"contributions":{},"includedScopes":[{"containerScope":{"containerScope":{"containerScope":{"contributions":{},"includedScopes":[]},"contributions":{},"includedScopes":[]},"contributions":{},"includedScopes":[]},"contributions":{},"includedScopes":[]}]},"contributions":{},"includedScopes":[]},"contributions":{},"includedScopes":[]},"sentences":[{"id":"922b2efd-88b7-43b3-8f19-fd99a9c59073","metadata":[],"scope":{"containerScope":{"containerScope":{"containerScope":{"containerScope":{"containerScope":{"containerScope":{"contributions":{},"includedScopes":[]},"contributions":{},"includedScopes":[]},"contributions":{},"includedScopes":[]},"contributions":{},"includedScopes":[{"containerScope":{"containerScope":{"containerScope":{"contributions":{},"includedScopes":[]},"contributions":{},"includedScopes":[]},"contributions":{},"includedScopes":[]},"contributions":{},"includedScopes":[]}]},"contributions":{},"includedScopes":[]},"contributions":{},"includedScopes":[]},"contributions":{},"includedScopes":[]},"sourceMap":{"end":{"column":76,"line":26,"offset":671},"start":{"column":3,"line":26,"offset":598}},"value":{"args":[{"args":[{"id":"411e1fd7-6db3-48d7-b339-fd18620044fb","metadata":[],"scope":{"containerScope":{"containerScope":{"containerScope":{"containerScope":{"containerScope":{"containerScope":{"containerScope":{"containerScope":{"containerScope":{"contributions":{},"includedScopes":[]},"contributions":{},"includedScopes":[]},"contributions":{},"includedScopes":[]},"contributions":{},"includedScopes":[{"containerScope":{"containerScope":{"containerScope":{"contributions":{},"includedScopes":[]},"contributions":{},"includedScopes":[]},"contributions":{},"includedScopes":[]},"contributions":{},"includedScopes":[]}]},"contributions":{},"includedScopes":[]},"contributions":{},"includedScopes":[]},"contributions":{},"includedScopes":[]},"contributions":{},"includedScopes":[]},"contributions":{},"includedScopes":[]},"contributions":{},"includedScopes":[]},"sourceMap":{"end":{"column":75,"line":26,"offset":670},"start":{"column":73,"line":26,"offset":668}},"value":10}],"id":"1992b5ec-e449-47f5-9ffe-2d35a5742d7e","message":"*","metadata":[],"receiver":{"args":[],"id":"caf0e663-8b97-42f5-929c-6e12c1b311df","message":"cantidadDeLadrillos","metadata":[],"receiver":{"id":"e8b22dce-0470-4976-a237-707128cc4835","metadata":[],"scope":{"containerScope":{"containerScope":{"containerScope":{"containerScope":{"containerScope":{"containerScope":{"containerScope":{"containerScope":{"containerScope":{"containerScope":{"contributions":{},"includedScopes":[]},"contributions":{},"includedScopes":[]},"contributions":{},"includedScopes":[]},"contributions":{},"includedScopes":[{"containerScope":{"containerScope":{"containerScope":{"contributions":{},"includedScopes":[]},"contributions":{},"includedScopes":[]},"contributions":{},"includedScopes":[]},"contributions":{},"includedScopes":[]}]},"contributions":{},"includedScopes":[]},"contributions":{},"includedScopes":[]},"contributions":{},"includedScopes":[]},"contributions":{},"includedScopes":[]},"contributions":{},"includedScopes":[]},"contributions":{},"includedScopes":[]},"contributions":{},"includedScopes":[]},"sourceMap":{"end":{"column":48,"line":26,"offset":643},"start":{"column":44,"line":26,"offset":639}}},"scope":{"containerScope":{"containerScope":{"containerScope":{"containerScope":{"containerScope":{"containerScope":{"containerScope":{"containerScope":{"containerScope":{"contributions":{},"includedScopes":[]},"contributions":{},"includedScopes":[]},"contributions":{},"includedScopes":[]},"contributions":{},"includedScopes":[{"containerScope":{"containerScope":{"containerScope":{"contributions":{},"includedScopes":[]},"contributions":{},"includedScopes":[]},"contributions":{},"includedScopes":[]},"contributions":{},"includedScopes":[]}]},"contributions":{},"includedScopes":[]},"contributions":{},"includedScopes":[]},"contributions":{},"includedScopes":[]},"contributions":{},"includedScopes":[]},"contributions":{},"includedScopes":[]},"contributions":{},"includedScopes":[]},"sourceMap":{"end":{"column":70,"line":26,"offset":665},"start":{"column":44,"line":26,"offset":639}}},"scope":{"containerScope":{"containerScope":{"containerScope":{"containerScope":{"containerScope":{"containerScope":{"containerScope":{"containerScope":{"contributions":{},"includedScopes":[]},"contributions":{},"includedScopes":[]},"contributions":{},"includedScopes":[]},"contributions":{},"includedScopes":[{"containerScope":{"containerScope":{"containerScope":{"contributions":{},"includedScopes":[]},"contributions":{},"includedScopes":[]},"contributions":{},"includedScopes":[]},"contributions":{},"includedScopes":[]}]},"contributions":{},"includedScopes":[]},"contributions":{},"includedScopes":[]},"contributions":{},"includedScopes":[]},"contributions":{},"includedScopes":[]},"contributions":{},"includedScopes":[]},"sourceMap":{"end":{"column":75,"line":26,"offset":670},"start":{"column":44,"line":26,"offset":639}}}],"id":"7fb4e0e6-66cd-4674-8624-1c2b7744ce05","message":"+","metadata":[],"receiver":{"args":[{"id":"cf7d73a5-ec3d-4726-b0fb-4d31fd8cf2e0","metadata":[],"scope":{"containerScope":{"containerScope":{"containerScope":{"containerScope":{"containerScope":{"containerScope":{"containerScope":{"containerScope":{"containerScope":{"contributions":{},"includedScopes":[]},"contributions":{},"includedScopes":[]},"contributions":{},"includedScopes":[]},"contributions":{},"includedScopes":[{"containerScope":{"containerScope":{"containerScope":{"contributions":{},"includedScopes":[]},"contributions":{},"includedScopes":[]},"contributions":{},"includedScopes":[]},"contributions":{},"includedScopes":[]}]},"contributions":{},"includedScopes":[]},"contributions":{},"includedScopes":[]},"contributions":{},"includedScopes":[]},"contributions":{},"includedScopes":[]},"contributions":{},"includedScopes":[]},"contributions":{},"includedScopes":[]},"sourceMap":{"end":{"column":39,"line":26,"offset":634},"start":{"column":38,"line":26,"offset":633}},"value":2}],"id":"7929ce19-9338-4908-b862-d71ce3b4a546","message":"*","metadata":[],"receiver":{"args":[],"id":"266b9dae-4707-4deb-b1cd-f99709aae471","message":"cantidadDeRefuerzos","metadata":[],"receiver":{"id":"aa0864a7-80d6-4708-ab5d-ec37a374012d","metadata":[],"scope":{"containerScope":{"containerScope":{"containerScope":{"containerScope":{"containerScope":{"containerScope":{"containerScope":{"containerScope":{"containerScope":{"containerScope":{"contributions":{},"includedScopes":[]},"contributions":{},"includedScopes":[]},"contributions":{},"includedScopes":[]},"contributions":{},"includedScopes":[{"containerScope":{"containerScope":{"containerScope":{"contributions":{},"includedScopes":[]},"contributions":{},"includedScopes":[]},"contributions":{},"includedScopes":[]},"contributions":{},"includedScopes":[]}]},"contributions":{},"includedScopes":[]},"contributions":{},"includedScopes":[]},"contributions":{},"includedScopes":[]},"contributions":{},"includedScopes":[]},"contributions":{},"includedScopes":[]},"contributions":{},"includedScopes":[]},"contributions":{},"includedScopes":[]},"sourceMap":{"end":{"column":15,"line":26,"offset":610},"start":{"column":11,"line":26,"offset":606}}},"scope":{"containerScope":{"containerScope":{"containerScope":{"containerScope":{"containerScope":{"containerScope":{"containerScope":{"containerScope":{"containerScope":{"contributions":{},"includedScopes":[]},"contributions":{},"includedScopes":[]},"contributions":{},"includedScopes":[]},"contributions":{},"includedScopes":[{"containerScope":{"containerScope":{"containerScope":{"contributions":{},"includedScopes":[]},"contributions":{},"includedScopes":[]},"contributions":{},"includedScopes":[]},"contributions":{},"includedScopes":[]}]},"contributions":{},"includedScopes":[]},"contributions":{},"includedScopes":[]},"contributions":{},"includedScopes":[]},"contributions":{},"includedScopes":[]},"contributions":{},"includedScopes":[]},"contributions":{},"includedScopes":[]},"sourceMap":{"end":{"column":37,"line":26,"offset":632},"start":{"column":11,"line":26,"offset":606}}},"scope":{"containerScope":{"containerScope":{"containerScope":{"containerScope":{"containerScope":{"containerScope":{"containerScope":{"containerScope":{"contributions":{},"includedScopes":[]},"contributions":{},"includedScopes":[]},"contributions":{},"includedScopes":[]},"contributions":{},"includedScopes":[{"containerScope":{"containerScope":{"containerScope":{"contributions":{},"includedScopes":[]},"contributions":{},"includedScopes":[]},"contributions":{},"includedScopes":[]},"contributions":{},"includedScopes":[]}]},"contributions":{},"includedScopes":[]},"contributions":{},"includedScopes":[]},"contributions":{},"includedScopes":[]},"contributions":{},"includedScopes":[]},"contributions":{},"includedScopes":[]},"sourceMap":{"end":{"column":39,"line":26,"offset":634},"start":{"column":11,"line":26,"offset":606}}},"scope":{"containerScope":{"containerScope":{"containerScope":{"containerScope":{"containerScope":{"containerScope":{"containerScope":{"contributions":{},"includedScopes":[]},"contributions":{},"includedScopes":[]},"contributions":{},"includedScopes":[]},"contributions":{},"includedScopes":[{"containerScope":{"containerScope":{"containerScope":{"contributions":{},"includedScopes":[]},"contributions":{},"includedScopes":[]},"contributions":{},"includedScopes":[]},"contributions":{},"includedScopes":[]}]},"contributions":{},"includedScopes":[]},"contributions":{},"includedScopes":[]},"contributions":{},"includedScopes":[]},"contributions":{},"includedScopes":[]},"sourceMap":{"end":{"column":76,"line":26,"offset":671},"start":{"column":10,"line":26,"offset":605}}}}],"sourceMap":{"end":{"column":4,"line":27,"offset":675},"start":{"column":16,"line":25,"offset":594}}},"compiled":false,"id":"204c4177-a1e2-4876-9ffb-5ce41ccedb46","isOverride":false,"metadata":[],"name":"peso","parameters":[],"problems":[],"scope":{"containerScope":{"containerScope":{"containerScope":{"containerScope":{"contributions":{},"includedScopes":[]},"contributions":{},"includedScopes":[]},"contributions":{},"includedScopes":[]},"contributions":{},"includedScopes":[{"containerScope":{"containerScope":{"containerScope":{"contributions":{},"includedScopes":[]},"contributions":{},"includedScopes":[]},"contributions":{},"includedScopes":[]},"contributions":{},"includedScopes":[]}]},"contributions":{},"includedScopes":[]},"sourceMap":{"end":{"column":4,"line":27,"offset":675},"start":{"column":2,"line":25,"offset":580}}},{"body":{"id":"0779fa7d-90da-4ebd-a443-85f45206817f","metadata":[],"problems":[],"scope":{"containerScope":{"containerScope":{"containerScope":{"containerScope":{"containerScope":{"contributions":{},"includedScopes":[]},"contributions":{},"includedScopes":[]},"contributions":{},"includedScopes":[]},"contributions":{},"includedScopes":[{"containerScope":{"containerScope":{"containerScope":{"contributions":{},"includedScopes":[]},"contributions":{},"includedScopes":[]},"contributions":{},"includedScopes":[]},"contributions":{},"includedScopes":[]}]},"contributions":{},"includedScopes":[]},"contributions":{},"includedScopes":[]},"sentences":[{"id":"238cc719-e2fe-4cbc-9035-71122e64e266","metadata":[],"scope":{"containerScope":{"containerScope":{"containerScope":{"containerScope":{"containerScope":{"containerScope":{"contributions":{},"includedScopes":[]},"contributions":{},"includedScopes":[]},"contributions":{},"includedScopes":[]},"contributions":{},"includedScopes":[{"containerScope":{"containerScope":{"containerScope":{"contributions":{},"includedScopes":[]},"contributions":{},"includedScopes":[]},"contributions":{},"includedScopes":[]},"contributions":{},"includedScopes":[]}]},"contributions":{},"includedScopes":[]},"contributions":{},"includedScopes":[]},"contributions":{},"includedScopes":[]},"sourceMap":{"end":{"column":50,"line":29,"offset":758},"start":{"column":3,"line":29,"offset":711}},"value":{"args":[{"id":"a2519eb3-0c64-414a-9673-29090fe1179c","metadata":[],"scope":{"containerScope":{"containerScope":{"containerScope":{"containerScope":{"containerScope":{"containerScope":{"containerScope":{"containerScope":{"contributions":{},"includedScopes":[]},"contributions":{},"includedScopes":[]},"contributions":{},"includedScopes":[]},"contributions":{},"includedScopes":[{"containerScope":{"containerScope":{"containerScope":{"contributions":{},"includedScopes":[]},"contributions":{},"includedScopes":[]},"contributions":{},"includedScopes":[]},"contributions":{},"includedScopes":[]}]},"contributions":{},"includedScopes":[]},"contributions":{},"includedScopes":[]},"contributions":{},"includedScopes":[]},"contributions":{},"includedScopes":[]},"contributions":{},"includedScopes":[]},"sourceMap":{"end":{"column":49,"line":29,"offset":757},"start":{"column":48,"line":29,"offset":756}},"value":0}],"id":"ad7643a0-a968-4854-84a2-d21875d1fb6c","message":"max","metadata":[],"receiver":{"args":[{"args":[],"id":"70c386a4-2ac3-4482-981e-7b811ecd71df","message":"cantidadDeRefuerzos","metadata":[],"receiver":{"id":"5e9501e8-da2c-4361-9549-facaaa5cd9ee","metadata":[],"scope":{"containerScope":{"containerScope":{"containerScope":{"containerScope":{"containerScope":{"containerScope":{"containerScope":{"containerScope":{"containerScope":{"containerScope":{"contributions":{},"includedScopes":[]},"contributions":{},"includedScopes":[]},"contributions":{},"includedScopes":[]},"contributions":{},"includedScopes":[{"containerScope":{"containerScope":{"containerScope":{"contributions":{},"includedScopes":[]},"contributions":{},"includedScopes":[]},"contributions":{},"includedScopes":[]},"contributions":{},"includedScopes":[]}]},"contributions":{},"includedScopes":[]},"contributions":{},"includedScopes":[]},"contributions":{},"includedScopes":[]},"contributions":{},"includedScopes":[]},"contributions":{},"includedScopes":[]},"contributions":{},"includedScopes":[]},"contributions":{},"includedScopes":[]},"sourceMap":{"end":{"column":20,"line":29,"offset":728},"start":{"column":16,"line":29,"offset":724}}},"scope":{"containerScope":{"containerScope":{"containerScope":{"containerScope":{"containerScope":{"containerScope":{"containerScope":{"containerScope":{"containerScope":{"contributions":{},"includedScopes":[]},"contributions":{},"includedScopes":[]},"contributions":{},"includedScopes":[]},"contributions":{},"includedScopes":[{"containerScope":{"containerScope":{"containerScope":{"contributions":{},"includedScopes":[]},"contributions":{},"includedScopes":[]},"contributions":{},"includedScopes":[]},"contributions":{},"includedScopes":[]}]},"contributions":{},"includedScopes":[]},"contributions":{},"includedScopes":[]},"contributions":{},"includedScopes":[]},"contributions":{},"includedScopes":[]},"contributions":{},"includedScopes":[]},"contributions":{},"includedScopes":[]},"sourceMap":{"end":{"column":42,"line":29,"offset":750},"start":{"column":16,"line":29,"offset":724}}}],"id":"f4b95cb1-3afd-4d6c-b659-c5b8709cb495","message":"-","metadata":[],"receiver":{"id":"f68c2616-8ed2-4f3d-8692-8eaa0c500ff8","metadata":[],"scope":{"containerScope":{"containerScope":{"containerScope":{"containerScope":{"containerScope":{"containerScope":{"containerScope":{"containerScope":{"containerScope":{"contributions":{},"includedScopes":[]},"contributions":{},"includedScopes":[]},"contributions":{},"includedScopes":[]},"contributions":{},"includedScopes":[{"containerScope":{"containerScope":{"containerScope":{"contributions":{},"includedScopes":[]},"contributions":{},"includedScopes":[]},"contributions":{},"includedScopes":[]},"contributions":{},"includedScopes":[]}]},"contributions":{},"includedScopes":[]},"contributions":{},"includedScopes":[]},"contributions":{},"includedScopes":[]},"contributions":{},"includedScopes":[]},"contributions":{},"includedScopes":[]},"contributions":{},"includedScopes":[]},"sourceMap":{"end":{"column":13,"line":29,"offset":721},"start":{"column":11,"line":29,"offset":719}},"value":50},"scope":{"containerScope":{"containerScope":{"containerScope":{"containerScope":{"containerScope":{"containerScope":{"containerScope":{"containerScope":{"contributions":{},"includedScopes":[]},"contributions":{},"includedScopes":[]},"contributions":{},"includedScopes":[]},"contributions":{},"includedScopes":[{"containerScope":{"containerScope":{"containerScope":{"contributions":{},"includedScopes":[]},"contributions":{},"includedScopes":[]},"contributions":{},"includedScopes":[]},"contributions":{},"includedScopes":[]}]},"contributions":{},"includedScopes":[]},"contributions":{},"includedScopes":[]},"contributions":{},"includedScopes":[]},"contributions":{},"includedScopes":[]},"contributions":{},"includedScopes":[]},"sourceMap":{"end":{"column":42,"line":29,"offset":750},"start":{"column":11,"line":29,"offset":719}}},"scope":{"containerScope":{"containerScope":{"containerScope":{"containerScope":{"containerScope":{"containerScope":{"containerScope":{"contributions":{},"includedScopes":[]},"contributions":{},"includedScopes":[]},"contributions":{},"includedScopes":[]},"contributions":{},"includedScopes":[{"containerScope":{"containerScope":{"containerScope":{"contributions":{},"includedScopes":[]},"contributions":{},"includedScopes":[]},"contributions":{},"includedScopes":[]},"contributions":{},"includedScopes":[]}]},"contributions":{},"includedScopes":[]},"contributions":{},"includedScopes":[]},"contributions":{},"includedScopes":[]},"contributions":{},"includedScopes":[]},"sourceMap":{"end":{"column":50,"line":29,"offset":758},"start":{"column":10,"line":29,"offset":718}}}}],"sourceMap":{"end":{"column":4,"line":30,"offset":762},"start":{"column":31,"line":28,"offset":707}}},"compiled":false,"id":"a1abb58d-6013-4ae4-9813-c52edc1a55c6","isOverride":false,"metadata":[],"name":"nivelPeligrosidad","parameters":[],"problems":[],"scope":{"containerScope":{"containerScope":{"containerScope":{"containerScope":{"contributions":{},"includedScopes":[]},"contributions":{},"includedScopes":[]},"contributions":{},"includedScopes":[]},"contributions":{},"includedScopes":[{"containerScope":{"containerScope":{"containerScope":{"contributions":{},"includedScopes":[]},"contributions":{},"includedScopes":[]},"contributions":{},"includedScopes":[]},"contributions":{},"includedScopes":[]}]},"contributions":{},"includedScopes":[]},"sourceMap":{"end":{"column":4,"line":30,"offset":762},"start":{"column":4,"line":28,"offset":680}}},{"body":{"id":"7e0b8680-2906-496e-af70-0aa768fa6589","metadata":[],"scope":{"containerScope":{"containerScope":{"containerScope":{"containerScope":{"containerScope":{"contributions":{},"includedScopes":[]},"contributions":{},"includedScopes":[]},"contributions":{},"includedScopes":[]},"contributions":{},"includedScopes":[{"containerScope":{"containerScope":{"containerScope":{"contributions":{},"includedScopes":[]},"contributions":{},"includedScopes":[]},"contributions":{},"includedScopes":[]},"contributions":{},"includedScopes":[]}]},"contributions":{},"includedScopes":[]},"contributions":{},"includedScopes":[]},"sentences":[{"id":"f7920553-153f-4bf4-8857-d701d3cfd408","metadata":[],"scope":{"containerScope":{"containerScope":{"containerScope":{"containerScope":{"containerScope":{"containerScope":{"contributions":{},"includedScopes":[]},"contributions":{},"includedScopes":[]},"contributions":{},"includedScopes":[]},"contributions":{},"includedScopes":[{"containerScope":{"containerScope":{"containerScope":{"contributions":{},"includedScopes":[]},"contributions":{},"includedScopes":[]},"contributions":{},"includedScopes":[]},"contributions":{},"includedScopes":[]}]},"contributions":{},"includedScopes":[]},"contributions":{},"includedScopes":[]},"contributions":{},"includedScopes":[]},"value":{"id":"98af0e2f-e374-4804-b87d-9fb90c8101ac","metadata":[],"name":"cantidadDeLadrillos","scope":{"containerScope":{"containerScope":{"containerScope":{"containerScope":{"containerScope":{"containerScope":{"containerScope":{"contributions":{},"includedScopes":[]},"contributions":{},"includedScopes":[]},"contributions":{},"includedScopes":[]},"contributions":{},"includedScopes":[{"containerScope":{"containerScope":{"containerScope":{"contributions":{},"includedScopes":[]},"contributions":{},"includedScopes":[]},"contributions":{},"includedScopes":[]},"contributions":{},"includedScopes":[]}]},"contributions":{},"includedScopes":[]},"contributions":{},"includedScopes":[]},"contributions":{},"includedScopes":[]},"contributions":{},"includedScopes":[]}}}]},"compiled":false,"id":"5986f0f9-9068-40b8-9408-d2fcd7f87bf1","isOverride":false,"metadata":[],"name":"cantidadDeLadrillos","parameters":[],"scope":{"containerScope":{"containerScope":{"containerScope":{"containerScope":{"contributions":{},"includedScopes":[]},"contributions":{},"includedScopes":[]},"contributions":{},"includedScopes":[]},"contributions":{},"includedScopes":[{"containerScope":{"containerScope":{"containerScope":{"contributions":{},"includedScopes":[]},"contributions":{},"includedScopes":[]},"contributions":{},"includedScopes":[]},"contributions":{},"includedScopes":[]}]},"contributions":{},"includedScopes":[]}},{"body":{"id":"e57ae7f2-8fa3-49fb-a9ae-0892aa7b1707","metadata":[],"scope":{"containerScope":{"containerScope":{"containerScope":{"containerScope":{"containerScope":{"contributions":{},"includedScopes":[]},"contributions":{},"includedScopes":[]},"contributions":{},"includedScopes":[]},"contributions":{},"includedScopes":[{"containerScope":{"containerScope":{"containerScope":{"contributions":{},"includedScopes":[]},"contributions":{},"includedScopes":[]},"contributions":{},"includedScopes":[]},"contributions":{},"includedScopes":[]}]},"contributions":{},"includedScopes":[]},"contributions":{},"includedScopes":[]},"sentences":[{"id":"423c9818-5461-4f54-94c4-bd0710b5eb7b","metadata":[],"scope":{"containerScope":{"containerScope":{"containerScope":{"containerScope":{"containerScope":{"containerScope":{"contributions":{},"includedScopes":[]},"contributions":{},"includedScopes":[]},"contributions":{},"includedScopes":[]},"contributions":{},"includedScopes":[{"containerScope":{"containerScope":{"containerScope":{"contributions":{},"includedScopes":[]},"contributions":{},"includedScopes":[]},"contributions":{},"includedScopes":[]},"contributions":{},"includedScopes":[]}]},"contributions":{},"includedScopes":[]},"contributions":{},"includedScopes":[]},"contributions":{},"includedScopes":[]},"value":{"id":"c3c2ffff-e673-485d-bf38-a6feebd51725","metadata":[],"name":"<value>","scope":{"containerScope":{"containerScope":{"containerScope":{"containerScope":{"containerScope":{"containerScope":{"containerScope":{"contributions":{},"includedScopes":[]},"contributions":{},"includedScopes":[]},"contributions":{},"includedScopes":[]},"contributions":{},"includedScopes":[{"containerScope":{"containerScope":{"containerScope":{"contributions":{},"includedScopes":[]},"contributions":{},"includedScopes":[]},"contributions":{},"includedScopes":[]},"contributions":{},"includedScopes":[]}]},"contributions":{},"includedScopes":[]},"contributions":{},"includedScopes":[]},"contributions":{},"includedScopes":[]},"contributions":{},"includedScopes":[]}},"variable":{"id":"a67c721a-5708-410d-a15e-aeb0e03b4a39","metadata":[],"name":"cantidadDeLadrillos","scope":{"containerScope":{"containerScope":{"containerScope":{"containerScope":{"containerScope":{"containerScope":{"containerScope":{"contributions":{},"includedScopes":[]},"contributions":{},"includedScopes":[]},"contributions":{},"includedScopes":[]},"contributions":{},"includedScopes":[{"containerScope":{"containerScope":{"containerScope":{"contributions":{},"includedScopes":[]},"contributions":{},"includedScopes":[]},"contributions":{},"includedScopes":[]},"contributions":{},"includedScopes":[]}]},"contributions":{},"includedScopes":[]},"contributions":{},"includedScopes":[]},"contributions":{},"includedScopes":[]},"contributions":{},"includedScopes":[]}}}]},"compiled":false,"id":"afda0651-149c-4155-b5c0-a22ceadd36a0","isOverride":false,"metadata":[],"name":"cantidadDeLadrillos","parameters":[{"id":"485bad99-54d4-411b-9f15-934fe4f5eef6","isVarArg":false,"metadata":[],"name":"<value>","scope":{"containerScope":{"containerScope":{"containerScope":{"containerScope":{"containerScope":{"contributions":{},"includedScopes":[]},"contributions":{},"includedScopes":[]},"contributions":{},"includedScopes":[]},"contributions":{},"includedScopes":[{"containerScope":{"containerScope":{"containerScope":{"contributions":{},"includedScopes":[]},"contributions":{},"includedScopes":[]},"contributions":{},"includedScopes":[]},"contributions":{},"includedScopes":[]}]},"contributions":{},"includedScopes":[]},"contributions":{},"includedScopes":[]}}],"scope":{"containerScope":{"containerScope":{"containerScope":{"containerScope":{"contributions":{},"includedScopes":[]},"contributions":{},"includedScopes":[]},"contributions":{},"includedScopes":[]},"contributions":{},"includedScopes":[{"containerScope":{"containerScope":{"containerScope":{"contributions":{},"includedScopes":[]},"contributions":{},"includedScopes":[]},"contributions":{},"includedScopes":[]},"contributions":{},"includedScopes":[]}]},"contributions":{},"includedScopes":[]}}],"metadata":[],"name":"paqueteDeLadrillos","problems":[{"code":"malformedMember","sourceMap":{"end":{"column":0,"line":28,"offset":676},"start":{"column":4,"line":27,"offset":675}}}],"scope":{"containerScope":{"containerScope":{"containerScope":{"contributions":{},"includedScopes":[]},"contributions":{},"includedScopes":[]},"contributions":{},"includedScopes":[]},"contributions":{},"includedScopes":[{"containerScope":{"containerScope":{"containerScope":{"contributions":{},"includedScopes":[]},"contributions":{},"includedScopes":[]},"contributions":{},"includedScopes":[]},"contributions":{},"includedScopes":[]}]},"sourceMap":{"end":{"column":2,"line":31,"offset":764},"start":{"column":1,"line":13,"offset":333}},"supertypes":[]},"stack":"Error: Failed to print, found malformed node\n    at /home/ramiro/.vscode/extensions/uqbar.wollok-lsp-ide-0.5.5/out/server/src/server.js:68:3585\n    at Ybn (/home/ramiro/.vscode/extensions/uqbar.wollok-lsp-ide-0.5.5/out/server/src/server.js:68:3396)\n    at /home/ramiro/.vscode/extensions/uqbar.wollok-lsp-ide-0.5.5/out/server/src/server.js:2430:847\n    at /home/ramiro/.vscode/extensions/uqbar.wollok-lsp-ide-0.5.5/out/server/src/server.js:2430:8440\n    at /home/ramiro/.vscode/extensions/uqbar.wollok-lsp-ide-0.5.5/out/server/src/server.js:37:74770\n    at Ke (/home/ramiro/.vscode/extensions/uqbar.wollok-lsp-ide-0.5.5/out/server/src/server.js:7:8527)\n    at It (/home/ramiro/.vscode/extensions/uqbar.wollok-lsp-ide-0.5.5/out/server/src/server.js:7:6189)\n    at et (/home/ramiro/.vscode/extensions/uqbar.wollok-lsp-ide-0.5.5/out/server/src/server.js:7:6378)\n    at Immediate._onImmediate (/home/ramiro/.vscode/extensions/uqbar.wollok-lsp-ide-0.5.5/out/server/src/server.js:7:6142)\n    at process.processImmediate (node:internal/timers:504:21)","timestamp":"2026-09-17T02:30:32.345Z"}
{"level":"info","message":"⌛ Building environment","timeElapsed":248,"timestamp":"2026-09-17T02:30:34.838Z"}
{"level":"info","message":"⌛ Validating src/cosas.wlk","timeElapsed":181,"timestamp":"2026-09-17T02:30:35.023Z"}
{"level":"info","message":"🧪 Test runner executed on /home/ramiro/Proyectos/camiones","result":{"errored":0,"failed":1,"ok":0},"testsFailed":[{"error":["wollok.lib.AssertionException: Expected <2000> but found <9520>","  at src.test2.\"Pruebas de Las Cosas del Camión\".\"Paquete de 950 ladrillos: pesa 2000 kg y peligrosidad es 40\" [src/test2.wtest:16]"],"test":"src.test2.\"Pruebas de Las Cosas del Camión\".\"Paquete de 950 ladrillos: pesa 2000 kg y peligrosidad es 40\""}],"timeElapsed":759,"timestamp":"2026-09-17T02:30:49.040Z"}
{"level":"info","message":"🧪 Test runner executed on /home/ramiro/Proyectos/camiones","result":{"errored":0,"failed":3,"ok":0},"testsFailed":[{"error":["wollok.lib.AssertionException: Expected <2000> but found <9520>","  at src.test2.\"Pruebas de Las Cosas del Camión\".\"Paquete de 950 ladrillos: pesa 2000 kg y peligrosidad es 40\" [src/test2.wtest:16]"],"test":"src.test2.\"Pruebas de Las Cosas del Camión\".\"Paquete de 950 ladrillos: pesa 2000 kg y peligrosidad es 40\""},{"error":["wollok.lib.AssertionException: Expected <2250> but found <10242>","  at src.test2.\"Pruebas de Las Cosas del Camión\".\"Paquete de 1020 ladrillos: pesa 2250 kg y peligrosidad es 29\" [src/test2.wtest:28]"],"test":"src.test2.\"Pruebas de Las Cosas del Camión\".\"Paquete de 1020 ladrillos: pesa 2250 kg y peligrosidad es 29\""},{"error":["wollok.lib.AssertionException: Expected <15> but found <bumblebee>","  at src.test2.\"Pruebas de Las Cosas del Camión\".\"Contenedor portuario con Knight Rider y Bumblebee en auto\" [src/test2.wtest:42]"],"test":"src.test2.\"Pruebas de Las Cosas del Camión\".\"Contenedor portuario con Knight Rider y Bumblebee en auto\""}],"timeElapsed":847,"timestamp":"2026-09-17T02:30:57.230Z"}
{"level":"info","message":"⌛ Building environment","timeElapsed":259,"timestamp":"2026-09-17T02:32:01.794Z"}
{"level":"info","message":"⌛ Validating src/cosas.wlk","timeElapsed":148,"timestamp":"2026-09-17T02:32:02.013Z"}
{"level":"info","message":"⌛ Building environment","timeElapsed":224,"timestamp":"2026-09-17T02:32:06.243Z"}
{"level":"info","message":"⌛ Building environment","timeElapsed":128,"timestamp":"2026-09-17T02:32:06.372Z"}
{"level":"info","message":"⌛ Validating src/cosas.wlk","timeElapsed":148,"timestamp":"2026-09-17T02:32:06.525Z"}
{"level":"info","message":"⌛ Validating src/cosas.wlk","timeElapsed":120,"timestamp":"2026-09-17T02:32:06.645Z"}
{"level":"info","message":"⌛ Building environment","timeElapsed":187,"timestamp":"2026-09-17T02:32:12.580Z"}
{"level":"info","message":"⌛ Validating src/cosas.wlk","timeElapsed":221,"timestamp":"2026-09-17T02:32:12.804Z"}
{"level":"info","message":"⌛ Building environment","timeElapsed":258,"timestamp":"2026-09-17T02:32:13.063Z"}
{"level":"info","message":"⌛ Building environment","timeElapsed":145,"timestamp":"2026-09-17T02:32:13.209Z"}
{"level":"info","message":"⌛ Validating src/cosas.wlk","timeElapsed":198,"timestamp":"2026-09-17T02:32:13.428Z"}
{"level":"info","message":"⌛ Validating src/cosas.wlk","timeElapsed":134,"timestamp":"2026-09-17T02:32:13.563Z"}
{"level":"info","message":"🧪 Test runner executed on /home/ramiro/Proyectos/camiones","result":{"errored":0,"failed":0,"ok":1},"testsFailed":[],"timeElapsed":790,"timestamp":"2026-09-17T02:32:18.824Z"}
{"level":"info","message":"🧪 Test runner executed on /home/ramiro/Proyectos/camiones","result":{"errored":0,"failed":0,"ok":1},"testsFailed":[],"timeElapsed":863,"timestamp":"2026-09-17T02:32:24.399Z"}
{"level":"info","message":"🧪 Test runner executed on /home/ramiro/Proyectos/camiones","result":{"errored":0,"failed":1,"ok":0},"testsFailed":[{"error":["wollok.lib.AssertionException: Expected <15> but found <bumblebee>","  at src.test2.\"Pruebas de Las Cosas del Camión\".\"Contenedor portuario con Knight Rider y Bumblebee en auto\" [src/test2.wtest:42]"],"test":"src.test2.\"Pruebas de Las Cosas del Camión\".\"Contenedor portuario con Knight Rider y Bumblebee en auto\""}],"timeElapsed":909,"timestamp":"2026-09-17T02:32:32.466Z"}
{"level":"info","message":"⌛ Building environment","timeElapsed":382,"timestamp":"2026-09-17T02:33:59.979Z"}
{"level":"info","message":"⌛ Validating src/cosas.wlk","timeElapsed":162,"timestamp":"2026-09-17T02:34:00.258Z"}
{"level":"info","message":"⌛ Building environment","timeElapsed":274,"timestamp":"2026-09-17T02:34:01.235Z"}
{"level":"info","message":"⌛ Building environment","timeElapsed":153,"timestamp":"2026-09-17T02:34:01.394Z"}
{"level":"info","message":"⌛ Building environment","timeElapsed":136,"timestamp":"2026-09-17T02:34:01.538Z"}
{"level":"info","message":"⌛ Building environment","timeElapsed":125,"timestamp":"2026-09-17T02:34:01.663Z"}
{"level":"info","message":"⌛ Validating src/cosas.wlk","timeElapsed":162,"timestamp":"2026-09-17T02:34:01.825Z"}
{"level":"info","message":"⌛ Validating src/cosas.wlk","timeElapsed":167,"timestamp":"2026-09-17T02:34:01.992Z"}
{"level":"info","message":"⌛ Validating src/cosas.wlk","timeElapsed":163,"timestamp":"2026-09-17T02:34:02.168Z"}
{"level":"info","message":"⌛ Validating src/cosas.wlk","timeElapsed":187,"timestamp":"2026-09-17T02:34:02.356Z"}
{"level":"info","message":"⌛ Building environment","timeElapsed":148,"timestamp":"2026-09-17T02:34:02.504Z"}
{"level":"info","message":"⌛ Validating src/cosas.wlk","timeElapsed":159,"timestamp":"2026-09-17T02:34:02.670Z"}
{"level":"info","message":"🧪 Test runner executed on /home/ramiro/Proyectos/camiones","result":{"errored":1,"failed":0,"ok":0},"testsFailed":[{"error":["wollok.lang.MessageNotUnderstoodException: bumblebee does not understand nivelDePeligrosidad()","  at src.cosas.contenedorPortuario.nivelPeligrosidad() [src/cosas.wlk:60]","  at src.test2.\"Pruebas de Las Cosas del Camión\".\"Contenedor portuario con Knight Rider y Bumblebee en auto\" [src/test2.wtest:42]"],"test":"src.test2.\"Pruebas de Las Cosas del Camión\".\"Contenedor portuario con Knight Rider y Bumblebee en auto\""}],"timeElapsed":812,"timestamp":"2026-09-17T02:34:11.486Z"}
{"level":"info","message":"⌛ Building environment","timeElapsed":226,"timestamp":"2026-09-17T02:34:23.205Z"}
{"level":"info","message":"⌛ Building environment","timeElapsed":123,"timestamp":"2026-09-17T02:34:23.340Z"}
{"level":"info","message":"⌛ Validating src/cosas.wlk","timeElapsed":151,"timestamp":"2026-09-17T02:34:23.492Z"}
{"level":"info","message":"⌛ Validating src/cosas.wlk","timeElapsed":136,"timestamp":"2026-09-17T02:34:23.627Z"}
{"level":"info","message":"🧪 Test runner executed on /home/ramiro/Proyectos/camiones","result":{"errored":0,"failed":1,"ok":0},"testsFailed":[{"error":["wollok.lib.AssertionException: Expected <15> but found <bumblebee>","  at src.test2.\"Pruebas de Las Cosas del Camión\".\"Contenedor portuario con Knight Rider y Bumblebee en auto\" [src/test2.wtest:42]"],"test":"src.test2.\"Pruebas de Las Cosas del Camión\".\"Contenedor portuario con Knight Rider y Bumblebee en auto\""}],"timeElapsed":898,"timestamp":"2026-09-17T02:34:35.651Z"}
{"level":"info","message":"⌛ Building environment","timeElapsed":195,"timestamp":"2026-09-17T02:35:00.836Z"}
{"level":"info","message":"⌛ Validating src/cosas.wlk","timeElapsed":162,"timestamp":"2026-09-17T02:35:01.001Z"}
{"level":"info","message":"⌛ Building environment","timeElapsed":193,"timestamp":"2026-09-17T02:35:05.985Z"}
{"level":"info","message":"⌛ Validating src/cosas.wlk","timeElapsed":149,"timestamp":"2026-09-17T02:35:06.137Z"}
{"level":"info","message":"⌛ Building environment","timeElapsed":226,"timestamp":"2026-09-17T02:35:12.501Z"}
{"level":"info","message":"⌛ Validating src/cosas.wlk","timeElapsed":178,"timestamp":"2026-09-17T02:35:12.723Z"}
{"level":"info","message":"⌛ Building environment","timeElapsed":257,"timestamp":"2026-09-17T02:35:13.250Z"}
{"level":"info","message":"⌛ Building environment","timeElapsed":147,"timestamp":"2026-09-17T02:35:13.398Z"}
{"level":"info","message":"⌛ Building environment","timeElapsed":123,"timestamp":"2026-09-17T02:35:13.522Z"}
{"level":"info","message":"⌛ Validating src/cosas.wlk","timeElapsed":155,"timestamp":"2026-09-17T02:35:13.678Z"}
{"level":"info","message":"⌛ Building environment","timeElapsed":122,"timestamp":"2026-09-17T02:35:13.801Z"}
{"level":"info","message":"⌛ Validating src/cosas.wlk","timeElapsed":143,"timestamp":"2026-09-17T02:35:13.944Z"}
{"level":"info","message":"⌛ Validating src/cosas.wlk","timeElapsed":148,"timestamp":"2026-09-17T02:35:14.093Z"}
{"level":"info","message":"⌛ Building environment","timeElapsed":113,"timestamp":"2026-09-17T02:35:14.217Z"}
{"level":"info","message":"⌛ Validating src/cosas.wlk","timeElapsed":147,"timestamp":"2026-09-17T02:35:14.365Z"}
{"level":"info","message":"⌛ Validating src/cosas.wlk","timeElapsed":204,"timestamp":"2026-09-17T02:35:14.576Z"}
{"level":"info","message":"🧪 Test runner executed on /home/ramiro/Proyectos/camiones","result":{"errored":1,"failed":0,"ok":0},"testsFailed":[{"error":["wollok.lang.MessageNotUnderstoodException: bumblebee does not understand nivelDePeligrosidad()","  at src.cosas.contenedorPortuario.nivelPeligrosidad() [src/cosas.wlk:60]","  at src.test2.\"Pruebas de Las Cosas del Camión\".\"Contenedor portuario con Knight Rider y Bumblebee en auto\" [src/test2.wtest:42]"],"test":"src.test2.\"Pruebas de Las Cosas del Camión\".\"Contenedor portuario con Knight Rider y Bumblebee en auto\""}],"timeElapsed":791,"timestamp":"2026-09-17T02:35:22.765Z"}
{"level":"info","message":"⌛ Building environment","timeElapsed":286,"timestamp":"2026-09-17T02:35:55.422Z"}
{"level":"info","message":"⌛ Building environment","timeElapsed":226,"timestamp":"2026-09-17T02:35:55.650Z"}
{"level":"info","message":"⌛ Validating src/cosas.wlk","timeElapsed":161,"timestamp":"2026-09-17T02:35:55.812Z"}
{"level":"info","message":"⌛ Validating src/cosas.wlk","timeElapsed":133,"timestamp":"2026-09-17T02:35:56.012Z"}
{"level":"info","message":"⌛ Building environment","timeElapsed":211,"timestamp":"2026-09-17T02:36:06.581Z"}
{"level":"info","message":"⌛ Validating src/cosas.wlk","timeElapsed":157,"timestamp":"2026-09-17T02:36:06.787Z"}
{"level":"info","message":"⌛ Building environment","timeElapsed":204,"timestamp":"2026-09-17T02:36:07.399Z"}
{"level":"info","message":"⌛ Validating src/cosas.wlk","timeElapsed":172,"timestamp":"2026-09-17T02:36:07.582Z"}
{"level":"info","message":"⌛ Building environment","timeElapsed":126,"timestamp":"2026-09-17T02:36:07.718Z"}
{"level":"info","message":"⌛ Building environment","timeElapsed":215,"timestamp":"2026-09-17T02:36:07.933Z"}
{"level":"info","message":"⌛ Validating src/cosas.wlk","timeElapsed":208,"timestamp":"2026-09-17T02:36:08.142Z"}
{"level":"info","message":"⌛ Building environment","timeElapsed":115,"timestamp":"2026-09-17T02:36:08.268Z"}
{"level":"info","message":"⌛ Validating src/cosas.wlk","timeElapsed":143,"timestamp":"2026-09-17T02:36:08.418Z"}
{"level":"info","message":"⌛ Validating src/cosas.wlk","timeElapsed":138,"timestamp":"2026-09-17T02:36:08.566Z"}
{"level":"info","message":"⌛ Building environment","timeElapsed":195,"timestamp":"2026-09-17T02:36:18.153Z"}
{"level":"info","message":"⌛ Validating src/cosas.wlk","timeElapsed":166,"timestamp":"2026-09-17T02:36:18.322Z"}
{"level":"info","message":"⌛ Building environment","timeElapsed":222,"timestamp":"2026-09-17T02:36:18.696Z"}
{"level":"info","message":"⌛ Validating src/cosas.wlk","timeElapsed":182,"timestamp":"2026-09-17T02:36:18.918Z"}
{"level":"info","message":"🧪 Test runner executed on /home/ramiro/Proyectos/camiones","result":{"errored":1,"failed":0,"ok":0},"testsFailed":[{"error":["wollok.lang.MessageNotUnderstoodException: bumblebee does not understand nivelDePeligrosidad()","  at src.cosas.contenedorPortuario.nivelPeligrosidad() [src/cosas.wlk:60]","  at src.test2.\"Pruebas de Las Cosas del Camión\".\"Contenedor portuario con Knight Rider y Bumblebee en auto\" [src/test2.wtest:42]"],"test":"src.test2.\"Pruebas de Las Cosas del Camión\".\"Contenedor portuario con Knight Rider y Bumblebee en auto\""}],"timeElapsed":763,"timestamp":"2026-09-17T02:36:39.848Z"}
{"level":"info","message":"⌛ Building environment","timeElapsed":253,"timestamp":"2026-09-17T02:36:43.889Z"}
{"level":"info","message":"⌛ Validating src/test2.wtest","timeElapsed":159,"timestamp":"2026-09-17T02:36:44.050Z"}
{"level":"info","message":"⌛ Building environment","timeElapsed":408,"timestamp":"2026-09-17T02:37:27.021Z"}
{"level":"info","message":"⌛ Building environment","timeElapsed":168,"timestamp":"2026-09-17T02:37:27.190Z"}
{"level":"info","message":"⌛ Validating src/cosas.wlk","timeElapsed":159,"timestamp":"2026-09-17T02:37:27.350Z"}
{"level":"info","message":"⌛ Validating src/cosas.wlk","timeElapsed":140,"timestamp":"2026-09-17T02:37:27.499Z"}
{"level":"info","message":"🧪 Test runner executed on /home/ramiro/Proyectos/camiones","result":{"errored":0,"failed":1,"ok":0},"testsFailed":[{"error":["wollok.lib.AssertionException: Expected <15> but found <30>","  at src.test2.\"Pruebas de Las Cosas del Camión\".\"Contenedor portuario con Knight Rider y Bumblebee en auto\" [src/test2.wtest:41]"],"test":"src.test2.\"Pruebas de Las Cosas del Camión\".\"Contenedor portuario con Knight Rider y Bumblebee en auto\""}],"timeElapsed":748,"timestamp":"2026-09-17T02:37:33.724Z"}
{"level":"info","message":"⌛ Building environment","timeElapsed":253,"timestamp":"2026-09-17T02:38:01.412Z"}
{"level":"info","message":"⌛ Validating src/cosas.wlk","timeElapsed":142,"timestamp":"2026-09-17T02:38:01.670Z"}
{"level":"info","message":"⌛ Building environment","timeElapsed":238,"timestamp":"2026-09-17T02:38:01.972Z"}
{"level":"info","message":"⌛ Building environment","timeElapsed":144,"timestamp":"2026-09-17T02:38:02.156Z"}
{"level":"info","message":"⌛ Validating src/cosas.wlk","timeElapsed":199,"timestamp":"2026-09-17T02:38:02.361Z"}
{"level":"info","message":"⌛ Building environment","timeElapsed":142,"timestamp":"2026-09-17T02:38:02.504Z"}
{"level":"info","message":"⌛ Validating src/cosas.wlk","timeElapsed":131,"timestamp":"2026-09-17T02:38:02.677Z"}
{"level":"info","message":"⌛ Validating src/cosas.wlk","timeElapsed":144,"timestamp":"2026-09-17T02:38:02.828Z"}
{"level":"info","message":"⌛ Building environment","timeElapsed":121,"timestamp":"2026-09-17T02:38:02.955Z"}
{"level":"error","message":"✘ Completions for node Literal ([7:27, 7:32] - src/cosas.wlk) failed: Error: false [Literal]{e00559} at src/cosas.wlk:7 exhausted all cases without a match false [Literal]{e00559} at src/cosas.wlk:7 exhausted all cases without a match","stack":"Error: false [Literal]{e00559} at src/cosas.wlk:7 exhausted all cases without a match\n    at /home/ramiro/.vscode/extensions/uqbar.wollok-lsp-ide-0.5.5/out/server/src/server.js:38:6142\n    at L2 (/home/ramiro/.vscode/extensions/uqbar.wollok-lsp-ide-0.5.5/out/server/src/server.js:2421:42)\n    at /home/ramiro/.vscode/extensions/uqbar.wollok-lsp-ide-0.5.5/out/server/src/server.js:2421:2988\n    at /home/ramiro/.vscode/extensions/uqbar.wollok-lsp-ide-0.5.5/out/server/src/server.js:2430:8440\n    at /home/ramiro/.vscode/extensions/uqbar.wollok-lsp-ide-0.5.5/out/server/src/server.js:37:74872\n    at Ke (/home/ramiro/.vscode/extensions/uqbar.wollok-lsp-ide-0.5.5/out/server/src/server.js:7:8527)\n    at It (/home/ramiro/.vscode/extensions/uqbar.wollok-lsp-ide-0.5.5/out/server/src/server.js:7:6189)\n    at et (/home/ramiro/.vscode/extensions/uqbar.wollok-lsp-ide-0.5.5/out/server/src/server.js:7:6378)\n    at Immediate._onImmediate (/home/ramiro/.vscode/extensions/uqbar.wollok-lsp-ide-0.5.5/out/server/src/server.js:7:6142)\n    at process.processImmediate (node:internal/timers:504:21)","timestamp":"2026-09-17T02:38:02.990Z"}
{"level":"info","message":"⌛ Validating src/cosas.wlk","timeElapsed":185,"timestamp":"2026-09-17T02:38:03.182Z"}
{"level":"info","message":"🧪 Test runner executed on /home/ramiro/Proyectos/camiones","result":{"errored":0,"failed":0,"ok":1},"testsFailed":[],"timeElapsed":764,"timestamp":"2026-09-17T02:38:27.194Z"}
{"level":"info","message":"⌛ Building environment","timeElapsed":235,"timestamp":"2026-09-17T02:42:48.637Z"}
{"level":"info","message":"⌛ Validating src/camion.wlk","timeElapsed":207,"timestamp":"2026-09-17T02:42:48.856Z"}
{"level":"info","message":"⌛ Building environment","timeElapsed":209,"timestamp":"2026-09-17T02:42:49.968Z"}
{"level":"info","message":"⌛ Validating src/camion.wlk","timeElapsed":163,"timestamp":"2026-09-17T02:42:50.177Z"}
{"level":"info","message":"⌛ Building environment","timeElapsed":267,"timestamp":"2026-09-17T02:42:50.645Z"}
{"level":"info","message":"⌛ Validating src/camion.wlk","timeElapsed":162,"timestamp":"2026-09-17T02:42:50.830Z"}
{"level":"info","message":"⌛ Building environment","timeElapsed":259,"timestamp":"2026-09-17T02:42:51.227Z"}
{"level":"info","message":"⌛ Building environment","timeElapsed":125,"timestamp":"2026-09-17T02:42:51.353Z"}
{"level":"info","message":"⌛ Building environment","timeElapsed":144,"timestamp":"2026-09-17T02:42:51.505Z"}
{"level":"info","message":"⌛ Validating src/camion.wlk","timeElapsed":255,"timestamp":"2026-09-17T02:42:51.762Z"}
{"level":"info","message":"⌛ Validating src/camion.wlk","timeElapsed":174,"timestamp":"2026-09-17T02:42:51.937Z"}
{"level":"info","message":"⌛ Validating src/camion.wlk","timeElapsed":133,"timestamp":"2026-09-17T02:42:52.083Z"}
{"level":"info","message":"⌛ Building environment","timeElapsed":134,"timestamp":"2026-09-17T02:42:52.218Z"}
{"level":"info","message":"⌛ Validating src/camion.wlk","timeElapsed":148,"timestamp":"2026-09-17T02:42:52.385Z"}
{"level":"info","message":"⌛ Building environment","timeElapsed":212,"timestamp":"2026-09-17T02:42:52.674Z"}
{"level":"info","message":"⌛ Building environment","timeElapsed":135,"timestamp":"2026-09-17T02:42:52.809Z"}
{"level":"info","message":"⌛ Validating src/camion.wlk","timeElapsed":161,"timestamp":"2026-09-17T02:42:53.024Z"}
{"level":"info","message":"⌛ Building environment","timeElapsed":193,"timestamp":"2026-09-17T02:42:53.218Z"}
{"level":"info","message":"⌛ Validating src/camion.wlk","timeElapsed":166,"timestamp":"2026-09-17T02:42:53.385Z"}
{"level":"info","message":"⌛ Building environment","timeElapsed":135,"timestamp":"2026-09-17T02:42:53.530Z"}
{"level":"info","message":"⌛ Validating src/camion.wlk","timeElapsed":172,"timestamp":"2026-09-17T02:42:53.701Z"}
{"level":"info","message":"⌛ Validating src/camion.wlk","timeElapsed":151,"timestamp":"2026-09-17T02:42:53.864Z"}
{"level":"info","message":"⌛ Building environment","timeElapsed":186,"timestamp":"2026-09-17T02:42:54.945Z"}
{"level":"info","message":"⌛ Validating src/camion.wlk","timeElapsed":192,"timestamp":"2026-09-17T02:42:55.145Z"}
{"level":"error","message":"✘ Failed to rebuild document Failed to parse src/camion.wlk: \n-- PARSING FAILED --------------------------------------------------\n\n  59 | \t\tcosas.add(unaCosa)\n  60 | \t}\n> 61 | \tmethod () {\n     |         ^\n  62 | \t  \n  63 | \t}\n\nExpected one of the following: \n\n'!=', '!==', '%', '&&', '*', '**', '+', '-', '->', '..', '..<', '/', '<', '<<', '<<<', '<=', '<=>', '<>', '==', '===', '>', '>..', '>=', '>>', '>>>', '?:', 'and', 'invert', 'negate', 'or', 'plus', '||', identifier, whitespace\n","stack":"Error: Failed to parse src/camion.wlk: \n-- PARSING FAILED --------------------------------------------------\n\n  59 | \t\tcosas.add(unaCosa)\n  60 | \t}\n> 61 | \tmethod () {\n     |         ^\n  62 | \t  \n  63 | \t}\n\nExpected one of the following: \n\n'!=', '!==', '%', '&&', '*', '**', '+', '-', '->', '..', '..<', '/', '<', '<<', '<<<', '<=', '<=>', '<>', '==', '===', '>', '>..', '>=', '>>', '>>>', '?:', 'and', 'invert', 'negate', 'or', 'plus', '||', identifier, whitespace\n\n    at /home/ramiro/.vscode/extensions/uqbar.wollok-lsp-ide-0.5.5/out/server/src/server.js:2385:13026\n    at Array.map (<anonymous>)\n    at z1n (/home/ramiro/.vscode/extensions/uqbar.wollok-lsp-ide-0.5.5/out/server/src/server.js:2385:12950)\n    at H2.buildEnvironmentFrom (/home/ramiro/.vscode/extensions/uqbar.wollok-lsp-ide-0.5.5/out/server/src/server.js:2430:5254)\n    at H2.updateEnvironmentWith (/home/ramiro/.vscode/extensions/uqbar.wollok-lsp-ide-0.5.5/out/server/src/server.js:2430:4989)\n    at QF (/home/ramiro/.vscode/extensions/uqbar.wollok-lsp-ide-0.5.5/out/server/src/server.js:2430:7383)\n    at V3.invoke (/home/ramiro/.vscode/extensions/uqbar.wollok-lsp-ide-0.5.5/out/server/src/server.js:3:157330)\n    at o.fire (/home/ramiro/.vscode/extensions/uqbar.wollok-lsp-ide-0.5.5/out/server/src/server.js:3:158100)\n    at /home/ramiro/.vscode/extensions/uqbar.wollok-lsp-ide-0.5.5/out/server/src/server.js:37:57871\n    at nd (/home/ramiro/.vscode/extensions/uqbar.wollok-lsp-ide-0.5.5/out/server/src/server.js:8:1561)","timestamp":"2026-09-17T02:42:55.200Z"}
{"level":"error","message":"✘ Failed to rebuild document Failed to parse src/camion.wlk: \n-- PARSING FAILED --------------------------------------------------\n\n  59 | \t\tcosas.add(unaCosa)\n  60 | \t}\n> 61 | \tmethod ) {\n     |         ^\n  62 | \t  \n  63 | \t}\n\nExpected one of the following: \n\n'!=', '!==', '%', '&&', '*', '**', '+', '-', '->', '..', '..<', '/', '<', '<<', '<<<', '<=', '<=>', '<>', '==', '===', '>', '>..', '>=', '>>', '>>>', '?:', 'and', 'invert', 'negate', 'or', 'plus', '||', identifier, whitespace\n","stack":"Error: Failed to parse src/camion.wlk: \n-- PARSING FAILED --------------------------------------------------\n\n  59 | \t\tcosas.add(unaCosa)\n  60 | \t}\n> 61 | \tmethod ) {\n     |         ^\n  62 | \t  \n  63 | \t}\n\nExpected one of the following: \n\n'!=', '!==', '%', '&&', '*', '**', '+', '-', '->', '..', '..<', '/', '<', '<<', '<<<', '<=', '<=>', '<>', '==', '===', '>', '>..', '>=', '>>', '>>>', '?:', 'and', 'invert', 'negate', 'or', 'plus', '||', identifier, whitespace\n\n    at /home/ramiro/.vscode/extensions/uqbar.wollok-lsp-ide-0.5.5/out/server/src/server.js:2385:13026\n    at Array.map (<anonymous>)\n    at z1n (/home/ramiro/.vscode/extensions/uqbar.wollok-lsp-ide-0.5.5/out/server/src/server.js:2385:12950)\n    at H2.buildEnvironmentFrom (/home/ramiro/.vscode/extensions/uqbar.wollok-lsp-ide-0.5.5/out/server/src/server.js:2430:5254)\n    at H2.updateEnvironmentWith (/home/ramiro/.vscode/extensions/uqbar.wollok-lsp-ide-0.5.5/out/server/src/server.js:2430:4989)\n    at QF (/home/ramiro/.vscode/extensions/uqbar.wollok-lsp-ide-0.5.5/out/server/src/server.js:2430:7383)\n    at V3.invoke (/home/ramiro/.vscode/extensions/uqbar.wollok-lsp-ide-0.5.5/out/server/src/server.js:3:157330)\n    at o.fire (/home/ramiro/.vscode/extensions/uqbar.wollok-lsp-ide-0.5.5/out/server/src/server.js:3:158100)\n    at /home/ramiro/.vscode/extensions/uqbar.wollok-lsp-ide-0.5.5/out/server/src/server.js:37:57871\n    at nd (/home/ramiro/.vscode/extensions/uqbar.wollok-lsp-ide-0.5.5/out/server/src/server.js:8:1561)","timestamp":"2026-09-17T02:42:57.496Z"}
{"level":"error","message":"✘ Failed to rebuild document Failed to parse src/camion.wlk: \n-- PARSING FAILED --------------------------------------------------\n\n  59 | \t\tcosas.add(unaCosa)\n  60 | \t}\n> 61 | \tmethod  {\n     |          ^\n  62 | \t  \n  63 | \t}\n\nExpected one of the following: \n\n'!=', '!==', '%', '&&', '*', '**', '+', '-', '->', '..', '..<', '/', '<', '<<', '<<<', '<=', '<=>', '<>', '==', '===', '>', '>..', '>=', '>>', '>>>', '?:', 'and', 'invert', 'negate', 'or', 'plus', '||', identifier, whitespace\n","stack":"Error: Failed to parse src/camion.wlk: \n-- PARSING FAILED --------------------------------------------------\n\n  59 | \t\tcosas.add(unaCosa)\n  60 | \t}\n> 61 | \tmethod  {\n     |          ^\n  62 | \t  \n  63 | \t}\n\nExpected one of the following: \n\n'!=', '!==', '%', '&&', '*', '**', '+', '-', '->', '..', '..<', '/', '<', '<<', '<<<', '<=', '<=>', '<>', '==', '===', '>', '>..', '>=', '>>', '>>>', '?:', 'and', 'invert', 'negate', 'or', 'plus', '||', identifier, whitespace\n\n    at /home/ramiro/.vscode/extensions/uqbar.wollok-lsp-ide-0.5.5/out/server/src/server.js:2385:13026\n    at Array.map (<anonymous>)\n    at z1n (/home/ramiro/.vscode/extensions/uqbar.wollok-lsp-ide-0.5.5/out/server/src/server.js:2385:12950)\n    at H2.buildEnvironmentFrom (/home/ramiro/.vscode/extensions/uqbar.wollok-lsp-ide-0.5.5/out/server/src/server.js:2430:5254)\n    at H2.updateEnvironmentWith (/home/ramiro/.vscode/extensions/uqbar.wollok-lsp-ide-0.5.5/out/server/src/server.js:2430:4989)\n    at QF (/home/ramiro/.vscode/extensions/uqbar.wollok-lsp-ide-0.5.5/out/server/src/server.js:2430:7383)\n    at V3.invoke (/home/ramiro/.vscode/extensions/uqbar.wollok-lsp-ide-0.5.5/out/server/src/server.js:3:157330)\n    at o.fire (/home/ramiro/.vscode/extensions/uqbar.wollok-lsp-ide-0.5.5/out/server/src/server.js:3:158100)\n    at /home/ramiro/.vscode/extensions/uqbar.wollok-lsp-ide-0.5.5/out/server/src/server.js:37:57871\n    at nd (/home/ramiro/.vscode/extensions/uqbar.wollok-lsp-ide-0.5.5/out/server/src/server.js:8:1561)","timestamp":"2026-09-17T02:42:57.650Z"}
{"level":"info","message":"⌛ Building environment","timeElapsed":178,"timestamp":"2026-09-17T02:42:59.294Z"}
{"level":"info","message":"⌛ Validating src/camion.wlk","timeElapsed":141,"timestamp":"2026-09-17T02:42:59.437Z"}
{"level":"error","message":"✘ Failed to get type description: Error: Failed to print, found malformed node Failed to print, found malformed node","node":{"compiled":false,"id":"fa155da2-ef98-4cab-a579-ea153c53583b","isOverride":false,"metadata":[],"name":"tieneAlgoQuePesaEntre","parameters":[],"problems":[{"code":"malformedMember","sourceMap":{"end":{"column":1,"line":65,"offset":1414},"start":{"column":30,"line":61,"offset":1402}}}],"scope":{"containerScope":{"containerScope":{"containerScope":{"containerScope":{"contributions":{},"includedScopes":[]},"contributions":{},"includedScopes":[]},"contributions":{},"includedScopes":[{"contributions":{},"includedScopes":[]}]},"contributions":{},"includedScopes":[{"containerScope":{"containerScope":{"containerScope":{"contributions":{},"includedScopes":[]},"contributions":{},"includedScopes":[]},"contributions":{},"includedScopes":[]},"contributions":{},"includedScopes":[]}]},"contributions":{},"includedScopes":[]},"sourceMap":{"end":{"column":3,"line":63,"offset":1411},"start":{"column":2,"line":61,"offset":1374}}},"stack":"Error: Failed to print, found malformed node\n    at /home/ramiro/.vscode/extensions/uqbar.wollok-lsp-ide-0.5.5/out/server/src/server.js:68:3585\n    at Ybn (/home/ramiro/.vscode/extensions/uqbar.wollok-lsp-ide-0.5.5/out/server/src/server.js:68:3396)\n    at /home/ramiro/.vscode/extensions/uqbar.wollok-lsp-ide-0.5.5/out/server/src/server.js:2430:847\n    at /home/ramiro/.vscode/extensions/uqbar.wollok-lsp-ide-0.5.5/out/server/src/server.js:2430:8440\n    at /home/ramiro/.vscode/extensions/uqbar.wollok-lsp-ide-0.5.5/out/server/src/server.js:37:74770\n    at Ke (/home/ramiro/.vscode/extensions/uqbar.wollok-lsp-ide-0.5.5/out/server/src/server.js:7:8527)\n    at It (/home/ramiro/.vscode/extensions/uqbar.wollok-lsp-ide-0.5.5/out/server/src/server.js:7:6189)\n    at et (/home/ramiro/.vscode/extensions/uqbar.wollok-lsp-ide-0.5.5/out/server/src/server.js:7:6378)\n    at Immediate._onImmediate (/home/ramiro/.vscode/extensions/uqbar.wollok-lsp-ide-0.5.5/out/server/src/server.js:7:6142)\n    at process.processImmediate (node:internal/timers:504:21)","timestamp":"2026-09-17T02:43:02.551Z"}
{"level":"error","message":"✘ Failed to get type description: Error: Failed to print, found malformed node Failed to print, found malformed node","node":{"compiled":false,"id":"fa155da2-ef98-4cab-a579-ea153c53583b","isOverride":false,"metadata":[],"name":"tieneAlgoQuePesaEntre","parameters":[],"problems":[{"code":"malformedMember","sourceMap":{"end":{"column":1,"line":65,"offset":1414},"start":{"column":30,"line":61,"offset":1402}}}],"scope":{"containerScope":{"containerScope":{"containerScope":{"containerScope":{"contributions":{},"includedScopes":[]},"contributions":{},"includedScopes":[]},"contributions":{},"includedScopes":[{"contributions":{},"includedScopes":[]}]},"contributions":{},"includedScopes":[{"containerScope":{"containerScope":{"containerScope":{"contributions":{},"includedScopes":[]},"contributions":{},"includedScopes":[]},"contributions":{},"includedScopes":[]},"contributions":{},"includedScopes":[]}]},"contributions":{},"includedScopes":[]},"sourceMap":{"end":{"column":3,"line":63,"offset":1411},"start":{"column":2,"line":61,"offset":1374}}},"stack":"Error: Failed to print, found malformed node\n    at /home/ramiro/.vscode/extensions/uqbar.wollok-lsp-ide-0.5.5/out/server/src/server.js:68:3585\n    at Ybn (/home/ramiro/.vscode/extensions/uqbar.wollok-lsp-ide-0.5.5/out/server/src/server.js:68:3396)\n    at /home/ramiro/.vscode/extensions/uqbar.wollok-lsp-ide-0.5.5/out/server/src/server.js:2430:847\n    at /home/ramiro/.vscode/extensions/uqbar.wollok-lsp-ide-0.5.5/out/server/src/server.js:2430:8440\n    at /home/ramiro/.vscode/extensions/uqbar.wollok-lsp-ide-0.5.5/out/server/src/server.js:37:74770\n    at Ke (/home/ramiro/.vscode/extensions/uqbar.wollok-lsp-ide-0.5.5/out/server/src/server.js:7:8527)\n    at It (/home/ramiro/.vscode/extensions/uqbar.wollok-lsp-ide-0.5.5/out/server/src/server.js:7:6189)\n    at et (/home/ramiro/.vscode/extensions/uqbar.wollok-lsp-ide-0.5.5/out/server/src/server.js:7:6378)\n    at Immediate._onImmediate (/home/ramiro/.vscode/extensions/uqbar.wollok-lsp-ide-0.5.5/out/server/src/server.js:7:6142)\n    at process.processImmediate (node:internal/timers:504:21)","timestamp":"2026-09-17T02:43:03.268Z"}
{"level":"info","message":"⌛ Building environment","timeElapsed":205,"timestamp":"2026-09-17T02:43:04.974Z"}
{"level":"info","message":"⌛ Validating src/camion.wlk","timeElapsed":151,"timestamp":"2026-09-17T02:43:05.135Z"}
{"level":"info","message":"⌛ Building environment","timeElapsed":281,"timestamp":"2026-09-17T02:43:06.047Z"}
{"level":"error","message":"✘ Completions for node Parameter ([61:31, 61:32] - src/camion.wlk) failed: Error: [Parameter]{d88659} at src/camion.wlk:61 exhausted all cases without a match [Parameter]{d88659} at src/camion.wlk:61 exhausted all cases without a match","stack":"Error: [Parameter]{d88659} at src/camion.wlk:61 exhausted all cases without a match\n    at /home/ramiro/.vscode/extensions/uqbar.wollok-lsp-ide-0.5.5/out/server/src/server.js:38:6142\n    at L2 (/home/ramiro/.vscode/extensions/uqbar.wollok-lsp-ide-0.5.5/out/server/src/server.js:2421:42)\n    at /home/ramiro/.vscode/extensions/uqbar.wollok-lsp-ide-0.5.5/out/server/src/server.js:2421:2988\n    at /home/ramiro/.vscode/extensions/uqbar.wollok-lsp-ide-0.5.5/out/server/src/server.js:2430:8440\n    at /home/ramiro/.vscode/extensions/uqbar.wollok-lsp-ide-0.5.5/out/server/src/server.js:37:74872\n    at Ke (/home/ramiro/.vscode/extensions/uqbar.wollok-lsp-ide-0.5.5/out/server/src/server.js:7:8527)\n    at It (/home/ramiro/.vscode/extensions/uqbar.wollok-lsp-ide-0.5.5/out/server/src/server.js:7:6189)\n    at et (/home/ramiro/.vscode/extensions/uqbar.wollok-lsp-ide-0.5.5/out/server/src/server.js:7:6378)\n    at Immediate._onImmediate (/home/ramiro/.vscode/extensions/uqbar.wollok-lsp-ide-0.5.5/out/server/src/server.js:7:6142)\n    at process.processImmediate (node:internal/timers:504:21)","timestamp":"2026-09-17T02:43:06.092Z"}
{"level":"info","message":"⌛ Building environment","timeElapsed":137,"timestamp":"2026-09-17T02:43:06.237Z"}
{"level":"info","message":"⌛ Validating src/camion.wlk","timeElapsed":154,"timestamp":"2026-09-17T02:43:06.392Z"}
{"level":"info","message":"⌛ Building environment","timeElapsed":139,"timestamp":"2026-09-17T02:43:06.532Z"}
{"level":"error","message":"✘ Completions for node Parameter ([61:31, 61:34] - src/camion.wlk) failed: Error: [Parameter]{18296e} at src/camion.wlk:61 exhausted all cases without a match [Parameter]{18296e} at src/camion.wlk:61 exhausted all cases without a match","stack":"Error: [Parameter]{18296e} at src/camion.wlk:61 exhausted all cases without a match\n    at /home/ramiro/.vscode/extensions/uqbar.wollok-lsp-ide-0.5.5/out/server/src/server.js:38:6142\n    at L2 (/home/ramiro/.vscode/extensions/uqbar.wollok-lsp-ide-0.5.5/out/server/src/server.js:2421:42)\n    at /home/ramiro/.vscode/extensions/uqbar.wollok-lsp-ide-0.5.5/out/server/src/server.js:2421:2988\n    at /home/ramiro/.vscode/extensions/uqbar.wollok-lsp-ide-0.5.5/out/server/src/server.js:2430:8440\n    at /home/ramiro/.vscode/extensions/uqbar.wollok-lsp-ide-0.5.5/out/server/src/server.js:37:74872\n    at Ke (/home/ramiro/.vscode/extensions/uqbar.wollok-lsp-ide-0.5.5/out/server/src/server.js:7:8527)\n    at It (/home/ramiro/.vscode/extensions/uqbar.wollok-lsp-ide-0.5.5/out/server/src/server.js:7:6189)\n    at et (/home/ramiro/.vscode/extensions/uqbar.wollok-lsp-ide-0.5.5/out/server/src/server.js:7:6378)\n    at Immediate._onImmediate (/home/ramiro/.vscode/extensions/uqbar.wollok-lsp-ide-0.5.5/out/server/src/server.js:7:6142)\n    at process.processImmediate (node:internal/timers:504:21)","timestamp":"2026-09-17T02:43:06.637Z"}
{"level":"info","message":"⌛ Autocomplete - Parameter","timeElapsed":103,"timestamp":"2026-09-17T02:43:06.645Z"}
{"level":"info","message":"⌛ Validating src/camion.wlk","timeElapsed":168,"timestamp":"2026-09-17T02:43:06.814Z"}
{"level":"info","message":"⌛ Building environment","timeElapsed":150,"timestamp":"2026-09-17T02:43:06.969Z"}
{"level":"info","message":"⌛ Validating src/camion.wlk","timeElapsed":139,"timestamp":"2026-09-17T02:43:07.116Z"}
{"level":"info","message":"⌛ Building environment","timeElapsed":129,"timestamp":"2026-09-17T02:43:07.245Z"}
{"level":"info","message":"⌛ Building environment","timeElapsed":135,"timestamp":"2026-09-17T02:43:07.381Z"}
{"level":"error","message":"✘ Completions for node Parameter ([61:36, 61:37] - src/camion.wlk) failed: Error: [Parameter]{144f34} at src/camion.wlk:61 exhausted all cases without a match [Parameter]{144f34} at src/camion.wlk:61 exhausted all cases without a match","stack":"Error: [Parameter]{144f34} at src/camion.wlk:61 exhausted all cases without a match\n    at /home/ramiro/.vscode/extensions/uqbar.wollok-lsp-ide-0.5.5/out/server/src/server.js:38:6142\n    at L2 (/home/ramiro/.vscode/extensions/uqbar.wollok-lsp-ide-0.5.5/out/server/src/server.js:2421:42)\n    at /home/ramiro/.vscode/extensions/uqbar.wollok-lsp-ide-0.5.5/out/server/src/server.js:2421:2988\n    at /home/ramiro/.vscode/extensions/uqbar.wollok-lsp-ide-0.5.5/out/server/src/server.js:2430:8440\n    at /home/ramiro/.vscode/extensions/uqbar.wollok-lsp-ide-0.5.5/out/server/src/server.js:37:74872\n    at Ke (/home/ramiro/.vscode/extensions/uqbar.wollok-lsp-ide-0.5.5/out/server/src/server.js:7:8527)\n    at It (/home/ramiro/.vscode/extensions/uqbar.wollok-lsp-ide-0.5.5/out/server/src/server.js:7:6189)\n    at et (/home/ramiro/.vscode/extensions/uqbar.wollok-lsp-ide-0.5.5/out/server/src/server.js:7:6378)\n    at Immediate._onImmediate (/home/ramiro/.vscode/extensions/uqbar.wollok-lsp-ide-0.5.5/out/server/src/server.js:7:6142)\n    at process.processImmediate (node:internal/timers:504:21)","timestamp":"2026-09-17T02:43:07.415Z"}
{"level":"info","message":"⌛ Building environment","timeElapsed":132,"timestamp":"2026-09-17T02:43:07.552Z"}
{"level":"info","message":"⌛ Validating src/camion.wlk","timeElapsed":202,"timestamp":"2026-09-17T02:43:07.755Z"}
{"level":"info","message":"⌛ Building environment","timeElapsed":150,"timestamp":"2026-09-17T02:43:07.905Z"}
{"level":"info","message":"⌛ Validating src/camion.wlk","timeElapsed":153,"timestamp":"2026-09-17T02:43:08.059Z"}
{"level":"info","message":"⌛ Validating src/camion.wlk","timeElapsed":138,"timestamp":"2026-09-17T02:43:08.198Z"}
{"level":"info","message":"⌛ Validating src/camion.wlk","timeElapsed":170,"timestamp":"2026-09-17T02:43:08.382Z"}
{"level":"info","message":"⌛ Validating src/camion.wlk","timeElapsed":131,"timestamp":"2026-09-17T02:43:08.518Z"}
{"level":"info","message":"⌛ Building environment","timeElapsed":215,"timestamp":"2026-09-17T02:43:09.060Z"}
{"level":"info","message":"⌛ Building environment","timeElapsed":152,"timestamp":"2026-09-17T02:43:09.251Z"}
{"level":"info","message":"⌛ Validating src/camion.wlk","timeElapsed":202,"timestamp":"2026-09-17T02:43:09.455Z"}
{"level":"info","message":"⌛ Validating src/camion.wlk","timeElapsed":167,"timestamp":"2026-09-17T02:43:09.631Z"}
{"level":"info","message":"⌛ Building environment","timeElapsed":159,"timestamp":"2026-09-17T02:43:09.793Z"}
{"level":"info","message":"⌛ Building environment","timeElapsed":112,"timestamp":"2026-09-17T02:43:09.913Z"}
{"level":"info","message":"⌛ Building environment","timeElapsed":133,"timestamp":"2026-09-17T02:43:10.059Z"}
{"level":"info","message":"⌛ Validating src/camion.wlk","timeElapsed":163,"timestamp":"2026-09-17T02:43:10.275Z"}
{"level":"info","message":"⌛ Building environment","timeElapsed":230,"timestamp":"2026-09-17T02:43:10.509Z"}
{"level":"info","message":"⌛ Validating src/camion.wlk","timeElapsed":171,"timestamp":"2026-09-17T02:43:10.681Z"}
{"level":"info","message":"⌛ Validating src/camion.wlk","timeElapsed":165,"timestamp":"2026-09-17T02:43:10.848Z"}
{"level":"info","message":"⌛ Building environment","timeElapsed":108,"timestamp":"2026-09-17T02:43:10.957Z"}
{"level":"info","message":"⌛ Building environment","timeElapsed":127,"timestamp":"2026-09-17T02:43:11.091Z"}
{"level":"info","message":"⌛ Building environment","timeElapsed":109,"timestamp":"2026-09-17T02:43:11.212Z"}
{"level":"error","message":"✘ Completions for node Return ([62:4, 62:13] - src/camion.wlk) failed: Error: [Return]{6886a8} at src/camion.wlk:62 exhausted all cases without a match [Return]{6886a8} at src/camion.wlk:62 exhausted all cases without a match","stack":"Error: [Return]{6886a8} at src/camion.wlk:62 exhausted all cases without a match\n    at /home/ramiro/.vscode/extensions/uqbar.wollok-lsp-ide-0.5.5/out/server/src/server.js:38:6142\n    at L2 (/home/ramiro/.vscode/extensions/uqbar.wollok-lsp-ide-0.5.5/out/server/src/server.js:2421:42)\n    at Jh (/home/ramiro/.vscode/extensions/uqbar.wollok-lsp-ide-0.5.5/out/server/src/server.js:2421:1092)\n    at w5n (/home/ramiro/.vscode/extensions/uqbar.wollok-lsp-ide-0.5.5/out/server/src/server.js:2421:1248)\n    at /home/ramiro/.vscode/extensions/uqbar.wollok-lsp-ide-0.5.5/out/server/src/server.js:38:6131\n    at L2 (/home/ramiro/.vscode/extensions/uqbar.wollok-lsp-ide-0.5.5/out/server/src/server.js:2421:42)\n    at /home/ramiro/.vscode/extensions/uqbar.wollok-lsp-ide-0.5.5/out/server/src/server.js:2421:2988\n    at /home/ramiro/.vscode/extensions/uqbar.wollok-lsp-ide-0.5.5/out/server/src/server.js:2430:8440\n    at /home/ramiro/.vscode/extensions/uqbar.wollok-lsp-ide-0.5.5/out/server/src/server.js:37:74872\n    at Ke (/home/ramiro/.vscode/extensions/uqbar.wollok-lsp-ide-0.5.5/out/server/src/server.js:7:8527)","timestamp":"2026-09-17T02:43:11.301Z"}
{"level":"info","message":"⌛ Validating src/camion.wlk","timeElapsed":164,"timestamp":"2026-09-17T02:43:11.484Z"}
{"level":"info","message":"⌛ Validating src/camion.wlk","timeElapsed":219,"timestamp":"2026-09-17T02:43:11.709Z"}
{"level":"info","message":"⌛ Validating src/camion.wlk","timeElapsed":226,"timestamp":"2026-09-17T02:43:11.935Z"}
{"level":"info","message":"⌛ Validating src/camion.wlk","timeElapsed":149,"timestamp":"2026-09-17T02:43:12.090Z"}
{"level":"info","message":"⌛ Building environment","timeElapsed":143,"timestamp":"2026-09-17T02:43:12.233Z"}
{"level":"info","message":"⌛ Validating src/camion.wlk","timeElapsed":151,"timestamp":"2026-09-17T02:43:12.391Z"}
{"level":"info","message":"⌛ Building environment","timeElapsed":185,"timestamp":"2026-09-17T02:43:37.585Z"}
{"level":"info","message":"⌛ Validating src/camion.wlk","timeElapsed":199,"timestamp":"2026-09-17T02:43:37.788Z"}
{"level":"info","message":"⌛ Building environment","timeElapsed":133,"timestamp":"2026-09-17T02:43:37.971Z"}
{"level":"error","message":"✘ Completions for node Send ([62:11, 62:17] - src/camion.wlk) failed: Error: [Send]{70444f} at src/camion.wlk:62 exhausted all cases without a match [Send]{70444f} at src/camion.wlk:62 exhausted all cases without a match","stack":"Error: [Send]{70444f} at src/camion.wlk:62 exhausted all cases without a match\n    at /home/ramiro/.vscode/extensions/uqbar.wollok-lsp-ide-0.5.5/out/server/src/server.js:38:6142\n    at L2 (/home/ramiro/.vscode/extensions/uqbar.wollok-lsp-ide-0.5.5/out/server/src/server.js:2421:42)\n    at Jh (/home/ramiro/.vscode/extensions/uqbar.wollok-lsp-ide-0.5.5/out/server/src/server.js:2421:1092)\n    at w5n (/home/ramiro/.vscode/extensions/uqbar.wollok-lsp-ide-0.5.5/out/server/src/server.js:2421:1248)\n    at /home/ramiro/.vscode/extensions/uqbar.wollok-lsp-ide-0.5.5/out/server/src/server.js:38:6131\n    at L2 (/home/ramiro/.vscode/extensions/uqbar.wollok-lsp-ide-0.5.5/out/server/src/server.js:2421:42)\n    at /home/ramiro/.vscode/extensions/uqbar.wollok-lsp-ide-0.5.5/out/server/src/server.js:2421:2988\n    at /home/ramiro/.vscode/extensions/uqbar.wollok-lsp-ide-0.5.5/out/server/src/server.js:2430:8440\n    at /home/ramiro/.vscode/extensions/uqbar.wollok-lsp-ide-0.5.5/out/server/src/server.js:37:74872\n    at Ke (/home/ramiro/.vscode/extensions/uqbar.wollok-lsp-ide-0.5.5/out/server/src/server.js:7:8527)","timestamp":"2026-09-17T02:43:38.011Z"}
{"level":"error","message":"✘ Completions for node Return ([62:4, 62:17] - src/camion.wlk) failed: Error: [Return]{932dc0} at src/camion.wlk:62 exhausted all cases without a match [Return]{932dc0} at src/camion.wlk:62 exhausted all cases without a match","stack":"Error: [Return]{932dc0} at src/camion.wlk:62 exhausted all cases without a match\n    at /home/ramiro/.vscode/extensions/uqbar.wollok-lsp-ide-0.5.5/out/server/src/server.js:38:6142\n    at L2 (/home/ramiro/.vscode/extensions/uqbar.wollok-lsp-ide-0.5.5/out/server/src/server.js:2421:42)\n    at Jh (/home/ramiro/.vscode/extensions/uqbar.wollok-lsp-ide-0.5.5/out/server/src/server.js:2421:1092)\n    at L2 (/home/ramiro/.vscode/extensions/uqbar.wollok-lsp-ide-0.5.5/out/server/src/server.js:2421:544)\n    at Jh (/home/ramiro/.vscode/extensions/uqbar.wollok-lsp-ide-0.5.5/out/server/src/server.js:2421:1092)\n    at w5n (/home/ramiro/.vscode/extensions/uqbar.wollok-lsp-ide-0.5.5/out/server/src/server.js:2421:1248)\n    at /home/ramiro/.vscode/extensions/uqbar.wollok-lsp-ide-0.5.5/out/server/src/server.js:38:6131\n    at L2 (/home/ramiro/.vscode/extensions/uqbar.wollok-lsp-ide-0.5.5/out/server/src/server.js:2421:42)\n    at /home/ramiro/.vscode/extensions/uqbar.wollok-lsp-ide-0.5.5/out/server/src/server.js:2421:2988\n    at /home/ramiro/.vscode/extensions/uqbar.wollok-lsp-ide-0.5.5/out/server/src/server.js:2430:8440","timestamp":"2026-09-17T02:43:38.011Z"}
{"level":"info","message":"⌛ Validating src/camion.wlk","timeElapsed":164,"timestamp":"2026-09-17T02:43:38.180Z"}
{"level":"info","message":"⌛ Building environment","timeElapsed":391,"timestamp":"2026-09-17T02:43:39.020Z"}
{"level":"info","message":"⌛ Validating src/camion.wlk","timeElapsed":228,"timestamp":"2026-09-17T02:43:39.274Z"}
{"level":"info","message":"⌛ Building environment","timeElapsed":250,"timestamp":"2026-09-17T02:43:39.679Z"}
{"level":"error","message":"✘ Completions for node Send ([62:11, 62:17] - src/camion.wlk) failed: Error: [Send]{708de3} at src/camion.wlk:62 exhausted all cases without a match [Send]{708de3} at src/camion.wlk:62 exhausted all cases without a match","stack":"Error: [Send]{708de3} at src/camion.wlk:62 exhausted all cases without a match\n    at /home/ramiro/.vscode/extensions/uqbar.wollok-lsp-ide-0.5.5/out/server/src/server.js:38:6142\n    at L2 (/home/ramiro/.vscode/extensions/uqbar.wollok-lsp-ide-0.5.5/out/server/src/server.js:2421:42)\n    at Jh (/home/ramiro/.vscode/extensions/uqbar.wollok-lsp-ide-0.5.5/out/server/src/server.js:2421:1092)\n    at w5n (/home/ramiro/.vscode/extensions/uqbar.wollok-lsp-ide-0.5.5/out/server/src/server.js:2421:1248)\n    at /home/ramiro/.vscode/extensions/uqbar.wollok-lsp-ide-0.5.5/out/server/src/server.js:38:6131\n    at L2 (/home/ramiro/.vscode/extensions/uqbar.wollok-lsp-ide-0.5.5/out/server/src/server.js:2421:42)\n    at /home/ramiro/.vscode/extensions/uqbar.wollok-lsp-ide-0.5.5/out/server/src/server.js:2421:2988\n    at /home/ramiro/.vscode/extensions/uqbar.wollok-lsp-ide-0.5.5/out/server/src/server.js:2430:8440\n    at /home/ramiro/.vscode/extensions/uqbar.wollok-lsp-ide-0.5.5/out/server/src/server.js:37:74872\n    at Ke (/home/ramiro/.vscode/extensions/uqbar.wollok-lsp-ide-0.5.5/out/server/src/server.js:7:8527)","timestamp":"2026-09-17T02:43:39.721Z"}
{"level":"error","message":"✘ Completions for node Return ([62:4, 62:17] - src/camion.wlk) failed: Error: [Return]{2e80af} at src/camion.wlk:62 exhausted all cases without a match [Return]{2e80af} at src/camion.wlk:62 exhausted all cases without a match","stack":"Error: [Return]{2e80af} at src/camion.wlk:62 exhausted all cases without a match\n    at /home/ramiro/.vscode/extensions/uqbar.wollok-lsp-ide-0.5.5/out/server/src/server.js:38:6142\n    at L2 (/home/ramiro/.vscode/extensions/uqbar.wollok-lsp-ide-0.5.5/out/server/src/server.js:2421:42)\n    at Jh (/home/ramiro/.vscode/extensions/uqbar.wollok-lsp-ide-0.5.5/out/server/src/server.js:2421:1092)\n    at L2 (/home/ramiro/.vscode/extensions/uqbar.wollok-lsp-ide-0.5.5/out/server/src/server.js:2421:544)\n    at Jh (/home/ramiro/.vscode/extensions/uqbar.wollok-lsp-ide-0.5.5/out/server/src/server.js:2421:1092)\n    at w5n (/home/ramiro/.vscode/extensions/uqbar.wollok-lsp-ide-0.5.5/out/server/src/server.js:2421:1248)\n    at /home/ramiro/.vscode/extensions/uqbar.wollok-lsp-ide-0.5.5/out/server/src/server.js:38:6131\n    at L2 (/home/ramiro/.vscode/extensions/uqbar.wollok-lsp-ide-0.5.5/out/server/src/server.js:2421:42)\n    at /home/ramiro/.vscode/extensions/uqbar.wollok-lsp-ide-0.5.5/out/server/src/server.js:2421:2988\n    at /home/ramiro/.vscode/extensions/uqbar.wollok-lsp-ide-0.5.5/out/server/src/server.js:2430:8440","timestamp":"2026-09-17T02:43:39.721Z"}
{"level":"info","message":"⌛ Building environment","timeElapsed":155,"timestamp":"2026-09-17T02:43:39.880Z"}
{"level":"info","message":"⌛ Building environment","timeElapsed":184,"timestamp":"2026-09-17T02:43:40.066Z"}
{"level":"info","message":"⌛ Validating src/camion.wlk","timeElapsed":170,"timestamp":"2026-09-17T02:43:40.237Z"}
{"level":"info","message":"⌛ Building environment","timeElapsed":110,"timestamp":"2026-09-17T02:43:40.348Z"}
{"level":"info","message":"⌛ Validating src/camion.wlk","timeElapsed":169,"timestamp":"2026-09-17T02:43:40.518Z"}
{"level":"info","message":"⌛ Validating src/camion.wlk","timeElapsed":148,"timestamp":"2026-09-17T02:43:40.681Z"}
{"level":"info","message":"⌛ Validating src/camion.wlk","timeElapsed":186,"timestamp":"2026-09-17T02:43:40.868Z"}
{"level":"info","message":"⌛ Building environment","timeElapsed":121,"timestamp":"2026-09-17T02:43:40.989Z"}
{"level":"info","message":"⌛ Building environment","timeElapsed":212,"timestamp":"2026-09-17T02:43:41.204Z"}
{"level":"info","message":"⌛ Building environment","timeElapsed":121,"timestamp":"2026-09-17T02:43:41.325Z"}
{"level":"info","message":"⌛ Building environment","timeElapsed":122,"timestamp":"2026-09-17T02:43:41.448Z"}
{"level":"info","message":"⌛ Validating src/camion.wlk","timeElapsed":161,"timestamp":"2026-09-17T02:43:41.610Z"}
{"level":"info","message":"⌛ Validating src/camion.wlk","timeElapsed":165,"timestamp":"2026-09-17T02:43:41.789Z"}
{"level":"info","message":"⌛ Validating src/camion.wlk","timeElapsed":158,"timestamp":"2026-09-17T02:43:41.949Z"}
{"level":"info","message":"⌛ Validating src/camion.wlk","timeElapsed":146,"timestamp":"2026-09-17T02:43:42.094Z"}
{"level":"info","message":"⌛ Building environment","timeElapsed":150,"timestamp":"2026-09-17T02:43:42.245Z"}
{"level":"info","message":"⌛ Validating src/camion.wlk","timeElapsed":151,"timestamp":"2026-09-17T02:43:42.480Z"}
{"level":"info","message":"⌛ Building environment","timeElapsed":265,"timestamp":"2026-09-17T02:43:42.799Z"}
{"level":"info","message":"⌛ Building environment","timeElapsed":153,"timestamp":"2026-09-17T02:43:43.020Z"}
{"level":"info","message":"⌛ Validating src/camion.wlk","timeElapsed":158,"timestamp":"2026-09-17T02:43:43.178Z"}
{"level":"info","message":"⌛ Building environment","timeElapsed":132,"timestamp":"2026-09-17T02:43:43.311Z"}
{"level":"info","message":"⌛ Validating src/camion.wlk","timeElapsed":172,"timestamp":"2026-09-17T02:43:43.484Z"}
{"level":"info","message":"⌛ Validating src/camion.wlk","timeElapsed":185,"timestamp":"2026-09-17T02:43:43.742Z"}
{"level":"info","message":"⌛ Building environment","timeElapsed":372,"timestamp":"2026-09-17T02:43:44.288Z"}
{"level":"info","message":"⌛ Validating src/camion.wlk","timeElapsed":153,"timestamp":"2026-09-17T02:43:44.451Z"}
{"level":"info","message":"⌛ Building environment","timeElapsed":263,"timestamp":"2026-09-17T02:43:44.897Z"}
{"level":"info","message":"⌛ Validating src/camion.wlk","timeElapsed":149,"timestamp":"2026-09-17T02:43:45.057Z"}
{"level":"info","message":"⌛ Building environment","timeElapsed":181,"timestamp":"2026-09-17T02:43:45.380Z"}
{"level":"error","message":"✘ Completions for node Send ([62:15, 62:27] - src/camion.wlk) failed: Error: [Send]{30c82d} at src/camion.wlk:62 exhausted all cases without a match [Send]{30c82d} at src/camion.wlk:62 exhausted all cases without a match","stack":"Error: [Send]{30c82d} at src/camion.wlk:62 exhausted all cases without a match\n    at /home/ramiro/.vscode/extensions/uqbar.wollok-lsp-ide-0.5.5/out/server/src/server.js:38:6142\n    at L2 (/home/ramiro/.vscode/extensions/uqbar.wollok-lsp-ide-0.5.5/out/server/src/server.js:2421:42)\n    at Jh (/home/ramiro/.vscode/extensions/uqbar.wollok-lsp-ide-0.5.5/out/server/src/server.js:2421:1092)\n    at w5n (/home/ramiro/.vscode/extensions/uqbar.wollok-lsp-ide-0.5.5/out/server/src/server.js:2421:1248)\n    at /home/ramiro/.vscode/extensions/uqbar.wollok-lsp-ide-0.5.5/out/server/src/server.js:38:6131\n    at L2 (/home/ramiro/.vscode/extensions/uqbar.wollok-lsp-ide-0.5.5/out/server/src/server.js:2421:42)\n    at /home/ramiro/.vscode/extensions/uqbar.wollok-lsp-ide-0.5.5/out/server/src/server.js:2421:2988\n    at /home/ramiro/.vscode/extensions/uqbar.wollok-lsp-ide-0.5.5/out/server/src/server.js:2430:8440\n    at /home/ramiro/.vscode/extensions/uqbar.wollok-lsp-ide-0.5.5/out/server/src/server.js:37:74872\n    at Ke (/home/ramiro/.vscode/extensions/uqbar.wollok-lsp-ide-0.5.5/out/server/src/server.js:7:8527)","timestamp":"2026-09-17T02:43:45.426Z"}
{"level":"error","message":"✘ Completions for node Send ([62:11, 62:28] - src/camion.wlk) failed: Error: [Send]{edad60} at src/camion.wlk:62 exhausted all cases without a match [Send]{edad60} at src/camion.wlk:62 exhausted all cases without a match","stack":"Error: [Send]{edad60} at src/camion.wlk:62 exhausted all cases without a match\n    at /home/ramiro/.vscode/extensions/uqbar.wollok-lsp-ide-0.5.5/out/server/src/server.js:38:6142\n    at L2 (/home/ramiro/.vscode/extensions/uqbar.wollok-lsp-ide-0.5.5/out/server/src/server.js:2421:42)\n    at Jh (/home/ramiro/.vscode/extensions/uqbar.wollok-lsp-ide-0.5.5/out/server/src/server.js:2421:1092)\n    at L2 (/home/ramiro/.vscode/extensions/uqbar.wollok-lsp-ide-0.5.5/out/server/src/server.js:2421:544)\n    at Jh (/home/ramiro/.vscode/extensions/uqbar.wollok-lsp-ide-0.5.5/out/server/src/server.js:2421:1092)\n    at w5n (/home/ramiro/.vscode/extensions/uqbar.wollok-lsp-ide-0.5.5/out/server/src/server.js:2421:1248)\n    at /home/ramiro/.vscode/extensions/uqbar.wollok-lsp-ide-0.5.5/out/server/src/server.js:38:6131\n    at L2 (/home/ramiro/.vscode/extensions/uqbar.wollok-lsp-ide-0.5.5/out/server/src/server.js:2421:42)\n    at /home/ramiro/.vscode/extensions/uqbar.wollok-lsp-ide-0.5.5/out/server/src/server.js:2421:2988\n    at /home/ramiro/.vscode/extensions/uqbar.wollok-lsp-ide-0.5.5/out/server/src/server.js:2430:8440","timestamp":"2026-09-17T02:43:45.426Z"}
{"level":"error","message":"✘ Completions for node Return ([62:4, 62:28] - src/camion.wlk) failed: Error: [Return]{7bae68} at src/camion.wlk:62 exhausted all cases without a match [Return]{7bae68} at src/camion.wlk:62 exhausted all cases without a match","stack":"Error: [Return]{7bae68} at src/camion.wlk:62 exhausted all cases without a match\n    at /home/ramiro/.vscode/extensions/uqbar.wollok-lsp-ide-0.5.5/out/server/src/server.js:38:6142\n    at L2 (/home/ramiro/.vscode/extensions/uqbar.wollok-lsp-ide-0.5.5/out/server/src/server.js:2421:42)\n    at Jh (/home/ramiro/.vscode/extensions/uqbar.wollok-lsp-ide-0.5.5/out/server/src/server.js:2421:1092)\n    at L2 (/home/ramiro/.vscode/extensions/uqbar.wollok-lsp-ide-0.5.5/out/server/src/server.js:2421:544)\n    at Jh (/home/ramiro/.vscode/extensions/uqbar.wollok-lsp-ide-0.5.5/out/server/src/server.js:2421:1092)\n    at L2 (/home/ramiro/.vscode/extensions/uqbar.wollok-lsp-ide-0.5.5/out/server/src/server.js:2421:544)\n    at Jh (/home/ramiro/.vscode/extensions/uqbar.wollok-lsp-ide-0.5.5/out/server/src/server.js:2421:1092)\n    at w5n (/home/ramiro/.vscode/extensions/uqbar.wollok-lsp-ide-0.5.5/out/server/src/server.js:2421:1248)\n    at /home/ramiro/.vscode/extensions/uqbar.wollok-lsp-ide-0.5.5/out/server/src/server.js:38:6131\n    at L2 (/home/ramiro/.vscode/extensions/uqbar.wollok-lsp-ide-0.5.5/out/server/src/server.js:2421:42)","timestamp":"2026-09-17T02:43:45.427Z"}
{"level":"info","message":"⌛ Validating src/camion.wlk","timeElapsed":201,"timestamp":"2026-09-17T02:43:45.635Z"}
{"level":"info","message":"⌛ Building environment","timeElapsed":207,"timestamp":"2026-09-17T02:43:45.852Z"}
{"level":"info","message":"⌛ Building environment","timeElapsed":116,"timestamp":"2026-09-17T02:43:45.977Z"}
{"level":"info","message":"⌛ Validating src/camion.wlk","timeElapsed":194,"timestamp":"2026-09-17T02:43:46.180Z"}
{"level":"info","message":"⌛ Validating src/camion.wlk","timeElapsed":168,"timestamp":"2026-09-17T02:43:46.349Z"}
{"level":"info","message":"⌛ Building environment","timeElapsed":164,"timestamp":"2026-09-17T02:43:46.520Z"}
{"level":"info","message":"⌛ Building environment","timeElapsed":141,"timestamp":"2026-09-17T02:43:46.662Z"}
{"level":"info","message":"⌛ Building environment","timeElapsed":120,"timestamp":"2026-09-17T02:43:46.797Z"}
{"level":"info","message":"⌛ Validating src/camion.wlk","timeElapsed":147,"timestamp":"2026-09-17T02:43:47.042Z"}
{"level":"info","message":"⌛ Validating src/camion.wlk","timeElapsed":137,"timestamp":"2026-09-17T02:43:47.179Z"}
{"level":"info","message":"⌛ Validating src/camion.wlk","timeElapsed":161,"timestamp":"2026-09-17T02:43:47.345Z"}
{"level":"info","message":"⌛ Building environment","timeElapsed":145,"timestamp":"2026-09-17T02:43:47.490Z"}
{"level":"info","message":"⌛ Validating src/camion.wlk","timeElapsed":167,"timestamp":"2026-09-17T02:43:47.659Z"}
{"level":"info","message":"⌛ Building environment","timeElapsed":236,"timestamp":"2026-09-17T02:43:48.235Z"}
{"level":"info","message":"⌛ Building environment","timeElapsed":139,"timestamp":"2026-09-17T02:43:48.375Z"}
{"level":"info","message":"⌛ Validating src/camion.wlk","timeElapsed":172,"timestamp":"2026-09-17T02:43:48.548Z"}
{"level":"info","message":"⌛ Validating src/camion.wlk","timeElapsed":187,"timestamp":"2026-09-17T02:43:48.737Z"}
{"level":"info","message":"⌛ Building environment","timeElapsed":245,"timestamp":"2026-09-17T02:43:49.264Z"}
{"level":"info","message":"⌛ Validating src/camion.wlk","timeElapsed":159,"timestamp":"2026-09-17T02:43:49.434Z"}
{"level":"info","message":"⌛ Building environment","timeElapsed":203,"timestamp":"2026-09-17T02:43:54.319Z"}
{"level":"info","message":"⌛ Building environment","timeElapsed":125,"timestamp":"2026-09-17T02:43:54.443Z"}
{"level":"info","message":"⌛ Validating src/camion.wlk","timeElapsed":182,"timestamp":"2026-09-17T02:43:54.673Z"}
{"level":"info","message":"⌛ Validating src/camion.wlk","timeElapsed":175,"timestamp":"2026-09-17T02:43:54.858Z"}
{"level":"info","message":"⌛ Building environment","timeElapsed":147,"timestamp":"2026-09-17T02:43:55.006Z"}
{"level":"info","message":"⌛ Building environment","timeElapsed":143,"timestamp":"2026-09-17T02:43:55.148Z"}
{"level":"info","message":"⌛ Building environment","timeElapsed":122,"timestamp":"2026-09-17T02:43:55.271Z"}
{"level":"info","message":"⌛ Validating src/camion.wlk","timeElapsed":149,"timestamp":"2026-09-17T02:43:55.421Z"}
{"level":"info","message":"⌛ Validating src/camion.wlk","timeElapsed":131,"timestamp":"2026-09-17T02:43:55.614Z"}
{"level":"info","message":"⌛ Validating src/camion.wlk","timeElapsed":136,"timestamp":"2026-09-17T02:43:55.753Z"}
{"level":"info","message":"⌛ Building environment","timeElapsed":220,"timestamp":"2026-09-17T02:43:56.341Z"}
{"level":"info","message":"⌛ Validating src/camion.wlk","timeElapsed":159,"timestamp":"2026-09-17T02:43:56.503Z"}
{"level":"info","message":"⌛ Building environment","timeElapsed":206,"timestamp":"2026-09-17T02:43:57.002Z"}
{"level":"info","message":"⌛ Validating src/camion.wlk","timeElapsed":235,"timestamp":"2026-09-17T02:43:57.287Z"}
{"level":"info","message":"⌛ Building environment","timeElapsed":126,"timestamp":"2026-09-17T02:43:57.421Z"}
{"level":"info","message":"⌛ Building environment","timeElapsed":151,"timestamp":"2026-09-17T02:43:57.676Z"}
{"level":"info","message":"⌛ Validating src/camion.wlk","timeElapsed":174,"timestamp":"2026-09-17T02:43:57.857Z"}
{"level":"info","message":"⌛ Building environment","timeElapsed":138,"timestamp":"2026-09-17T02:43:57.996Z"}
{"level":"info","message":"⌛ Building environment","timeElapsed":115,"timestamp":"2026-09-17T02:43:58.112Z"}
{"level":"info","message":"⌛ Validating src/camion.wlk","timeElapsed":164,"timestamp":"2026-09-17T02:43:58.277Z"}
{"level":"info","message":"⌛ Validating src/camion.wlk","timeElapsed":163,"timestamp":"2026-09-17T02:43:58.520Z"}
{"level":"info","message":"⌛ Validating src/camion.wlk","timeElapsed":184,"timestamp":"2026-09-17T02:43:58.709Z"}
{"level":"info","message":"⌛ Building environment","timeElapsed":136,"timestamp":"2026-09-17T02:43:58.845Z"}
{"level":"info","message":"⌛ Validating src/camion.wlk","timeElapsed":141,"timestamp":"2026-09-17T02:43:58.992Z"}
{"level":"info","message":"⌛ Building environment","timeElapsed":296,"timestamp":"2026-09-17T02:44:00.388Z"}
{"level":"info","message":"⌛ Validating src/camion.wlk","timeElapsed":156,"timestamp":"2026-09-17T02:44:00.559Z"}
{"level":"info","message":"⌛ Building environment","timeElapsed":196,"timestamp":"2026-09-17T02:44:01.655Z"}
{"level":"info","message":"⌛ Validating src/camion.wlk","timeElapsed":298,"timestamp":"2026-09-17T02:44:01.956Z"}
{"level":"info","message":"⌛ Building environment","timeElapsed":138,"timestamp":"2026-09-17T02:44:02.094Z"}
{"level":"info","message":"⌛ Validating src/camion.wlk","timeElapsed":284,"timestamp":"2026-09-17T02:44:02.389Z"}
{"level":"info","message":"⌛ Building environment","timeElapsed":203,"timestamp":"2026-09-17T02:44:05.084Z"}
{"level":"info","message":"⌛ Building environment","timeElapsed":172,"timestamp":"2026-09-17T02:44:05.298Z"}
{"level":"info","message":"⌛ Validating src/camion.wlk","timeElapsed":146,"timestamp":"2026-09-17T02:44:05.445Z"}
{"level":"info","message":"⌛ Building environment","timeElapsed":122,"timestamp":"2026-09-17T02:44:05.634Z"}
{"level":"info","message":"⌛ Validating src/camion.wlk","timeElapsed":169,"timestamp":"2026-09-17T02:44:05.813Z"}
{"level":"info","message":"⌛ Validating src/camion.wlk","timeElapsed":144,"timestamp":"2026-09-17T02:44:05.963Z"}
{"level":"info","message":"⌛ Building environment","timeElapsed":196,"timestamp":"2026-09-17T02:44:11.664Z"}
{"level":"info","message":"⌛ Validating src/camion.wlk","timeElapsed":156,"timestamp":"2026-09-17T02:44:11.824Z"}
{"level":"info","message":"⌛ Building environment","timeElapsed":176,"timestamp":"2026-09-17T02:44:14.919Z"}
{"level":"info","message":"⌛ Validating src/camion.wlk","timeElapsed":175,"timestamp":"2026-09-17T02:44:15.097Z"}
{"level":"error","message":"✘ Failed to get type description: Error: Failed to print, found malformed node Failed to print, found malformed node","node":{"id":"28470800-e150-443f-b1bc-08a80849cac0","metadata":[],"problems":[{"code":"malformedSentence","sourceMap":{"end":{"column":0,"line":63,"offset":1464},"start":{"column":11,"line":62,"offset":1425}}}],"scope":{"containerScope":{"containerScope":{"containerScope":{"containerScope":{"containerScope":{"contributions":{},"includedScopes":[]},"contributions":{},"includedScopes":[]},"contributions":{},"includedScopes":[{"contributions":{},"includedScopes":[]}]},"contributions":{},"includedScopes":[{"containerScope":{"containerScope":{"containerScope":{"contributions":{},"includedScopes":[]},"contributions":{},"includedScopes":[]},"contributions":{},"includedScopes":[]},"contributions":{},"includedScopes":[]}]},"contributions":{},"includedScopes":[]},"contributions":{},"includedScopes":[]},"sentences":[{"id":"0f505b5b-cfc2-4b64-a0f7-bb0e659203f4","metadata":[],"scope":{"containerScope":{"containerScope":{"containerScope":{"containerScope":{"containerScope":{"containerScope":{"contributions":{},"includedScopes":[]},"contributions":{},"includedScopes":[]},"contributions":{},"includedScopes":[{"contributions":{},"includedScopes":[]}]},"contributions":{},"includedScopes":[{"containerScope":{"containerScope":{"containerScope":{"contributions":{},"includedScopes":[]},"contributions":{},"includedScopes":[]},"contributions":{},"includedScopes":[]},"contributions":{},"includedScopes":[]}]},"contributions":{},"includedScopes":[]},"contributions":{},"includedScopes":[]},"contributions":{},"includedScopes":[]},"sourceMap":{"end":{"column":10,"line":62,"offset":1424},"start":{"column":4,"line":62,"offset":1418}}}],"sourceMap":{"end":{"column":3,"line":63,"offset":1467},"start":{"column":41,"line":61,"offset":1413}}},"stack":"Error: Failed to print, found malformed node\n    at /home/ramiro/.vscode/extensions/uqbar.wollok-lsp-ide-0.5.5/out/server/src/server.js:68:3585\n    at /home/ramiro/.vscode/extensions/uqbar.wollok-lsp-ide-0.5.5/out/server/src/server.js:68:5370\n    at /home/ramiro/.vscode/extensions/uqbar.wollok-lsp-ide-0.5.5/out/server/src/server.js:38:6131\n    at /home/ramiro/.vscode/extensions/uqbar.wollok-lsp-ide-0.5.5/out/server/src/server.js:68:3664\n    at Ybn (/home/ramiro/.vscode/extensions/uqbar.wollok-lsp-ide-0.5.5/out/server/src/server.js:68:3396)\n    at /home/ramiro/.vscode/extensions/uqbar.wollok-lsp-ide-0.5.5/out/server/src/server.js:2430:847\n    at /home/ramiro/.vscode/extensions/uqbar.wollok-lsp-ide-0.5.5/out/server/src/server.js:2430:8440\n    at /home/ramiro/.vscode/extensions/uqbar.wollok-lsp-ide-0.5.5/out/server/src/server.js:37:74770\n    at Ke (/home/ramiro/.vscode/extensions/uqbar.wollok-lsp-ide-0.5.5/out/server/src/server.js:7:8527)\n    at It (/home/ramiro/.vscode/extensions/uqbar.wollok-lsp-ide-0.5.5/out/server/src/server.js:7:6189)","timestamp":"2026-09-17T02:45:38.037Z"}
{"level":"error","message":"✘ Failed to get type description: Error: Failed to print, found malformed node Failed to print, found malformed node","node":{"id":"28470800-e150-443f-b1bc-08a80849cac0","metadata":[],"problems":[{"code":"malformedSentence","sourceMap":{"end":{"column":0,"line":63,"offset":1464},"start":{"column":11,"line":62,"offset":1425}}}],"scope":{"containerScope":{"containerScope":{"containerScope":{"containerScope":{"containerScope":{"contributions":{},"includedScopes":[]},"contributions":{},"includedScopes":[]},"contributions":{},"includedScopes":[{"contributions":{},"includedScopes":[]}]},"contributions":{},"includedScopes":[{"containerScope":{"containerScope":{"containerScope":{"contributions":{},"includedScopes":[]},"contributions":{},"includedScopes":[]},"contributions":{},"includedScopes":[]},"contributions":{},"includedScopes":[]}]},"contributions":{},"includedScopes":[]},"contributions":{},"includedScopes":[]},"sentences":[{"id":"0f505b5b-cfc2-4b64-a0f7-bb0e659203f4","metadata":[],"scope":{"containerScope":{"containerScope":{"containerScope":{"containerScope":{"containerScope":{"containerScope":{"contributions":{},"includedScopes":[]},"contributions":{},"includedScopes":[]},"contributions":{},"includedScopes":[{"contributions":{},"includedScopes":[]}]},"contributions":{},"includedScopes":[{"containerScope":{"containerScope":{"containerScope":{"contributions":{},"includedScopes":[]},"contributions":{},"includedScopes":[]},"contributions":{},"includedScopes":[]},"contributions":{},"includedScopes":[]}]},"contributions":{},"includedScopes":[]},"contributions":{},"includedScopes":[]},"contributions":{},"includedScopes":[]},"sourceMap":{"end":{"column":10,"line":62,"offset":1424},"start":{"column":4,"line":62,"offset":1418}}}],"sourceMap":{"end":{"column":3,"line":63,"offset":1467},"start":{"column":41,"line":61,"offset":1413}}},"stack":"Error: Failed to print, found malformed node\n    at /home/ramiro/.vscode/extensions/uqbar.wollok-lsp-ide-0.5.5/out/server/src/server.js:68:3585\n    at /home/ramiro/.vscode/extensions/uqbar.wollok-lsp-ide-0.5.5/out/server/src/server.js:68:5370\n    at /home/ramiro/.vscode/extensions/uqbar.wollok-lsp-ide-0.5.5/out/server/src/server.js:38:6131\n    at /home/ramiro/.vscode/extensions/uqbar.wollok-lsp-ide-0.5.5/out/server/src/server.js:68:3664\n    at Ybn (/home/ramiro/.vscode/extensions/uqbar.wollok-lsp-ide-0.5.5/out/server/src/server.js:68:3396)\n    at /home/ramiro/.vscode/extensions/uqbar.wollok-lsp-ide-0.5.5/out/server/src/server.js:2430:847\n    at /home/ramiro/.vscode/extensions/uqbar.wollok-lsp-ide-0.5.5/out/server/src/server.js:2430:8440\n    at /home/ramiro/.vscode/extensions/uqbar.wollok-lsp-ide-0.5.5/out/server/src/server.js:37:74770\n    at Ke (/home/ramiro/.vscode/extensions/uqbar.wollok-lsp-ide-0.5.5/out/server/src/server.js:7:8527)\n    at It (/home/ramiro/.vscode/extensions/uqbar.wollok-lsp-ide-0.5.5/out/server/src/server.js:7:6189)","timestamp":"2026-09-17T02:45:39.087Z"}
{"level":"error","message":"✘ Failed to get type description: Error: Failed to print, found malformed node Failed to print, found malformed node","node":{"id":"28470800-e150-443f-b1bc-08a80849cac0","metadata":[],"problems":[{"code":"malformedSentence","sourceMap":{"end":{"column":0,"line":63,"offset":1464},"start":{"column":11,"line":62,"offset":1425}}}],"scope":{"containerScope":{"containerScope":{"containerScope":{"containerScope":{"containerScope":{"contributions":{},"includedScopes":[]},"contributions":{},"includedScopes":[]},"contributions":{},"includedScopes":[{"contributions":{},"includedScopes":[]}]},"contributions":{},"includedScopes":[{"containerScope":{"containerScope":{"containerScope":{"contributions":{},"includedScopes":[]},"contributions":{},"includedScopes":[]},"contributions":{},"includedScopes":[]},"contributions":{},"includedScopes":[]}]},"contributions":{},"includedScopes":[]},"contributions":{},"includedScopes":[]},"sentences":[{"id":"0f505b5b-cfc2-4b64-a0f7-bb0e659203f4","metadata":[],"scope":{"containerScope":{"containerScope":{"containerScope":{"containerScope":{"containerScope":{"containerScope":{"contributions":{},"includedScopes":[]},"contributions":{},"includedScopes":[]},"contributions":{},"includedScopes":[{"contributions":{},"includedScopes":[]}]},"contributions":{},"includedScopes":[{"containerScope":{"containerScope":{"containerScope":{"contributions":{},"includedScopes":[]},"contributions":{},"includedScopes":[]},"contributions":{},"includedScopes":[]},"contributions":{},"includedScopes":[]}]},"contributions":{},"includedScopes":[]},"contributions":{},"includedScopes":[]},"contributions":{},"includedScopes":[]},"sourceMap":{"end":{"column":10,"line":62,"offset":1424},"start":{"column":4,"line":62,"offset":1418}}}],"sourceMap":{"end":{"column":3,"line":63,"offset":1467},"start":{"column":41,"line":61,"offset":1413}}},"stack":"Error: Failed to print, found malformed node\n    at /home/ramiro/.vscode/extensions/uqbar.wollok-lsp-ide-0.5.5/out/server/src/server.js:68:3585\n    at /home/ramiro/.vscode/extensions/uqbar.wollok-lsp-ide-0.5.5/out/server/src/server.js:68:5370\n    at /home/ramiro/.vscode/extensions/uqbar.wollok-lsp-ide-0.5.5/out/server/src/server.js:38:6131\n    at /home/ramiro/.vscode/extensions/uqbar.wollok-lsp-ide-0.5.5/out/server/src/server.js:68:3664\n    at Ybn (/home/ramiro/.vscode/extensions/uqbar.wollok-lsp-ide-0.5.5/out/server/src/server.js:68:3396)\n    at /home/ramiro/.vscode/extensions/uqbar.wollok-lsp-ide-0.5.5/out/server/src/server.js:2430:847\n    at /home/ramiro/.vscode/extensions/uqbar.wollok-lsp-ide-0.5.5/out/server/src/server.js:2430:8440\n    at /home/ramiro/.vscode/extensions/uqbar.wollok-lsp-ide-0.5.5/out/server/src/server.js:37:74770\n    at Ke (/home/ramiro/.vscode/extensions/uqbar.wollok-lsp-ide-0.5.5/out/server/src/server.js:7:8527)\n    at It (/home/ramiro/.vscode/extensions/uqbar.wollok-lsp-ide-0.5.5/out/server/src/server.js:7:6189)","timestamp":"2026-09-17T02:45:40.263Z"}
{"level":"info","message":"⌛ Building environment","timeElapsed":221,"timestamp":"2026-09-17T02:45:44.357Z"}
{"level":"info","message":"⌛ Validating src/camion.wlk","timeElapsed":167,"timestamp":"2026-09-17T02:45:44.528Z"}
{"level":"info","message":"⌛ Building environment","timeElapsed":207,"timestamp":"2026-09-17T02:45:56.983Z"}
{"level":"info","message":"⌛ Validating src/camion.wlk","timeElapsed":163,"timestamp":"2026-09-17T02:45:57.153Z"}
{"level":"info","message":"⌛ Building environment","timeElapsed":213,"timestamp":"2026-09-17T02:46:01.372Z"}
{"level":"info","message":"⌛ Building environment","timeElapsed":153,"timestamp":"2026-09-17T02:46:01.528Z"}
{"level":"info","message":"⌛ Validating src/camion.wlk","timeElapsed":376,"timestamp":"2026-09-17T02:46:01.906Z"}
{"level":"info","message":"⌛ Validating src/camion.wlk","timeElapsed":130,"timestamp":"2026-09-17T02:46:02.036Z"}
{"level":"info","message":"⌛ Building environment","timeElapsed":220,"timestamp":"2026-09-17T02:46:03.176Z"}
{"level":"info","message":"⌛ Validating src/camion.wlk","timeElapsed":157,"timestamp":"2026-09-17T02:46:03.337Z"}
{"level":"info","message":"⌛ Building environment","timeElapsed":190,"timestamp":"2026-09-17T02:46:04.676Z"}
{"level":"error","message":"✘ Completions for node Send ([62:34, 62:54] - src/camion.wlk) failed: Error: [Send]{28c957} at src/camion.wlk:62 exhausted all cases without a match [Send]{28c957} at src/camion.wlk:62 exhausted all cases without a match","stack":"Error: [Send]{28c957} at src/camion.wlk:62 exhausted all cases without a match\n    at /home/ramiro/.vscode/extensions/uqbar.wollok-lsp-ide-0.5.5/out/server/src/server.js:38:6142\n    at L2 (/home/ramiro/.vscode/extensions/uqbar.wollok-lsp-ide-0.5.5/out/server/src/server.js:2421:42)\n    at Jh (/home/ramiro/.vscode/extensions/uqbar.wollok-lsp-ide-0.5.5/out/server/src/server.js:2421:1092)\n    at w5n (/home/ramiro/.vscode/extensions/uqbar.wollok-lsp-ide-0.5.5/out/server/src/server.js:2421:1248)\n    at /home/ramiro/.vscode/extensions/uqbar.wollok-lsp-ide-0.5.5/out/server/src/server.js:38:6131\n    at L2 (/home/ramiro/.vscode/extensions/uqbar.wollok-lsp-ide-0.5.5/out/server/src/server.js:2421:42)\n    at /home/ramiro/.vscode/extensions/uqbar.wollok-lsp-ide-0.5.5/out/server/src/server.js:2421:2988\n    at /home/ramiro/.vscode/extensions/uqbar.wollok-lsp-ide-0.5.5/out/server/src/server.js:2430:8440\n    at /home/ramiro/.vscode/extensions/uqbar.wollok-lsp-ide-0.5.5/out/server/src/server.js:37:74872\n    at Ke (/home/ramiro/.vscode/extensions/uqbar.wollok-lsp-ide-0.5.5/out/server/src/server.js:7:8527)","timestamp":"2026-09-17T02:46:04.736Z"}
{"level":"error","message":"✘ Completions for node Return (undefined - src/camion.wlk) failed: Error: [Return]{821dc3} at src/camion.wlk:-- exhausted all cases without a match [Return]{821dc3} at src/camion.wlk:-- exhausted all cases without a match","stack":"Error: [Return]{821dc3} at src/camion.wlk:-- exhausted all cases without a match\n    at /home/ramiro/.vscode/extensions/uqbar.wollok-lsp-ide-0.5.5/out/server/src/server.js:38:6142\n    at L2 (/home/ramiro/.vscode/extensions/uqbar.wollok-lsp-ide-0.5.5/out/server/src/server.js:2421:42)\n    at Jh (/home/ramiro/.vscode/extensions/uqbar.wollok-lsp-ide-0.5.5/out/server/src/server.js:2421:1092)\n    at L2 (/home/ramiro/.vscode/extensions/uqbar.wollok-lsp-ide-0.5.5/out/server/src/server.js:2421:544)\n    at Jh (/home/ramiro/.vscode/extensions/uqbar.wollok-lsp-ide-0.5.5/out/server/src/server.js:2421:1092)\n    at w5n (/home/ramiro/.vscode/extensions/uqbar.wollok-lsp-ide-0.5.5/out/server/src/server.js:2421:1248)\n    at /home/ramiro/.vscode/extensions/uqbar.wollok-lsp-ide-0.5.5/out/server/src/server.js:38:6131\n    at L2 (/home/ramiro/.vscode/extensions/uqbar.wollok-lsp-ide-0.5.5/out/server/src/server.js:2421:42)\n    at /home/ramiro/.vscode/extensions/uqbar.wollok-lsp-ide-0.5.5/out/server/src/server.js:2421:2988\n    at /home/ramiro/.vscode/extensions/uqbar.wollok-lsp-ide-0.5.5/out/server/src/server.js:2430:8440","timestamp":"2026-09-17T02:46:04.737Z"}
{"level":"info","message":"⌛ Validating src/camion.wlk","timeElapsed":164,"timestamp":"2026-09-17T02:46:04.907Z"}
{"level":"info","message":"⌛ Building environment","timeElapsed":206,"timestamp":"2026-09-17T02:46:05.280Z"}
{"level":"info","message":"⌛ Validating src/camion.wlk","timeElapsed":204,"timestamp":"2026-09-17T02:46:05.499Z"}
{"level":"info","message":"⌛ Building environment","timeElapsed":302,"timestamp":"2026-09-17T02:46:06.019Z"}
{"level":"error","message":"✘ Completions for node Send ([62:34, 62:54] - src/camion.wlk) failed: Error: [Send]{9a6c40} at src/camion.wlk:62 exhausted all cases without a match [Send]{9a6c40} at src/camion.wlk:62 exhausted all cases without a match","stack":"Error: [Send]{9a6c40} at src/camion.wlk:62 exhausted all cases without a match\n    at /home/ramiro/.vscode/extensions/uqbar.wollok-lsp-ide-0.5.5/out/server/src/server.js:38:6142\n    at L2 (/home/ramiro/.vscode/extensions/uqbar.wollok-lsp-ide-0.5.5/out/server/src/server.js:2421:42)\n    at Jh (/home/ramiro/.vscode/extensions/uqbar.wollok-lsp-ide-0.5.5/out/server/src/server.js:2421:1092)\n    at w5n (/home/ramiro/.vscode/extensions/uqbar.wollok-lsp-ide-0.5.5/out/server/src/server.js:2421:1248)\n    at /home/ramiro/.vscode/extensions/uqbar.wollok-lsp-ide-0.5.5/out/server/src/server.js:38:6131\n    at L2 (/home/ramiro/.vscode/extensions/uqbar.wollok-lsp-ide-0.5.5/out/server/src/server.js:2421:42)\n    at /home/ramiro/.vscode/extensions/uqbar.wollok-lsp-ide-0.5.5/out/server/src/server.js:2421:2988\n    at /home/ramiro/.vscode/extensions/uqbar.wollok-lsp-ide-0.5.5/out/server/src/server.js:2430:8440\n    at /home/ramiro/.vscode/extensions/uqbar.wollok-lsp-ide-0.5.5/out/server/src/server.js:37:74872\n    at Ke (/home/ramiro/.vscode/extensions/uqbar.wollok-lsp-ide-0.5.5/out/server/src/server.js:7:8527)","timestamp":"2026-09-17T02:46:06.072Z"}
{"level":"error","message":"✘ Completions for node Return (undefined - src/camion.wlk) failed: Error: [Return]{fb0e46} at src/camion.wlk:-- exhausted all cases without a match [Return]{fb0e46} at src/camion.wlk:-- exhausted all cases without a match","stack":"Error: [Return]{fb0e46} at src/camion.wlk:-- exhausted all cases without a match\n    at /home/ramiro/.vscode/extensions/uqbar.wollok-lsp-ide-0.5.5/out/server/src/server.js:38:6142\n    at L2 (/home/ramiro/.vscode/extensions/uqbar.wollok-lsp-ide-0.5.5/out/server/src/server.js:2421:42)\n    at Jh (/home/ramiro/.vscode/extensions/uqbar.wollok-lsp-ide-0.5.5/out/server/src/server.js:2421:1092)\n    at L2 (/home/ramiro/.vscode/extensions/uqbar.wollok-lsp-ide-0.5.5/out/server/src/server.js:2421:544)\n    at Jh (/home/ramiro/.vscode/extensions/uqbar.wollok-lsp-ide-0.5.5/out/server/src/server.js:2421:1092)\n    at w5n (/home/ramiro/.vscode/extensions/uqbar.wollok-lsp-ide-0.5.5/out/server/src/server.js:2421:1248)\n    at /home/ramiro/.vscode/extensions/uqbar.wollok-lsp-ide-0.5.5/out/server/src/server.js:38:6131\n    at L2 (/home/ramiro/.vscode/extensions/uqbar.wollok-lsp-ide-0.5.5/out/server/src/server.js:2421:42)\n    at /home/ramiro/.vscode/extensions/uqbar.wollok-lsp-ide-0.5.5/out/server/src/server.js:2421:2988\n    at /home/ramiro/.vscode/extensions/uqbar.wollok-lsp-ide-0.5.5/out/server/src/server.js:2430:8440","timestamp":"2026-09-17T02:46:06.072Z"}
{"level":"info","message":"⌛ Building environment","timeElapsed":150,"timestamp":"2026-09-17T02:46:06.230Z"}
{"level":"info","message":"⌛ Validating src/camion.wlk","timeElapsed":189,"timestamp":"2026-09-17T02:46:06.419Z"}
{"level":"info","message":"⌛ Validating src/camion.wlk","timeElapsed":164,"timestamp":"2026-09-17T02:46:06.598Z"}
{"level":"info","message":"⌛ Building environment","timeElapsed":142,"timestamp":"2026-09-17T02:46:06.741Z"}
{"level":"info","message":"⌛ Building environment","timeElapsed":133,"timestamp":"2026-09-17T02:46:06.956Z"}
{"level":"info","message":"⌛ Validating src/camion.wlk","timeElapsed":154,"timestamp":"2026-09-17T02:46:07.126Z"}
{"level":"info","message":"⌛ Validating src/camion.wlk","timeElapsed":146,"timestamp":"2026-09-17T02:46:07.278Z"}
{"level":"info","message":"⌛ Building environment","timeElapsed":272,"timestamp":"2026-09-17T02:46:08.007Z"}
{"level":"info","message":"⌛ Validating src/camion.wlk","timeElapsed":176,"timestamp":"2026-09-17T02:46:08.244Z"}
{"level":"info","message":"⌛ Building environment","timeElapsed":241,"timestamp":"2026-09-17T02:46:09.966Z"}
{"level":"info","message":"⌛ Building environment","timeElapsed":222,"timestamp":"2026-09-17T02:46:10.197Z"}
{"level":"info","message":"⌛ Validating src/camion.wlk","timeElapsed":188,"timestamp":"2026-09-17T02:46:10.386Z"}
{"level":"info","message":"⌛ Validating src/camion.wlk","timeElapsed":182,"timestamp":"2026-09-17T02:46:10.585Z"}
{"level":"info","message":"⌛ Building environment","timeElapsed":134,"timestamp":"2026-09-17T02:46:10.720Z"}
{"level":"info","message":"⌛ Building environment","timeElapsed":140,"timestamp":"2026-09-17T02:46:10.871Z"}
{"level":"info","message":"⌛ Validating src/camion.wlk","timeElapsed":189,"timestamp":"2026-09-17T02:46:11.060Z"}
{"level":"info","message":"⌛ Building environment","timeElapsed":213,"timestamp":"2026-09-17T02:46:11.274Z"}
{"level":"info","message":"⌛ Validating src/camion.wlk","timeElapsed":180,"timestamp":"2026-09-17T02:46:11.455Z"}
{"level":"info","message":"⌛ Building environment","timeElapsed":129,"timestamp":"2026-09-17T02:46:11.586Z"}
{"level":"info","message":"⌛ Validating src/camion.wlk","timeElapsed":170,"timestamp":"2026-09-17T02:46:11.770Z"}
{"level":"info","message":"⌛ Validating src/camion.wlk","timeElapsed":170,"timestamp":"2026-09-17T02:46:11.946Z"}
{"level":"info","message":"⌛ Building environment","timeElapsed":226,"timestamp":"2026-09-17T02:46:15.049Z"}
{"level":"info","message":"⌛ Validating src/camion.wlk","timeElapsed":169,"timestamp":"2026-09-17T02:46:15.223Z"}
{"level":"info","message":"⌛ Building environment","timeElapsed":191,"timestamp":"2026-09-17T02:46:16.655Z"}
{"level":"info","message":"⌛ Validating src/camion.wlk","timeElapsed":211,"timestamp":"2026-09-17T02:46:16.871Z"}
{"level":"info","message":"⌛ Building environment","timeElapsed":204,"timestamp":"2026-09-17T02:46:17.898Z"}
{"level":"info","message":"⌛ Validating src/camion.wlk","timeElapsed":161,"timestamp":"2026-09-17T02:46:18.073Z"}
{"level":"info","message":"⌛ Building environment","timeElapsed":232,"timestamp":"2026-09-17T02:46:19.220Z"}
{"level":"info","message":"⌛ Validating src/camion.wlk","timeElapsed":158,"timestamp":"2026-09-17T02:46:19.381Z"}
{"level":"info","message":"⌛ Building environment","timeElapsed":212,"timestamp":"2026-09-17T02:46:21.158Z"}
{"level":"error","message":"✘ Completions for node Send ([62:53, 62:66] - src/camion.wlk) failed: Error: [Send]{8319cf} at src/camion.wlk:62 exhausted all cases without a match [Send]{8319cf} at src/camion.wlk:62 exhausted all cases without a match","stack":"Error: [Send]{8319cf} at src/camion.wlk:62 exhausted all cases without a match\n    at /home/ramiro/.vscode/extensions/uqbar.wollok-lsp-ide-0.5.5/out/server/src/server.js:38:6142\n    at L2 (/home/ramiro/.vscode/extensions/uqbar.wollok-lsp-ide-0.5.5/out/server/src/server.js:2421:42)\n    at Jh (/home/ramiro/.vscode/extensions/uqbar.wollok-lsp-ide-0.5.5/out/server/src/server.js:2421:1092)\n    at w5n (/home/ramiro/.vscode/extensions/uqbar.wollok-lsp-ide-0.5.5/out/server/src/server.js:2421:1248)\n    at /home/ramiro/.vscode/extensions/uqbar.wollok-lsp-ide-0.5.5/out/server/src/server.js:38:6131\n    at L2 (/home/ramiro/.vscode/extensions/uqbar.wollok-lsp-ide-0.5.5/out/server/src/server.js:2421:42)\n    at /home/ramiro/.vscode/extensions/uqbar.wollok-lsp-ide-0.5.5/out/server/src/server.js:2421:2988\n    at /home/ramiro/.vscode/extensions/uqbar.wollok-lsp-ide-0.5.5/out/server/src/server.js:2430:8440\n    at /home/ramiro/.vscode/extensions/uqbar.wollok-lsp-ide-0.5.5/out/server/src/server.js:37:74872\n    at Ke (/home/ramiro/.vscode/extensions/uqbar.wollok-lsp-ide-0.5.5/out/server/src/server.js:7:8527)","timestamp":"2026-09-17T02:46:21.195Z"}
{"level":"error","message":"✘ Completions for node Send ([62:34, 62:66] - src/camion.wlk) failed: Error: [Send]{664d33} at src/camion.wlk:62 exhausted all cases without a match [Send]{664d33} at src/camion.wlk:62 exhausted all cases without a match","stack":"Error: [Send]{664d33} at src/camion.wlk:62 exhausted all cases without a match\n    at /home/ramiro/.vscode/extensions/uqbar.wollok-lsp-ide-0.5.5/out/server/src/server.js:38:6142\n    at L2 (/home/ramiro/.vscode/extensions/uqbar.wollok-lsp-ide-0.5.5/out/server/src/server.js:2421:42)\n    at Jh (/home/ramiro/.vscode/extensions/uqbar.wollok-lsp-ide-0.5.5/out/server/src/server.js:2421:1092)\n    at L2 (/home/ramiro/.vscode/extensions/uqbar.wollok-lsp-ide-0.5.5/out/server/src/server.js:2421:544)\n    at Jh (/home/ramiro/.vscode/extensions/uqbar.wollok-lsp-ide-0.5.5/out/server/src/server.js:2421:1092)\n    at w5n (/home/ramiro/.vscode/extensions/uqbar.wollok-lsp-ide-0.5.5/out/server/src/server.js:2421:1248)\n    at /home/ramiro/.vscode/extensions/uqbar.wollok-lsp-ide-0.5.5/out/server/src/server.js:38:6131\n    at L2 (/home/ramiro/.vscode/extensions/uqbar.wollok-lsp-ide-0.5.5/out/server/src/server.js:2421:42)\n    at /home/ramiro/.vscode/extensions/uqbar.wollok-lsp-ide-0.5.5/out/server/src/server.js:2421:2988\n    at /home/ramiro/.vscode/extensions/uqbar.wollok-lsp-ide-0.5.5/out/server/src/server.js:2430:8440","timestamp":"2026-09-17T02:46:21.195Z"}
{"level":"error","message":"✘ Completions for node Return (undefined - src/camion.wlk) failed: Error: [Return]{fbc09e} at src/camion.wlk:-- exhausted all cases without a match [Return]{fbc09e} at src/camion.wlk:-- exhausted all cases without a match","stack":"Error: [Return]{fbc09e} at src/camion.wlk:-- exhausted all cases without a match\n    at /home/ramiro/.vscode/extensions/uqbar.wollok-lsp-ide-0.5.5/out/server/src/server.js:38:6142\n    at L2 (/home/ramiro/.vscode/extensions/uqbar.wollok-lsp-ide-0.5.5/out/server/src/server.js:2421:42)\n    at Jh (/home/ramiro/.vscode/extensions/uqbar.wollok-lsp-ide-0.5.5/out/server/src/server.js:2421:1092)\n    at L2 (/home/ramiro/.vscode/extensions/uqbar.wollok-lsp-ide-0.5.5/out/server/src/server.js:2421:544)\n    at Jh (/home/ramiro/.vscode/extensions/uqbar.wollok-lsp-ide-0.5.5/out/server/src/server.js:2421:1092)\n    at L2 (/home/ramiro/.vscode/extensions/uqbar.wollok-lsp-ide-0.5.5/out/server/src/server.js:2421:544)\n    at Jh (/home/ramiro/.vscode/extensions/uqbar.wollok-lsp-ide-0.5.5/out/server/src/server.js:2421:1092)\n    at w5n (/home/ramiro/.vscode/extensions/uqbar.wollok-lsp-ide-0.5.5/out/server/src/server.js:2421:1248)\n    at /home/ramiro/.vscode/extensions/uqbar.wollok-lsp-ide-0.5.5/out/server/src/server.js:38:6131\n    at L2 (/home/ramiro/.vscode/extensions/uqbar.wollok-lsp-ide-0.5.5/out/server/src/server.js:2421:42)","timestamp":"2026-09-17T02:46:21.195Z"}
{"level":"info","message":"⌛ Building environment","timeElapsed":170,"timestamp":"2026-09-17T02:46:21.371Z"}
{"level":"info","message":"⌛ Validating src/camion.wlk","timeElapsed":160,"timestamp":"2026-09-17T02:46:21.534Z"}
{"level":"info","message":"⌛ Building environment","timeElapsed":143,"timestamp":"2026-09-17T02:46:21.756Z"}
{"level":"info","message":"⌛ Validating src/camion.wlk","timeElapsed":157,"timestamp":"2026-09-17T02:46:21.921Z"}
{"level":"info","message":"⌛ Validating src/camion.wlk","timeElapsed":141,"timestamp":"2026-09-17T02:46:22.076Z"}
{"level":"info","message":"⌛ Building environment","timeElapsed":361,"timestamp":"2026-09-17T02:46:32.578Z"}
{"level":"info","message":"⌛ Building environment","timeElapsed":224,"timestamp":"2026-09-17T02:46:32.801Z"}
{"level":"info","message":"⌛ Building environment","timeElapsed":144,"timestamp":"2026-09-17T02:46:32.946Z"}
{"level":"info","message":"⌛ Validating src/camion.wlk","timeElapsed":158,"timestamp":"2026-09-17T02:46:33.103Z"}
{"level":"info","message":"⌛ Building environment","timeElapsed":127,"timestamp":"2026-09-17T02:46:33.302Z"}
{"level":"info","message":"⌛ Validating src/camion.wlk","timeElapsed":145,"timestamp":"2026-09-17T02:46:33.455Z"}
{"level":"info","message":"⌛ Validating src/camion.wlk","timeElapsed":136,"timestamp":"2026-09-17T02:46:33.603Z"}
{"level":"info","message":"⌛ Validating src/camion.wlk","timeElapsed":140,"timestamp":"2026-09-17T02:46:33.749Z"}
{"level":"info","message":"⌛ Building environment","timeElapsed":190,"timestamp":"2026-09-17T02:46:40.046Z"}
{"level":"info","message":"⌛ Validating src/camion.wlk","timeElapsed":146,"timestamp":"2026-09-17T02:46:40.195Z"}
{"level":"info","message":"⌛ Building environment","timeElapsed":220,"timestamp":"2026-09-17T02:49:54.910Z"}
{"level":"info","message":"⌛ Building environment","timeElapsed":131,"timestamp":"2026-09-17T02:49:55.075Z"}
{"level":"info","message":"⌛ Validating src/camion.wlk","timeElapsed":193,"timestamp":"2026-09-17T02:49:55.269Z"}
{"level":"info","message":"⌛ Validating src/camion.wlk","timeElapsed":134,"timestamp":"2026-09-17T02:49:55.405Z"}
{"level":"info","message":"⌛ Building environment","timeElapsed":234,"timestamp":"2026-09-17T02:49:55.983Z"}
{"level":"info","message":"⌛ Validating src/camion.wlk","timeElapsed":142,"timestamp":"2026-09-17T02:49:56.218Z"}
{"level":"info","message":"⌛ Building environment","timeElapsed":346,"timestamp":"2026-09-17T02:49:57.584Z"}
{"level":"info","message":"⌛ Building environment","timeElapsed":160,"timestamp":"2026-09-17T02:49:57.795Z"}
{"level":"info","message":"⌛ Validating src/camion.wlk","timeElapsed":175,"timestamp":"2026-09-17T02:49:57.997Z"}
{"level":"info","message":"⌛ Building environment","timeElapsed":116,"timestamp":"2026-09-17T02:49:58.114Z"}
{"level":"info","message":"⌛ Building environment","timeElapsed":180,"timestamp":"2026-09-17T02:49:58.295Z"}
{"level":"info","message":"⌛ Validating src/camion.wlk","timeElapsed":399,"timestamp":"2026-09-17T02:49:58.695Z"}
{"level":"info","message":"⌛ Validating src/camion.wlk","timeElapsed":155,"timestamp":"2026-09-17T02:49:58.860Z"}
{"level":"info","message":"⌛ Building environment","timeElapsed":147,"timestamp":"2026-09-17T02:49:59.008Z"}
{"level":"info","message":"⌛ Validating src/camion.wlk","timeElapsed":151,"timestamp":"2026-09-17T02:49:59.202Z"}
{"level":"info","message":"⌛ Building environment","timeElapsed":122,"timestamp":"2026-09-17T02:49:59.324Z"}
{"level":"info","message":"⌛ Building environment","timeElapsed":123,"timestamp":"2026-09-17T02:49:59.448Z"}
{"level":"info","message":"⌛ Building environment","timeElapsed":147,"timestamp":"2026-09-17T02:49:59.595Z"}
{"level":"info","message":"⌛ Validating src/camion.wlk","timeElapsed":145,"timestamp":"2026-09-17T02:49:59.850Z"}
{"level":"info","message":"⌛ Building environment","timeElapsed":168,"timestamp":"2026-09-17T02:50:00.017Z"}
{"level":"info","message":"⌛ Validating src/camion.wlk","timeElapsed":158,"timestamp":"2026-09-17T02:50:00.176Z"}
{"level":"info","message":"⌛ Validating src/camion.wlk","timeElapsed":133,"timestamp":"2026-09-17T02:50:00.319Z"}
{"level":"info","message":"⌛ Validating src/camion.wlk","timeElapsed":124,"timestamp":"2026-09-17T02:50:00.442Z"}
{"level":"info","message":"⌛ Building environment","timeElapsed":121,"timestamp":"2026-09-17T02:50:00.564Z"}
{"level":"info","message":"⌛ Validating src/camion.wlk","timeElapsed":175,"timestamp":"2026-09-17T02:50:00.780Z"}
{"level":"info","message":"⌛ Building environment","timeElapsed":184,"timestamp":"2026-09-17T02:50:00.966Z"}
{"level":"info","message":"⌛ Validating src/camion.wlk","timeElapsed":146,"timestamp":"2026-09-17T02:50:01.160Z"}
{"level":"info","message":"⌛ Building environment","timeElapsed":139,"timestamp":"2026-09-17T02:50:01.305Z"}
{"level":"info","message":"⌛ Validating src/camion.wlk","timeElapsed":159,"timestamp":"2026-09-17T02:50:01.473Z"}
{"level":"info","message":"⌛ Building environment","timeElapsed":135,"timestamp":"2026-09-17T02:50:01.609Z"}
{"level":"info","message":"⌛ Building environment","timeElapsed":179,"timestamp":"2026-09-17T02:50:01.800Z"}
{"level":"info","message":"⌛ Autocomplete - Method","timeElapsed":145,"timestamp":"2026-09-17T02:50:01.957Z"}
{"level":"info","message":"⌛ Validating src/camion.wlk","timeElapsed":144,"timestamp":"2026-09-17T02:50:02.101Z"}
{"level":"info","message":"⌛ Building environment","timeElapsed":132,"timestamp":"2026-09-17T02:50:02.234Z"}
{"level":"info","message":"⌛ Building environment","timeElapsed":116,"timestamp":"2026-09-17T02:50:02.351Z"}
{"level":"info","message":"⌛ Validating src/camion.wlk","timeElapsed":145,"timestamp":"2026-09-17T02:50:02.495Z"}
{"level":"info","message":"⌛ Validating src/camion.wlk","timeElapsed":144,"timestamp":"2026-09-17T02:50:02.740Z"}
{"level":"info","message":"⌛ Validating src/camion.wlk","timeElapsed":150,"timestamp":"2026-09-17T02:50:02.969Z"}
{"level":"info","message":"⌛ Validating src/camion.wlk","timeElapsed":123,"timestamp":"2026-09-17T02:50:03.092Z"}
{"level":"info","message":"⌛ Validating src/camion.wlk","timeElapsed":134,"timestamp":"2026-09-17T02:50:03.226Z"}
{"level":"info","message":"⌛ Building environment","timeElapsed":332,"timestamp":"2026-09-17T02:50:04.429Z"}
{"level":"info","message":"⌛ Building environment","timeElapsed":149,"timestamp":"2026-09-17T02:50:04.579Z"}
{"level":"info","message":"⌛ Building environment","timeElapsed":132,"timestamp":"2026-09-17T02:50:04.763Z"}
{"level":"info","message":"⌛ Validating src/camion.wlk","timeElapsed":183,"timestamp":"2026-09-17T02:50:04.947Z"}
{"level":"info","message":"⌛ Validating src/camion.wlk","timeElapsed":241,"timestamp":"2026-09-17T02:50:05.189Z"}
{"level":"info","message":"⌛ Building environment","timeElapsed":137,"timestamp":"2026-09-17T02:50:05.326Z"}
{"level":"info","message":"⌛ Building environment","timeElapsed":116,"timestamp":"2026-09-17T02:50:05.442Z"}
{"level":"info","message":"⌛ Validating src/camion.wlk","timeElapsed":164,"timestamp":"2026-09-17T02:50:05.607Z"}
{"level":"info","message":"⌛ Building environment","timeElapsed":129,"timestamp":"2026-09-17T02:50:05.780Z"}
{"level":"info","message":"⌛ Validating src/camion.wlk","timeElapsed":147,"timestamp":"2026-09-17T02:50:05.942Z"}
{"level":"info","message":"⌛ Validating src/camion.wlk","timeElapsed":180,"timestamp":"2026-09-17T02:50:06.138Z"}
{"level":"info","message":"⌛ Building environment","timeElapsed":135,"timestamp":"2026-09-17T02:50:06.274Z"}
{"level":"info","message":"⌛ Validating src/camion.wlk","timeElapsed":140,"timestamp":"2026-09-17T02:50:06.415Z"}
{"level":"info","message":"⌛ Validating src/camion.wlk","timeElapsed":159,"timestamp":"2026-09-17T02:50:06.583Z"}
{"level":"info","message":"⌛ Building environment","timeElapsed":195,"timestamp":"2026-09-17T02:50:07.793Z"}
{"level":"error","message":"✘ Completions for node Return ([65:4, 65:12] - src/camion.wlk) failed: Error: [Return]{257109} at src/camion.wlk:65 exhausted all cases without a match [Return]{257109} at src/camion.wlk:65 exhausted all cases without a match","stack":"Error: [Return]{257109} at src/camion.wlk:65 exhausted all cases without a match\n    at /home/ramiro/.vscode/extensions/uqbar.wollok-lsp-ide-0.5.5/out/server/src/server.js:38:6142\n    at L2 (/home/ramiro/.vscode/extensions/uqbar.wollok-lsp-ide-0.5.5/out/server/src/server.js:2421:42)\n    at Jh (/home/ramiro/.vscode/extensions/uqbar.wollok-lsp-ide-0.5.5/out/server/src/server.js:2421:1092)\n    at w5n (/home/ramiro/.vscode/extensions/uqbar.wollok-lsp-ide-0.5.5/out/server/src/server.js:2421:1248)\n    at /home/ramiro/.vscode/extensions/uqbar.wollok-lsp-ide-0.5.5/out/server/src/server.js:38:6131\n    at L2 (/home/ramiro/.vscode/extensions/uqbar.wollok-lsp-ide-0.5.5/out/server/src/server.js:2421:42)\n    at /home/ramiro/.vscode/extensions/uqbar.wollok-lsp-ide-0.5.5/out/server/src/server.js:2421:2988\n    at /home/ramiro/.vscode/extensions/uqbar.wollok-lsp-ide-0.5.5/out/server/src/server.js:2430:8440\n    at /home/ramiro/.vscode/extensions/uqbar.wollok-lsp-ide-0.5.5/out/server/src/server.js:37:74872\n    at Ke (/home/ramiro/.vscode/extensions/uqbar.wollok-lsp-ide-0.5.5/out/server/src/server.js:7:8527)","timestamp":"2026-09-17T02:50:07.831Z"}
{"level":"info","message":"⌛ Building environment","timeElapsed":158,"timestamp":"2026-09-17T02:50:07.999Z"}
{"level":"info","message":"⌛ Validating src/camion.wlk","timeElapsed":145,"timestamp":"2026-09-17T02:50:08.155Z"}
{"level":"info","message":"⌛ Building environment","timeElapsed":190,"timestamp":"2026-09-17T02:50:08.346Z"}
{"level":"info","message":"⌛ Validating src/camion.wlk","timeElapsed":187,"timestamp":"2026-09-17T02:50:08.533Z"}
{"level":"info","message":"⌛ Building environment","timeElapsed":112,"timestamp":"2026-09-17T02:50:08.646Z"}
{"level":"info","message":"⌛ Building environment","timeElapsed":134,"timestamp":"2026-09-17T02:50:08.781Z"}
{"level":"info","message":"⌛ Validating src/camion.wlk","timeElapsed":149,"timestamp":"2026-09-17T02:50:08.931Z"}
{"level":"info","message":"⌛ Validating src/camion.wlk","timeElapsed":166,"timestamp":"2026-09-17T02:50:09.166Z"}
{"level":"info","message":"⌛ Validating src/camion.wlk","timeElapsed":160,"timestamp":"2026-09-17T02:50:09.327Z"}
{"level":"info","message":"⌛ Building environment","timeElapsed":131,"timestamp":"2026-09-17T02:50:09.463Z"}
{"level":"info","message":"⌛ Validating src/camion.wlk","timeElapsed":189,"timestamp":"2026-09-17T02:50:09.694Z"}
{"level":"info","message":"⌛ Building environment","timeElapsed":245,"timestamp":"2026-09-17T02:50:10.242Z"}
{"level":"info","message":"⌛ Building environment","timeElapsed":149,"timestamp":"2026-09-17T02:50:10.392Z"}
{"level":"info","message":"⌛ Validating src/camion.wlk","timeElapsed":158,"timestamp":"2026-09-17T02:50:10.551Z"}
{"level":"info","message":"⌛ Validating src/camion.wlk","timeElapsed":194,"timestamp":"2026-09-17T02:50:10.816Z"}
{"level":"info","message":"⌛ Building environment","timeElapsed":154,"timestamp":"2026-09-17T02:50:10.972Z"}
{"level":"info","message":"⌛ Validating src/camion.wlk","timeElapsed":170,"timestamp":"2026-09-17T02:50:11.159Z"}
{"level":"info","message":"⌛ Building environment","timeElapsed":225,"timestamp":"2026-09-17T02:50:11.875Z"}
{"level":"info","message":"⌛ Validating src/camion.wlk","timeElapsed":153,"timestamp":"2026-09-17T02:50:12.032Z"}
{"level":"info","message":"⌛ Building environment","timeElapsed":221,"timestamp":"2026-09-17T02:50:12.695Z"}
{"level":"info","message":"⌛ Validating src/camion.wlk","timeElapsed":171,"timestamp":"2026-09-17T02:50:12.869Z"}
{"level":"info","message":"⌛ Building environment","timeElapsed":228,"timestamp":"2026-09-17T02:50:13.692Z"}
{"level":"info","message":"⌛ Building environment","timeElapsed":138,"timestamp":"2026-09-17T02:50:13.838Z"}
{"level":"error","message":"✘ Completions for node Return (undefined - src/camion.wlk) failed: Error: [Return]{c9167b} at src/camion.wlk:-- exhausted all cases without a match [Return]{c9167b} at src/camion.wlk:-- exhausted all cases without a match","stack":"Error: [Return]{c9167b} at src/camion.wlk:-- exhausted all cases without a match\n    at /home/ramiro/.vscode/extensions/uqbar.wollok-lsp-ide-0.5.5/out/server/src/server.js:38:6142\n    at L2 (/home/ramiro/.vscode/extensions/uqbar.wollok-lsp-ide-0.5.5/out/server/src/server.js:2421:42)\n    at Jh (/home/ramiro/.vscode/extensions/uqbar.wollok-lsp-ide-0.5.5/out/server/src/server.js:2421:1092)\n    at w5n (/home/ramiro/.vscode/extensions/uqbar.wollok-lsp-ide-0.5.5/out/server/src/server.js:2421:1248)\n    at /home/ramiro/.vscode/extensions/uqbar.wollok-lsp-ide-0.5.5/out/server/src/server.js:38:6131\n    at L2 (/home/ramiro/.vscode/extensions/uqbar.wollok-lsp-ide-0.5.5/out/server/src/server.js:2421:42)\n    at /home/ramiro/.vscode/extensions/uqbar.wollok-lsp-ide-0.5.5/out/server/src/server.js:2421:2988\n    at /home/ramiro/.vscode/extensions/uqbar.wollok-lsp-ide-0.5.5/out/server/src/server.js:2430:8440\n    at /home/ramiro/.vscode/extensions/uqbar.wollok-lsp-ide-0.5.5/out/server/src/server.js:37:74872\n    at Ke (/home/ramiro/.vscode/extensions/uqbar.wollok-lsp-ide-0.5.5/out/server/src/server.js:7:8527)","timestamp":"2026-09-17T02:50:13.887Z"}
{"level":"info","message":"⌛ Validating src/camion.wlk","timeElapsed":148,"timestamp":"2026-09-17T02:50:14.039Z"}
{"level":"info","message":"⌛ Building environment","timeElapsed":127,"timestamp":"2026-09-17T02:50:14.167Z"}
{"level":"info","message":"⌛ Building environment","timeElapsed":148,"timestamp":"2026-09-17T02:50:14.316Z"}
{"level":"info","message":"⌛ Validating src/camion.wlk","timeElapsed":146,"timestamp":"2026-09-17T02:50:14.463Z"}
{"level":"info","message":"⌛ Validating src/camion.wlk","timeElapsed":155,"timestamp":"2026-09-17T02:50:14.682Z"}
{"level":"info","message":"⌛ Validating src/camion.wlk","timeElapsed":172,"timestamp":"2026-09-17T02:50:14.863Z"}
{"level":"info","message":"⌛ Building environment","timeElapsed":155,"timestamp":"2026-09-17T02:50:15.019Z"}
{"level":"info","message":"⌛ Building environment","timeElapsed":115,"timestamp":"2026-09-17T02:50:15.134Z"}
{"level":"info","message":"⌛ Validating src/camion.wlk","timeElapsed":153,"timestamp":"2026-09-17T02:50:15.288Z"}
{"level":"info","message":"⌛ Validating src/camion.wlk","timeElapsed":273,"timestamp":"2026-09-17T02:50:15.560Z"}
{"level":"info","message":"⌛ Building environment","timeElapsed":352,"timestamp":"2026-09-17T02:50:16.527Z"}
{"level":"error","message":"✘ Completions for node Return (undefined - src/camion.wlk) failed: Error: [Return]{57a0e4} at src/camion.wlk:-- exhausted all cases without a match [Return]{57a0e4} at src/camion.wlk:-- exhausted all cases without a match","stack":"Error: [Return]{57a0e4} at src/camion.wlk:-- exhausted all cases without a match\n    at /home/ramiro/.vscode/extensions/uqbar.wollok-lsp-ide-0.5.5/out/server/src/server.js:38:6142\n    at L2 (/home/ramiro/.vscode/extensions/uqbar.wollok-lsp-ide-0.5.5/out/server/src/server.js:2421:42)\n    at Jh (/home/ramiro/.vscode/extensions/uqbar.wollok-lsp-ide-0.5.5/out/server/src/server.js:2421:1092)\n    at w5n (/home/ramiro/.vscode/extensions/uqbar.wollok-lsp-ide-0.5.5/out/server/src/server.js:2421:1248)\n    at /home/ramiro/.vscode/extensions/uqbar.wollok-lsp-ide-0.5.5/out/server/src/server.js:38:6131\n    at L2 (/home/ramiro/.vscode/extensions/uqbar.wollok-lsp-ide-0.5.5/out/server/src/server.js:2421:42)\n    at /home/ramiro/.vscode/extensions/uqbar.wollok-lsp-ide-0.5.5/out/server/src/server.js:2421:2988\n    at /home/ramiro/.vscode/extensions/uqbar.wollok-lsp-ide-0.5.5/out/server/src/server.js:2430:8440\n    at /home/ramiro/.vscode/extensions/uqbar.wollok-lsp-ide-0.5.5/out/server/src/server.js:37:74872\n    at Ke (/home/ramiro/.vscode/extensions/uqbar.wollok-lsp-ide-0.5.5/out/server/src/server.js:7:8527)","timestamp":"2026-09-17T02:50:16.563Z"}
{"level":"info","message":"⌛ Building environment","timeElapsed":119,"timestamp":"2026-09-17T02:50:16.686Z"}
{"level":"info","message":"⌛ Building environment","timeElapsed":155,"timestamp":"2026-09-17T02:50:16.842Z"}
{"level":"info","message":"⌛ Validating src/camion.wlk","timeElapsed":160,"timestamp":"2026-09-17T02:50:17.002Z"}
{"level":"info","message":"⌛ Building environment","timeElapsed":125,"timestamp":"2026-09-17T02:50:17.128Z"}
{"level":"info","message":"⌛ Validating src/camion.wlk","timeElapsed":204,"timestamp":"2026-09-17T02:50:17.337Z"}
{"level":"info","message":"⌛ Validating src/camion.wlk","timeElapsed":135,"timestamp":"2026-09-17T02:50:17.471Z"}
{"level":"info","message":"⌛ Validating src/camion.wlk","timeElapsed":144,"timestamp":"2026-09-17T02:50:17.626Z"}
{"level":"info","message":"⌛ Building environment","timeElapsed":251,"timestamp":"2026-09-17T02:50:18.003Z"}
{"level":"info","message":"⌛ Validating src/camion.wlk","timeElapsed":163,"timestamp":"2026-09-17T02:50:18.214Z"}
{"level":"info","message":"⌛ Building environment","timeElapsed":389,"timestamp":"2026-09-17T02:50:19.283Z"}
{"level":"info","message":"⌛ Building environment","timeElapsed":190,"timestamp":"2026-09-17T02:50:19.474Z"}
{"level":"info","message":"⌛ Building environment","timeElapsed":155,"timestamp":"2026-09-17T02:50:19.642Z"}
{"level":"info","message":"⌛ Validating src/camion.wlk","timeElapsed":180,"timestamp":"2026-09-17T02:50:19.889Z"}
{"level":"info","message":"⌛ Building environment","timeElapsed":145,"timestamp":"2026-09-17T02:50:20.035Z"}
{"level":"info","message":"⌛ Validating src/camion.wlk","timeElapsed":165,"timestamp":"2026-09-17T02:50:20.200Z"}
{"level":"info","message":"⌛ Validating src/camion.wlk","timeElapsed":163,"timestamp":"2026-09-17T02:50:20.373Z"}
{"level":"info","message":"⌛ Validating src/camion.wlk","timeElapsed":160,"timestamp":"2026-09-17T02:50:20.533Z"}
{"level":"info","message":"⌛ Building environment","timeElapsed":181,"timestamp":"2026-09-17T02:50:22.300Z"}
{"level":"info","message":"⌛ Validating src/camion.wlk","timeElapsed":156,"timestamp":"2026-09-17T02:50:22.459Z"}
{"level":"info","message":"⌛ Building environment","timeElapsed":230,"timestamp":"2026-09-17T02:50:48.087Z"}
{"level":"info","message":"⌛ Validating src/camion.wlk","timeElapsed":179,"timestamp":"2026-09-17T02:50:48.269Z"}
{"level":"info","message":"⌛ Building environment","timeElapsed":218,"timestamp":"2026-09-17T02:50:49.265Z"}
{"level":"info","message":"⌛ Validating src/camion.wlk","timeElapsed":179,"timestamp":"2026-09-17T02:50:49.449Z"}
{"level":"info","message":"⌛ Building environment","timeElapsed":112,"timestamp":"2026-09-17T02:50:49.566Z"}
{"level":"info","message":"⌛ Validating src/camion.wlk","timeElapsed":166,"timestamp":"2026-09-17T02:50:49.845Z"}
{"level":"info","message":"⌛ Building environment","timeElapsed":325,"timestamp":"2026-09-17T02:50:51.285Z"}
{"level":"info","message":"⌛ Validating src/camion.wlk","timeElapsed":193,"timestamp":"2026-09-17T02:50:51.495Z"}
{"level":"info","message":"⌛ Building environment","timeElapsed":222,"timestamp":"2026-09-17T02:50:55.100Z"}
{"level":"info","message":"⌛ Building environment","timeElapsed":134,"timestamp":"2026-09-17T02:50:55.288Z"}
{"level":"info","message":"⌛ Validating src/camion.wlk","timeElapsed":133,"timestamp":"2026-09-17T02:50:55.435Z"}
{"level":"info","message":"⌛ Building environment","timeElapsed":210,"timestamp":"2026-09-17T02:50:55.645Z"}
{"level":"info","message":"⌛ Validating src/camion.wlk","timeElapsed":172,"timestamp":"2026-09-17T02:50:55.818Z"}
{"level":"info","message":"⌛ Building environment","timeElapsed":129,"timestamp":"2026-09-17T02:50:55.963Z"}
{"level":"info","message":"⌛ Validating src/camion.wlk","timeElapsed":142,"timestamp":"2026-09-17T02:50:56.117Z"}
{"level":"info","message":"⌛ Building environment","timeElapsed":157,"timestamp":"2026-09-17T02:50:56.275Z"}
{"level":"info","message":"⌛ Validating src/camion.wlk","timeElapsed":173,"timestamp":"2026-09-17T02:50:56.492Z"}
{"level":"info","message":"⌛ Validating src/camion.wlk","timeElapsed":278,"timestamp":"2026-09-17T02:50:56.771Z"}
{"level":"info","message":"⌛ Building environment","timeElapsed":137,"timestamp":"2026-09-17T02:50:56.950Z"}
{"level":"info","message":"⌛ Validating src/camion.wlk","timeElapsed":222,"timestamp":"2026-09-17T02:50:57.217Z"}
{"level":"info","message":"⌛ Building environment","timeElapsed":131,"timestamp":"2026-09-17T02:50:57.354Z"}
{"level":"info","message":"⌛ Validating src/camion.wlk","timeElapsed":169,"timestamp":"2026-09-17T02:50:57.565Z"}
{"level":"info","message":"⌛ Building environment","timeElapsed":128,"timestamp":"2026-09-17T02:50:57.696Z"}
{"level":"info","message":"⌛ Building environment","timeElapsed":167,"timestamp":"2026-09-17T02:50:57.921Z"}
{"level":"info","message":"⌛ Validating src/camion.wlk","timeElapsed":218,"timestamp":"2026-09-17T02:50:58.140Z"}
{"level":"info","message":"⌛ Building environment","timeElapsed":144,"timestamp":"2026-09-17T02:50:58.285Z"}
{"level":"info","message":"⌛ Validating src/camion.wlk","timeElapsed":155,"timestamp":"2026-09-17T02:50:58.477Z"}
{"level":"info","message":"⌛ Building environment","timeElapsed":109,"timestamp":"2026-09-17T02:50:58.588Z"}
{"level":"info","message":"⌛ Validating src/camion.wlk","timeElapsed":143,"timestamp":"2026-09-17T02:50:58.752Z"}
{"level":"info","message":"⌛ Validating src/camion.wlk","timeElapsed":144,"timestamp":"2026-09-17T02:50:58.897Z"}
{"level":"info","message":"⌛ Building environment","timeElapsed":321,"timestamp":"2026-09-17T02:58:26.136Z"}
{"level":"info","message":"⌛ Validating src/cosas.wlk","timeElapsed":151,"timestamp":"2026-09-17T02:58:26.306Z"}
{"level":"info","message":"⌛ Building environment","timeElapsed":220,"timestamp":"2026-09-17T02:58:28.894Z"}
{"level":"info","message":"⌛ Validating src/cosas.wlk","timeElapsed":156,"timestamp":"2026-09-17T02:58:29.055Z"}
{"level":"info","message":"⌛ Building environment","timeElapsed":261,"timestamp":"2026-09-17T02:58:44.214Z"}
{"level":"info","message":"⌛ Validating src/cosas.wlk","timeElapsed":162,"timestamp":"2026-09-17T02:58:44.394Z"}
{"level":"info","message":"⌛ Building environment","timeElapsed":193,"timestamp":"2026-09-17T02:58:46.509Z"}
{"level":"info","message":"⌛ Validating src/cosas.wlk","timeElapsed":185,"timestamp":"2026-09-17T02:58:46.697Z"}
{"level":"info","message":"⌛ Building environment","timeElapsed":461,"timestamp":"2026-09-17T02:58:48.387Z"}
{"level":"info","message":"⌛ Validating src/cosas.wlk","timeElapsed":214,"timestamp":"2026-09-17T02:58:48.651Z"}
{"level":"info","message":"⌛ Building environment","timeElapsed":322,"timestamp":"2026-09-17T02:58:50.896Z"}
{"level":"info","message":"⌛ Validating src/cosas.wlk","timeElapsed":154,"timestamp":"2026-09-17T02:58:51.066Z"}
{"level":"info","message":"⌛ Building environment","timeElapsed":201,"timestamp":"2026-09-17T02:58:51.657Z"}
{"level":"info","message":"⌛ Validating src/cosas.wlk","timeElapsed":177,"timestamp":"2026-09-17T02:58:51.847Z"}
{"level":"info","message":"⌛ Building environment","timeElapsed":381,"timestamp":"2026-09-17T02:59:32.035Z"}
{"level":"info","message":"⌛ Validating src/cosas.wlk","timeElapsed":322,"timestamp":"2026-09-17T02:59:32.433Z"}
{"level":"info","message":"⌛ Building environment","timeElapsed":343,"timestamp":"2026-09-17T02:59:34.163Z"}
{"level":"info","message":"⌛ Validating src/cosas.wlk","timeElapsed":148,"timestamp":"2026-09-17T02:59:34.326Z"}
{"level":"error","message":"✘ Failed to get type description: Error: Failed to print, found malformed node Failed to print, found malformed node","node":{"id":"c5f54093-2049-453b-ad97-7f0bc1a60cbe","metadata":[],"problems":[{"code":"malformedSentence","sourceMap":{"end":{"column":109,"line":33,"offset":913},"start":{"column":28,"line":33,"offset":832}}}],"scope":{"containerScope":{"containerScope":{"containerScope":{"containerScope":{"containerScope":{"contributions":{},"includedScopes":[]},"contributions":{},"includedScopes":[]},"contributions":{},"includedScopes":[]},"contributions":{},"includedScopes":[{"containerScope":{"containerScope":{"containerScope":{"contributions":{},"includedScopes":[]},"contributions":{},"includedScopes":[]},"contributions":{},"includedScopes":[]},"contributions":{},"includedScopes":[]}]},"contributions":{},"includedScopes":[]},"contributions":{},"includedScopes":[]},"sentences":[{"id":"80c2aab2-d33e-4aef-9204-abcab3501e05","metadata":[],"scope":{"containerScope":{"containerScope":{"containerScope":{"containerScope":{"containerScope":{"containerScope":{"contributions":{},"includedScopes":[]},"contributions":{},"includedScopes":[]},"contributions":{},"includedScopes":[]},"contributions":{},"includedScopes":[{"containerScope":{"containerScope":{"containerScope":{"contributions":{},"includedScopes":[]},"contributions":{},"includedScopes":[]},"contributions":{},"includedScopes":[]},"contributions":{},"includedScopes":[]}]},"contributions":{},"includedScopes":[]},"contributions":{},"includedScopes":[]},"contributions":{},"includedScopes":[]},"sourceMap":{"end":{"column":27,"line":33,"offset":831},"start":{"column":21,"line":33,"offset":825}}}],"sourceMap":{"end":{"column":111,"line":33,"offset":915},"start":{"column":19,"line":33,"offset":823}}},"stack":"Error: Failed to print, found malformed node\n    at /home/ramiro/.vscode/extensions/uqbar.wollok-lsp-ide-0.5.5/out/server/src/server.js:68:3585\n    at /home/ramiro/.vscode/extensions/uqbar.wollok-lsp-ide-0.5.5/out/server/src/server.js:68:5370\n    at /home/ramiro/.vscode/extensions/uqbar.wollok-lsp-ide-0.5.5/out/server/src/server.js:38:6131\n    at /home/ramiro/.vscode/extensions/uqbar.wollok-lsp-ide-0.5.5/out/server/src/server.js:68:3664\n    at Ybn (/home/ramiro/.vscode/extensions/uqbar.wollok-lsp-ide-0.5.5/out/server/src/server.js:68:3396)\n    at /home/ramiro/.vscode/extensions/uqbar.wollok-lsp-ide-0.5.5/out/server/src/server.js:2430:847\n    at /home/ramiro/.vscode/extensions/uqbar.wollok-lsp-ide-0.5.5/out/server/src/server.js:2430:8440\n    at /home/ramiro/.vscode/extensions/uqbar.wollok-lsp-ide-0.5.5/out/server/src/server.js:37:74770\n    at Ke (/home/ramiro/.vscode/extensions/uqbar.wollok-lsp-ide-0.5.5/out/server/src/server.js:7:8527)\n    at It (/home/ramiro/.vscode/extensions/uqbar.wollok-lsp-ide-0.5.5/out/server/src/server.js:7:6189)","timestamp":"2026-09-17T02:59:56.202Z"}
{"level":"error","message":"✘ Failed to get type description: Error: Failed to print, found malformed node Failed to print, found malformed node","node":{"id":"c5f54093-2049-453b-ad97-7f0bc1a60cbe","metadata":[],"problems":[{"code":"malformedSentence","sourceMap":{"end":{"column":109,"line":33,"offset":913},"start":{"column":28,"line":33,"offset":832}}}],"scope":{"containerScope":{"containerScope":{"containerScope":{"containerScope":{"containerScope":{"contributions":{},"includedScopes":[]},"contributions":{},"includedScopes":[]},"contributions":{},"includedScopes":[]},"contributions":{},"includedScopes":[{"containerScope":{"containerScope":{"containerScope":{"contributions":{},"includedScopes":[]},"contributions":{},"includedScopes":[]},"contributions":{},"includedScopes":[]},"contributions":{},"includedScopes":[]}]},"contributions":{},"includedScopes":[]},"contributions":{},"includedScopes":[]},"sentences":[{"id":"80c2aab2-d33e-4aef-9204-abcab3501e05","metadata":[],"scope":{"containerScope":{"containerScope":{"containerScope":{"containerScope":{"containerScope":{"containerScope":{"contributions":{},"includedScopes":[]},"contributions":{},"includedScopes":[]},"contributions":{},"includedScopes":[]},"contributions":{},"includedScopes":[{"containerScope":{"containerScope":{"containerScope":{"contributions":{},"includedScopes":[]},"contributions":{},"includedScopes":[]},"contributions":{},"includedScopes":[]},"contributions":{},"includedScopes":[]}]},"contributions":{},"includedScopes":[]},"contributions":{},"includedScopes":[]},"contributions":{},"includedScopes":[]},"sourceMap":{"end":{"column":27,"line":33,"offset":831},"start":{"column":21,"line":33,"offset":825}}}],"sourceMap":{"end":{"column":111,"line":33,"offset":915},"start":{"column":19,"line":33,"offset":823}}},"stack":"Error: Failed to print, found malformed node\n    at /home/ramiro/.vscode/extensions/uqbar.wollok-lsp-ide-0.5.5/out/server/src/server.js:68:3585\n    at /home/ramiro/.vscode/extensions/uqbar.wollok-lsp-ide-0.5.5/out/server/src/server.js:68:5370\n    at /home/ramiro/.vscode/extensions/uqbar.wollok-lsp-ide-0.5.5/out/server/src/server.js:38:6131\n    at /home/ramiro/.vscode/extensions/uqbar.wollok-lsp-ide-0.5.5/out/server/src/server.js:68:3664\n    at Ybn (/home/ramiro/.vscode/extensions/uqbar.wollok-lsp-ide-0.5.5/out/server/src/server.js:68:3396)\n    at /home/ramiro/.vscode/extensions/uqbar.wollok-lsp-ide-0.5.5/out/server/src/server.js:2430:847\n    at /home/ramiro/.vscode/extensions/uqbar.wollok-lsp-ide-0.5.5/out/server/src/server.js:2430:8440\n    at /home/ramiro/.vscode/extensions/uqbar.wollok-lsp-ide-0.5.5/out/server/src/server.js:37:74770\n    at Ke (/home/ramiro/.vscode/extensions/uqbar.wollok-lsp-ide-0.5.5/out/server/src/server.js:7:8527)\n    at It (/home/ramiro/.vscode/extensions/uqbar.wollok-lsp-ide-0.5.5/out/server/src/server.js:7:6189)","timestamp":"2026-09-17T02:59:56.839Z"}
{"level":"info","message":"⌛ Building environment","timeElapsed":228,"timestamp":"2026-09-17T02:59:58.738Z"}
{"level":"info","message":"⌛ Building environment","timeElapsed":240,"timestamp":"2026-09-17T02:59:58.980Z"}
{"level":"info","message":"⌛ Validating src/cosas.wlk","timeElapsed":163,"timestamp":"2026-09-17T02:59:59.144Z"}
{"level":"info","message":"⌛ Building environment","timeElapsed":224,"timestamp":"2026-09-17T02:59:59.368Z"}
{"level":"info","message":"⌛ Validating src/cosas.wlk","timeElapsed":138,"timestamp":"2026-09-17T02:59:59.507Z"}
{"level":"info","message":"⌛ Building environment","timeElapsed":118,"timestamp":"2026-09-17T02:59:59.626Z"}
{"level":"info","message":"⌛ Validating src/cosas.wlk","timeElapsed":162,"timestamp":"2026-09-17T02:59:59.802Z"}
{"level":"info","message":"⌛ Validating src/cosas.wlk","timeElapsed":183,"timestamp":"2026-09-17T03:00:00.002Z"}
{"level":"info","message":"⌛ Building environment","timeElapsed":210,"timestamp":"2026-09-17T03:00:14.005Z"}
{"level":"info","message":"⌛ Validating src/cosas.wlk","timeElapsed":142,"timestamp":"2026-09-17T03:00:14.152Z"}
{"level":"info","message":"⌛ Building environment","timeElapsed":235,"timestamp":"2026-09-17T03:00:19.461Z"}
{"level":"info","message":"⌛ Validating src/cosas.wlk","timeElapsed":184,"timestamp":"2026-09-17T03:00:19.649Z"}
{"level":"info","message":"⌛ Building environment","timeElapsed":232,"timestamp":"2026-09-17T03:00:20.518Z"}
{"level":"info","message":"⌛ Validating src/cosas.wlk","timeElapsed":184,"timestamp":"2026-09-17T03:00:20.705Z"}
{"level":"error","message":"✘ Failed to get type description: Error: Failed to print, found malformed node Failed to print, found malformed node","node":{"id":"a6b8ad17-fbb1-4650-a07d-22eba755b734","metadata":[],"problems":[{"code":"malformedSentence","sourceMap":{"end":{"column":106,"line":33,"offset":910},"start":{"column":65,"line":33,"offset":869}}}],"scope":{"containerScope":{"containerScope":{"containerScope":{"containerScope":{"containerScope":{"contributions":{},"includedScopes":[]},"contributions":{},"includedScopes":[]},"contributions":{},"includedScopes":[]},"contributions":{},"includedScopes":[{"containerScope":{"containerScope":{"containerScope":{"contributions":{},"includedScopes":[]},"contributions":{},"includedScopes":[]},"contributions":{},"includedScopes":[]},"contributions":{},"includedScopes":[]}]},"contributions":{},"includedScopes":[]},"contributions":{},"includedScopes":[]},"sentences":[{"id":"17dfe3cb-0e41-4b39-a01a-5f905d595b35","metadata":[],"scope":{"containerScope":{"containerScope":{"containerScope":{"containerScope":{"containerScope":{"containerScope":{"contributions":{},"includedScopes":[]},"contributions":{},"includedScopes":[]},"contributions":{},"includedScopes":[]},"contributions":{},"includedScopes":[{"containerScope":{"containerScope":{"containerScope":{"contributions":{},"includedScopes":[]},"contributions":{},"includedScopes":[]},"contributions":{},"includedScopes":[]},"contributions":{},"includedScopes":[]}]},"contributions":{},"includedScopes":[]},"contributions":{},"includedScopes":[]},"contributions":{},"includedScopes":[]},"sourceMap":{"end":{"column":59,"line":33,"offset":863},"start":{"column":21,"line":33,"offset":825}},"value":{"condition":{"args":[{"id":"53a9efd7-65d5-48f3-bd6d-d6fd53bd468c","metadata":[],"scope":{"containerScope":{"containerScope":{"containerScope":{"containerScope":{"containerScope":{"containerScope":{"containerScope":{"containerScope":{"containerScope":{"contributions":{},"includedScopes":[]},"contributions":{},"includedScopes":[]},"contributions":{},"includedScopes":[]},"contributions":{},"includedScopes":[{"containerScope":{"containerScope":{"containerScope":{"contributions":{},"includedScopes":[]},"contributions":{},"includedScopes":[]},"contributions":{},"includedScopes":[]},"contributions":{},"includedScopes":[]}]},"contributions":{},"includedScopes":[]},"contributions":{},"includedScopes":[]},"contributions":{},"includedScopes":[]},"contributions":{},"includedScopes":[]},"contributions":{},"includedScopes":[]},"contributions":{},"includedScopes":[]},"sourceMap":{"end":{"column":56,"line":33,"offset":860},"start":{"column":53,"line":33,"offset":857}},"value":100}],"id":"808d3242-c299-443c-a3c5-3404dc95ea70","message":"<=","metadata":[],"receiver":{"id":"ac8b4f3a-d63c-4ab9-ba0e-b9d5f30bfe30","metadata":[],"name":"cantidadLadrillos","scope":{"containerScope":{"containerScope":{"containerScope":{"containerScope":{"containerScope":{"containerScope":{"containerScope":{"containerScope":{"containerScope":{"contributions":{},"includedScopes":[]},"contributions":{},"includedScopes":[]},"contributions":{},"includedScopes":[]},"contributions":{},"includedScopes":[{"containerScope":{"containerScope":{"containerScope":{"contributions":{},"includedScopes":[]},"contributions":{},"includedScopes":[]},"contributions":{},"includedScopes":[]},"contributions":{},"includedScopes":[]}]},"contributions":{},"includedScopes":[]},"contributions":{},"includedScopes":[]},"contributions":{},"includedScopes":[]},"contributions":{},"includedScopes":[]},"contributions":{},"includedScopes":[]},"contributions":{},"includedScopes":[]},"sourceMap":{"end":{"column":49,"line":33,"offset":853},"start":{"column":32,"line":33,"offset":836}}},"scope":{"containerScope":{"containerScope":{"containerScope":{"containerScope":{"containerScope":{"containerScope":{"containerScope":{"containerScope":{"contributions":{},"includedScopes":[]},"contributions":{},"includedScopes":[]},"contributions":{},"includedScopes":[]},"contributions":{},"includedScopes":[{"containerScope":{"containerScope":{"containerScope":{"contributions":{},"includedScopes":[]},"contributions":{},"includedScopes":[]},"contributions":{},"includedScopes":[]},"contributions":{},"includedScopes":[]}]},"contributions":{},"includedScopes":[]},"contributions":{},"includedScopes":[]},"contributions":{},"includedScopes":[]},"contributions":{},"includedScopes":[]},"contributions":{},"includedScopes":[]},"sourceMap":{"end":{"column":56,"line":33,"offset":860},"start":{"column":32,"line":33,"offset":836}}},"elseBody":{"id":"0e69f2d7-88b5-4ec6-b48d-e14f2e969763","metadata":[],"scope":{"containerScope":{"containerScope":{"containerScope":{"containerScope":{"containerScope":{"containerScope":{"containerScope":{"containerScope":{"contributions":{},"includedScopes":[]},"contributions":{},"includedScopes":[]},"contributions":{},"includedScopes":[]},"contributions":{},"includedScopes":[{"containerScope":{"containerScope":{"containerScope":{"contributions":{},"includedScopes":[]},"contributions":{},"includedScopes":[]},"contributions":{},"includedScopes":[]},"contributions":{},"includedScopes":[]}]},"contributions":{},"includedScopes":[]},"contributions":{},"includedScopes":[]},"contributions":{},"includedScopes":[]},"contributions":{},"includedScopes":[]},"contributions":{},"includedScopes":[]},"sentences":[]},"id":"6e142c56-a60a-434b-9fd5-44639853ca80","metadata":[],"scope":{"containerScope":{"containerScope":{"containerScope":{"containerScope":{"containerScope":{"containerScope":{"containerScope":{"contributions":{},"includedScopes":[]},"contributions":{},"includedScopes":[]},"contributions":{},"includedScopes":[]},"contributions":{},"includedScopes":[{"containerScope":{"containerScope":{"containerScope":{"contributions":{},"includedScopes":[]},"contributions":{},"includedScopes":[]},"contributions":{},"includedScopes":[]},"contributions":{},"includedScopes":[]}]},"contributions":{},"includedScopes":[]},"contributions":{},"includedScopes":[]},"contributions":{},"includedScopes":[]},"contributions":{},"includedScopes":[]},"sourceMap":{"end":{"column":59,"line":33,"offset":863},"start":{"column":28,"line":33,"offset":832}},"thenBody":{"id":"9bd051af-fecf-4424-934a-69c0a5ba93f2","metadata":[],"scope":{"containerScope":{"containerScope":{"containerScope":{"containerScope":{"containerScope":{"containerScope":{"containerScope":{"containerScope":{"contributions":{},"includedScopes":[]},"contributions":{},"includedScopes":[]},"contributions":{},"includedScopes":[]},"contributions":{},"includedScopes":[{"containerScope":{"containerScope":{"containerScope":{"contributions":{},"includedScopes":[]},"contributions":{},"includedScopes":[]},"contributions":{},"includedScopes":[]},"contributions":{},"includedScopes":[]}]},"contributions":{},"includedScopes":[]},"contributions":{},"includedScopes":[]},"contributions":{},"includedScopes":[]},"contributions":{},"includedScopes":[]},"contributions":{},"includedScopes":[]},"sentences":[{"id":"77278a5c-6bc1-4553-8ff7-bfdcece94044","metadata":[],"scope":{"containerScope":{"containerScope":{"containerScope":{"containerScope":{"containerScope":{"containerScope":{"containerScope":{"containerScope":{"containerScope":{"contributions":{},"includedScopes":[]},"contributions":{},"includedScopes":[]},"contributions":{},"includedScopes":[]},"contributions":{},"includedScopes":[{"containerScope":{"containerScope":{"containerScope":{"contributions":{},"includedScopes":[]},"contributions":{},"includedScopes":[]},"contributions":{},"includedScopes":[]},"contributions":{},"includedScopes":[]}]},"contributions":{},"includedScopes":[]},"contributions":{},"includedScopes":[]},"contributions":{},"includedScopes":[]},"contributions":{},"includedScopes":[]},"contributions":{},"includedScopes":[]},"contributions":{},"includedScopes":[]},"sourceMap":{"end":{"column":59,"line":33,"offset":863},"start":{"column":58,"line":33,"offset":862}},"value":1}],"sourceMap":{"end":{"column":59,"line":33,"offset":863},"start":{"column":58,"line":33,"offset":862}}}}},{"id":"2c6b2ad1-a0dc-4bfe-ad38-422e596b9627","metadata":[],"name":"else","scope":{"containerScope":{"containerScope":{"containerScope":{"containerScope":{"containerScope":{"containerScope":{"contributions":{},"includedScopes":[]},"contributions":{},"includedScopes":[]},"contributions":{},"includedScopes":[]},"contributions":{},"includedScopes":[{"containerScope":{"containerScope":{"containerScope":{"contributions":{},"includedScopes":[]},"contributions":{},"includedScopes":[]},"contributions":{},"includedScopes":[]},"contributions":{},"includedScopes":[]}]},"contributions":{},"includedScopes":[]},"contributions":{},"includedScopes":[]},"contributions":{},"includedScopes":[]},"sourceMap":{"end":{"column":64,"line":33,"offset":868},"start":{"column":60,"line":33,"offset":864}}}],"sourceMap":{"end":{"column":108,"line":33,"offset":912},"start":{"column":19,"line":33,"offset":823}}},"stack":"Error: Failed to print, found malformed node\n    at /home/ramiro/.vscode/extensions/uqbar.wollok-lsp-ide-0.5.5/out/server/src/server.js:68:3585\n    at /home/ramiro/.vscode/extensions/uqbar.wollok-lsp-ide-0.5.5/out/server/src/server.js:68:5370\n    at /home/ramiro/.vscode/extensions/uqbar.wollok-lsp-ide-0.5.5/out/server/src/server.js:38:6131\n    at /home/ramiro/.vscode/extensions/uqbar.wollok-lsp-ide-0.5.5/out/server/src/server.js:68:3664\n    at Ybn (/home/ramiro/.vscode/extensions/uqbar.wollok-lsp-ide-0.5.5/out/server/src/server.js:68:3396)\n    at /home/ramiro/.vscode/extensions/uqbar.wollok-lsp-ide-0.5.5/out/server/src/server.js:2430:847\n    at /home/ramiro/.vscode/extensions/uqbar.wollok-lsp-ide-0.5.5/out/server/src/server.js:2430:8440\n    at /home/ramiro/.vscode/extensions/uqbar.wollok-lsp-ide-0.5.5/out/server/src/server.js:37:74770\n    at Ke (/home/ramiro/.vscode/extensions/uqbar.wollok-lsp-ide-0.5.5/out/server/src/server.js:7:8527)\n    at It (/home/ramiro/.vscode/extensions/uqbar.wollok-lsp-ide-0.5.5/out/server/src/server.js:7:6189)","timestamp":"2026-09-17T03:00:32.040Z"}
{"level":"info","message":"⌛ Building environment","timeElapsed":298,"timestamp":"2026-09-17T03:00:33.827Z"}
{"level":"info","message":"⌛ Building environment","timeElapsed":148,"timestamp":"2026-09-17T03:00:33.976Z"}
{"level":"info","message":"⌛ Validating src/cosas.wlk","timeElapsed":159,"timestamp":"2026-09-17T03:00:34.135Z"}
{"level":"info","message":"⌛ Building environment","timeElapsed":225,"timestamp":"2026-09-17T03:00:34.361Z"}
{"level":"info","message":"⌛ Validating src/cosas.wlk","timeElapsed":156,"timestamp":"2026-09-17T03:00:34.518Z"}
{"level":"info","message":"⌛ Building environment","timeElapsed":128,"timestamp":"2026-09-17T03:00:34.646Z"}
{"level":"info","message":"⌛ Validating src/cosas.wlk","timeElapsed":152,"timestamp":"2026-09-17T03:00:34.807Z"}
{"level":"info","message":"⌛ Validating src/cosas.wlk","timeElapsed":151,"timestamp":"2026-09-17T03:00:34.965Z"}
{"level":"info","message":"⌛ Building environment","timeElapsed":369,"timestamp":"2026-09-17T03:00:35.659Z"}
{"level":"info","message":"⌛ Validating src/cosas.wlk","timeElapsed":225,"timestamp":"2026-09-17T03:00:35.909Z"}
{"level":"info","message":"⌛ Building environment","timeElapsed":225,"timestamp":"2026-09-17T03:00:48.778Z"}
{"level":"info","message":"⌛ Validating src/cosas.wlk","timeElapsed":174,"timestamp":"2026-09-17T03:00:48.955Z"}
{"level":"info","message":"⌛ Building environment","timeElapsed":217,"timestamp":"2026-09-17T03:00:49.517Z"}
{"level":"info","message":"⌛ Validating src/cosas.wlk","timeElapsed":175,"timestamp":"2026-09-17T03:00:49.696Z"}
{"level":"info","message":"⌛ Building environment","timeElapsed":187,"timestamp":"2026-09-17T03:00:57.454Z"}
{"level":"info","message":"⌛ Validating src/cosas.wlk","timeElapsed":158,"timestamp":"2026-09-17T03:00:57.613Z"}
{"level":"info","message":"⌛ Building environment","timeElapsed":292,"timestamp":"2026-09-17T03:00:59.335Z"}
{"level":"info","message":"⌛ Building environment","timeElapsed":156,"timestamp":"2026-09-17T03:00:59.492Z"}
{"level":"info","message":"⌛ Validating src/cosas.wlk","timeElapsed":144,"timestamp":"2026-09-17T03:00:59.636Z"}
{"level":"info","message":"⌛ Validating src/cosas.wlk","timeElapsed":133,"timestamp":"2026-09-17T03:00:59.779Z"}
{"level":"info","message":"⌛ Building environment","timeElapsed":202,"timestamp":"2026-09-17T03:01:00.914Z"}
{"level":"info","message":"⌛ Validating src/cosas.wlk","timeElapsed":147,"timestamp":"2026-09-17T03:01:01.076Z"}
{"level":"info","message":"⌛ Building environment","timeElapsed":146,"timestamp":"2026-09-17T03:01:01.304Z"}
{"level":"info","message":"⌛ Validating src/cosas.wlk","timeElapsed":157,"timestamp":"2026-09-17T03:01:01.463Z"}
{"level":"info","message":"⌛ Building environment","timeElapsed":219,"timestamp":"2026-09-17T03:01:19.684Z"}
{"level":"info","message":"⌛ Validating src/cosas.wlk","timeElapsed":187,"timestamp":"2026-09-17T03:01:19.887Z"}
{"level":"info","message":"⌛ Building environment","timeElapsed":220,"timestamp":"2026-09-17T03:01:39.432Z"}
{"level":"info","message":"⌛ Validating src/cosas.wlk","timeElapsed":200,"timestamp":"2026-09-17T03:01:39.643Z"}
{"level":"info","message":"⌛ Building environment","timeElapsed":219,"timestamp":"2026-09-17T03:01:41.208Z"}
{"level":"info","message":"⌛ Validating src/cosas.wlk","timeElapsed":159,"timestamp":"2026-09-17T03:01:41.370Z"}
{"level":"info","message":"⌛ Building environment","timeElapsed":226,"timestamp":"2026-09-17T03:01:57.524Z"}
{"level":"info","message":"⌛ Validating src/cosas.wlk","timeElapsed":153,"timestamp":"2026-09-17T03:01:57.680Z"}
{"level":"info","message":"⌛ Building environment","timeElapsed":277,"timestamp":"2026-09-17T03:01:59.459Z"}
{"level":"info","message":"⌛ Validating src/cosas.wlk","timeElapsed":190,"timestamp":"2026-09-17T03:01:59.665Z"}
{"level":"info","message":"⌛ Building environment","timeElapsed":207,"timestamp":"2026-09-17T03:02:11.936Z"}
{"level":"info","message":"⌛ Validating src/cosas.wlk","timeElapsed":156,"timestamp":"2026-09-17T03:02:12.114Z"}
{"level":"info","message":"⌛ Building environment","timeElapsed":340,"timestamp":"2026-09-17T03:02:36.261Z"}
{"level":"info","message":"⌛ Validating src/cosas.wlk","timeElapsed":190,"timestamp":"2026-09-17T03:02:36.599Z"}
{"level":"info","message":"⌛ Building environment","timeElapsed":268,"timestamp":"2026-09-17T03:02:37.822Z"}
{"level":"info","message":"⌛ Validating src/cosas.wlk","timeElapsed":167,"timestamp":"2026-09-17T03:02:38.010Z"}
{"level":"error","message":"✘ Failed to get type description: Error: Failed to print, found malformed node Failed to print, found malformed node","node":{"id":"ec5b7130-dd3a-462e-9254-7a7f4852a7af","members":[{"id":"a6099b69-3c92-4e51-a9b3-d13eb998a87f","isConstant":false,"isProperty":true,"metadata":[],"name":"cosas","scope":{"containerScope":{"containerScope":{"containerScope":{"containerScope":{"contributions":{},"includedScopes":[]},"contributions":{},"includedScopes":[]},"contributions":{},"includedScopes":[]},"contributions":{},"includedScopes":[{"containerScope":{"containerScope":{"containerScope":{"contributions":{},"includedScopes":[]},"contributions":{},"includedScopes":[]},"contributions":{},"includedScopes":[]},"contributions":{},"includedScopes":[]}]},"contributions":{},"includedScopes":[]},"sourceMap":{"end":{"column":25,"line":59,"offset":1364},"start":{"column":2,"line":59,"offset":1341}},"value":{"id":"b33c6150-2b96-4acf-bc8f-e627732db385","metadata":[],"scope":{"containerScope":{"containerScope":{"containerScope":{"containerScope":{"containerScope":{"contributions":{},"includedScopes":[]},"contributions":{},"includedScopes":[]},"contributions":{},"includedScopes":[]},"contributions":{},"includedScopes":[{"containerScope":{"containerScope":{"containerScope":{"contributions":{},"includedScopes":[]},"contributions":{},"includedScopes":[]},"contributions":{},"includedScopes":[]},"contributions":{},"includedScopes":[]}]},"contributions":{},"includedScopes":[]},"contributions":{},"includedScopes":[]},"sourceMap":{"end":{"column":25,"line":59,"offset":1364},"start":{"column":23,"line":59,"offset":1362}},"value":[{"id":"b0cc3537-4d3f-4fb4-9779-f1f75ba21a43","metadata":[],"name":"wollok.lang.List","scope":{"containerScope":{"containerScope":{"containerScope":{"containerScope":{"containerScope":{"containerScope":{"contributions":{},"includedScopes":[]},"contributions":{},"includedScopes":[]},"contributions":{},"includedScopes":[]},"contributions":{},"includedScopes":[{"containerScope":{"containerScope":{"containerScope":{"contributions":{},"includedScopes":[]},"contributions":{},"includedScopes":[]},"contributions":{},"includedScopes":[]},"contributions":{},"includedScopes":[]}]},"contributions":{},"includedScopes":[]},"contributions":{},"includedScopes":[]},"contributions":{},"includedScopes":[]}},[]]}},{"body":{"id":"231f2de0-25c7-4a05-81bc-4a796edc5402","metadata":[],"problems":[],"scope":{"containerScope":{"containerScope":{"containerScope":{"containerScope":{"containerScope":{"contributions":{},"includedScopes":[]},"contributions":{},"includedScopes":[]},"contributions":{},"includedScopes":[]},"contributions":{},"includedScopes":[{"containerScope":{"containerScope":{"containerScope":{"contributions":{},"includedScopes":[]},"contributions":{},"includedScopes":[]},"contributions":{},"includedScopes":[]},"contributions":{},"includedScopes":[]}]},"contributions":{},"includedScopes":[]},"contributions":{},"includedScopes":[]},"sentences":[{"id":"68100748-faa6-42b8-bc84-e0b2d2fdce82","metadata":[],"scope":{"containerScope":{"containerScope":{"containerScope":{"containerScope":{"containerScope":{"containerScope":{"contributions":{},"includedScopes":[]},"contributions":{},"includedScopes":[]},"contributions":{},"includedScopes":[]},"contributions":{},"includedScopes":[{"containerScope":{"containerScope":{"containerScope":{"contributions":{},"includedScopes":[]},"contributions":{},"includedScopes":[]},"contributions":{},"includedScopes":[]},"contributions":{},"includedScopes":[]}]},"contributions":{},"includedScopes":[]},"contributions":{},"includedScopes":[]},"contributions":{},"includedScopes":[]},"sourceMap":{"end":{"column":46,"line":61,"offset":1426},"start":{"column":3,"line":61,"offset":1383}},"value":{"args":[{"args":[{"id":"10d87890-4f26-4947-bc06-f7263f8a7d44","members":[{"body":{"id":"367312f8-7739-4131-917d-81a9a4735f37","metadata":[],"scope":{"containerScope":{"containerScope":{"containerScope":{"containerScope":{"containerScope":{"containerScope":{"containerScope":{"containerScope":{"containerScope":{"containerScope":{"containerScope":{"contributions":{},"includedScopes":[]},"contributions":{},"includedScopes":[]},"contributions":{},"includedScopes":[]},"contributions":{},"includedScopes":[{"containerScope":{"containerScope":{"containerScope":{"contributions":{},"includedScopes":[]},"contributions":{},"includedScopes":[]},"contributions":{},"includedScopes":[]},"contributions":{},"includedScopes":[]}]},"contributions":{},"includedScopes":[]},"contributions":{},"includedScopes":[]},"contributions":{},"includedScopes":[]},"contributions":{},"includedScopes":[]},"contributions":{},"includedScopes":[]},"contributions":{},"includedScopes":[{"containerScope":{"containerScope":{"containerScope":{"contributions":{},"includedScopes":[]},"contributions":{},"includedScopes":[]},"contributions":{},"includedScopes":[]},"contributions":{},"includedScopes":[{"containerScope":{"containerScope":{"containerScope":{"contributions":{},"includedScopes":[]},"contributions":{},"includedScopes":[]},"contributions":{},"includedScopes":[]},"contributions":{},"includedScopes":[]}]},{"containerScope":{"containerScope":{"containerScope":{"contributions":{},"includedScopes":[]},"contributions":{},"includedScopes":[]},"contributions":{},"includedScopes":[]},"contributions":{},"includedScopes":[]}]},"contributions":{},"includedScopes":[]},"contributions":{},"includedScopes":[]},"sentences":[{"id":"f28dc937-029a-48df-aecf-fd82e826f357","metadata":[],"scope":{"containerScope":{"containerScope":{"containerScope":{"containerScope":{"containerScope":{"containerScope":{"containerScope":{"containerScope":{"containerScope":{"containerScope":{"containerScope":{"containerScope":{"contributions":{},"includedScopes":[]},"contributions":{},"includedScopes":[]},"contributions":{},"includedScopes":[]},"contributions":{},"includedScopes":[{"containerScope":{"containerScope":{"containerScope":{"contributions":{},"includedScopes":[]},"contributions":{},"includedScopes":[]},"contributions":{},"includedScopes":[]},"contributions":{},"includedScopes":[]}]},"contributions":{},"includedScopes":[]},"contributions":{},"includedScopes":[]},"contributions":{},"includedScopes":[]},"contributions":{},"includedScopes":[]},"contributions":{},"includedScopes":[]},"contributions":{},"includedScopes":[{"containerScope":{"containerScope":{"containerScope":{"contributions":{},"includedScopes":[]},"contributions":{},"includedScopes":[]},"contributions":{},"includedScopes":[]},"contributions":{},"includedScopes":[{"containerScope":{"containerScope":{"containerScope":{"contributions":{},"includedScopes":[]},"contributions":{},"includedScopes":[]},"contributions":{},"includedScopes":[]},"contributions":{},"includedScopes":[]}]},{"containerScope":{"containerScope":{"containerScope":{"contributions":{},"includedScopes":[]},"contributions":{},"includedScopes":[]},"contributions":{},"includedScopes":[]},"contributions":{},"includedScopes":[]}]},"contributions":{},"includedScopes":[]},"contributions":{},"includedScopes":[]},"contributions":{},"includedScopes":[]},"value":{"args":[],"id":"f560056b-c569-42a1-a959-ccec8f246263","message":"peso","metadata":[],"receiver":{"id":"b74a6e14-1608-41de-abd7-0aa6522b108e","metadata":[],"name":"cosa","scope":{"containerScope":{"containerScope":{"containerScope":{"containerScope":{"containerScope":{"containerScope":{"containerScope":{"containerScope":{"containerScope":{"containerScope":{"containerScope":{"containerScope":{"containerScope":{"containerScope":{"contributions":{},"includedScopes":[]},"contributions":{},"includedScopes":[]},"contributions":{},"includedScopes":[]},"contributions":{},"includedScopes":[{"containerScope":{"containerScope":{"containerScope":{"contributions":{},"includedScopes":[]},"contributions":{},"includedScopes":[]},"contributions":{},"includedScopes":[]},"contributions":{},"includedScopes":[]}]},"contributions":{},"includedScopes":[]},"contributions":{},"includedScopes":[]},"contributions":{},"includedScopes":[]},"contributions":{},"includedScopes":[]},"contributions":{},"includedScopes":[]},"contributions":{},"includedScopes":[{"containerScope":{"containerScope":{"containerScope":{"contributions":{},"includedScopes":[]},"contributions":{},"includedScopes":[]},"contributions":{},"includedScopes":[]},"contributions":{},"includedScopes":[{"containerScope":{"containerScope":{"containerScope":{"contributions":{},"includedScopes":[]},"contributions":{},"includedScopes":[]},"contributions":{},"includedScopes":[]},"contributions":{},"includedScopes":[]}]},{"containerScope":{"containerScope":{"containerScope":{"contributions":{},"includedScopes":[]},"contributions":{},"includedScopes":[]},"contributions":{},"includedScopes":[]},"contributions":{},"includedScopes":[]}]},"contributions":{},"includedScopes":[]},"contributions":{},"includedScopes":[]},"contributions":{},"includedScopes":[]},"contributions":{},"includedScopes":[]},"contributions":{},"includedScopes":[]},"sourceMap":{"end":{"column":37,"line":61,"offset":1417},"start":{"column":33,"line":61,"offset":1413}}},"scope":{"containerScope":{"containerScope":{"containerScope":{"containerScope":{"containerScope":{"containerScope":{"containerScope":{"containerScope":{"containerScope":{"containerScope":{"containerScope":{"containerScope":{"containerScope":{"contributions":{},"includedScopes":[]},"contributions":{},"includedScopes":[]},"contributions":{},"includedScopes":[]},"contributions":{},"includedScopes":[{"containerScope":{"containerScope":{"containerScope":{"contributions":{},"includedScopes":[]},"contributions":{},"includedScopes":[]},"contributions":{},"includedScopes":[]},"contributions":{},"includedScopes":[]}]},"contributions":{},"includedScopes":[]},"contributions":{},"includedScopes":[]},"contributions":{},"includedScopes":[]},"contributions":{},"includedScopes":[]},"contributions":{},"includedScopes":[]},"contributions":{},"includedScopes":[{"containerScope":{"containerScope":{"containerScope":{"contributions":{},"includedScopes":[]},"contributions":{},"includedScopes":[]},"contributions":{},"includedScopes":[]},"contributions":{},"includedScopes":[{"containerScope":{"containerScope":{"containerScope":{"contributions":{},"includedScopes":[]},"contributions":{},"includedScopes":[]},"contributions":{},"includedScopes":[]},"contributions":{},"includedScopes":[]}]},{"containerScope":{"containerScope":{"containerScope":{"contributions":{},"includedScopes":[]},"contributions":{},"includedScopes":[]},"contributions":{},"includedScopes":[]},"contributions":{},"includedScopes":[]}]},"contributions":{},"includedScopes":[]},"contributions":{},"includedScopes":[]},"contributions":{},"includedScopes":[]},"contributions":{},"includedScopes":[]},"sourceMap":{"end":{"column":44,"line":61,"offset":1424},"start":{"column":33,"line":61,"offset":1413}}}}]},"compiled":false,"id":"bf3ccaaa-a0c8-407d-bc77-76e47e343858","isOverride":false,"metadata":[],"name":"<apply>","parameters":[{"id":"60522d8f-dc9b-4545-a185-6c31cf0ac620","isVarArg":false,"metadata":[],"name":"cosa","scope":{"containerScope":{"containerScope":{"containerScope":{"containerScope":{"containerScope":{"containerScope":{"containerScope":{"containerScope":{"containerScope":{"containerScope":{"containerScope":{"contributions":{},"includedScopes":[]},"contributions":{},"includedScopes":[]},"contributions":{},"includedScopes":[]},"contributions":{},"includedScopes":[{"containerScope":{"containerScope":{"containerScope":{"contributions":{},"includedScopes":[]},"contributions":{},"includedScopes":[]},"contributions":{},"includedScopes":[]},"contributions":{},"includedScopes":[]}]},"contributions":{},"includedScopes":[]},"contributions":{},"includedScopes":[]},"contributions":{},"includedScopes":[]},"contributions":{},"includedScopes":[]},"contributions":{},"includedScopes":[]},"contributions":{},"includedScopes":[{"containerScope":{"containerScope":{"containerScope":{"contributions":{},"includedScopes":[]},"contributions":{},"includedScopes":[]},"contributions":{},"includedScopes":[]},"contributions":{},"includedScopes":[{"containerScope":{"containerScope":{"containerScope":{"contributions":{},"includedScopes":[]},"contributions":{},"includedScopes":[]},"contributions":{},"includedScopes":[]},"contributions":{},"includedScopes":[]}]},{"containerScope":{"containerScope":{"containerScope":{"contributions":{},"includedScopes":[]},"contributions":{},"includedScopes":[]},"contributions":{},"includedScopes":[]},"contributions":{},"includedScopes":[]}]},"contributions":{},"includedScopes":[]},"contributions":{},"includedScopes":[]},"sourceMap":{"end":{"column":31,"line":61,"offset":1411},"start":{"column":27,"line":61,"offset":1407}}}],"scope":{"containerScope":{"containerScope":{"containerScope":{"containerScope":{"containerScope":{"containerScope":{"containerScope":{"containerScope":{"containerScope":{"containerScope":{"contributions":{},"includedScopes":[]},"contributions":{},"includedScopes":[]},"contributions":{},"includedScopes":[]},"contributions":{},"includedScopes":[{"containerScope":{"containerScope":{"containerScope":{"contributions":{},"includedScopes":[]},"contributions":{},"includedScopes":[]},"contributions":{},"includedScopes":[]},"contributions":{},"includedScopes":[]}]},"contributions":{},"includedScopes":[]},"contributions":{},"includedScopes":[]},"contributions":{},"includedScopes":[]},"contributions":{},"includedScopes":[]},"contributions":{},"includedScopes":[]},"contributions":{},"includedScopes":[{"containerScope":{"containerScope":{"containerScope":{"contributions":{},"includedScopes":[]},"contributions":{},"includedScopes":[]},"contributions":{},"includedScopes":[]},"contributions":{},"includedScopes":[{"containerScope":{"containerScope":{"containerScope":{"contributions":{},"includedScopes":[]},"contributions":{},"includedScopes":[]},"contributions":{},"includedScopes":[]},"contributions":{},"includedScopes":[]}]},{"containerScope":{"containerScope":{"containerScope":{"contributions":{},"includedScopes":[]},"contributions":{},"includedScopes":[]},"contributions":{},"includedScopes":[]},"contributions":{},"includedScopes":[]}]},"contributions":{},"includedScopes":[]}},{"id":"46894f29-c3d0-4ad0-97fe-62128ccf3460","isConstant":true,"isProperty":false,"metadata":[],"name":"<toString>","scope":{"containerScope":{"containerScope":{"containerScope":{"containerScope":{"containerScope":{"containerScope":{"containerScope":{"containerScope":{"containerScope":{"containerScope":{"contributions":{},"includedScopes":[]},"contributions":{},"includedScopes":[]},"contributions":{},"includedScopes":[]},"contributions":{},"includedScopes":[{"containerScope":{"containerScope":{"containerScope":{"contributions":{},"includedScopes":[]},"contributions":{},"includedScopes":[]},"contributions":{},"includedScopes":[]},"contributions":{},"includedScopes":[]}]},"contributions":{},"includedScopes":[]},"contributions":{},"includedScopes":[]},"contributions":{},"includedScopes":[]},"contributions":{},"includedScopes":[]},"contributions":{},"includedScopes":[]},"contributions":{},"includedScopes":[{"containerScope":{"containerScope":{"containerScope":{"contributions":{},"includedScopes":[]},"contributions":{},"includedScopes":[]},"contributions":{},"includedScopes":[]},"contributions":{},"includedScopes":[{"containerScope":{"containerScope":{"containerScope":{"contributions":{},"includedScopes":[]},"contributions":{},"includedScopes":[]},"contributions":{},"includedScopes":[]},"contributions":{},"includedScopes":[]}]},{"containerScope":{"containerScope":{"containerScope":{"contributions":{},"includedScopes":[]},"contributions":{},"includedScopes":[]},"contributions":{},"includedScopes":[]},"contributions":{},"includedScopes":[]}]},"contributions":{},"includedScopes":[]},"value":{"id":"20c5cebc-25fb-4bca-9b5c-733afb6c938d","metadata":[],"scope":{"containerScope":{"containerScope":{"containerScope":{"containerScope":{"containerScope":{"containerScope":{"containerScope":{"containerScope":{"containerScope":{"containerScope":{"containerScope":{"contributions":{},"includedScopes":[]},"contributions":{},"includedScopes":[]},"contributions":{},"includedScopes":[]},"contributions":{},"includedScopes":[{"containerScope":{"containerScope":{"containerScope":{"contributions":{},"includedScopes":[]},"contributions":{},"includedScopes":[]},"contributions":{},"includedScopes":[]},"contributions":{},"includedScopes":[]}]},"contributions":{},"includedScopes":[]},"contributions":{},"includedScopes":[]},"contributions":{},"includedScopes":[]},"contributions":{},"includedScopes":[]},"contributions":{},"includedScopes":[]},"contributions":{},"includedScopes":[{"containerScope":{"containerScope":{"containerScope":{"contributions":{},"includedScopes":[]},"contributions":{},"includedScopes":[]},"contributions":{},"includedScopes":[]},"contributions":{},"includedScopes":[{"containerScope":{"containerScope":{"containerScope":{"contributions":{},"includedScopes":[]},"contributions":{},"includedScopes":[]},"contributions":{},"includedScopes":[]},"contributions":{},"includedScopes":[]}]},{"containerScope":{"containerScope":{"containerScope":{"contributions":{},"includedScopes":[]},"contributions":{},"includedScopes":[]},"contributions":{},"includedScopes":[]},"contributions":{},"includedScopes":[]}]},"contributions":{},"includedScopes":[]},"contributions":{},"includedScopes":[]},"value":"{cosa=>cosa.peso()}"}}],"metadata":[],"scope":{"containerScope":{"containerScope":{"containerScope":{"containerScope":{"containerScope":{"containerScope":{"containerScope":{"containerScope":{"containerScope":{"contributions":{},"includedScopes":[]},"contributions":{},"includedScopes":[]},"contributions":{},"includedScopes":[]},"contributions":{},"includedScopes":[{"containerScope":{"containerScope":{"containerScope":{"contributions":{},"includedScopes":[]},"contributions":{},"includedScopes":[]},"contributions":{},"includedScopes":[]},"contributions":{},"includedScopes":[]}]},"contributions":{},"includedScopes":[]},"contributions":{},"includedScopes":[]},"contributions":{},"includedScopes":[]},"contributions":{},"includedScopes":[]},"contributions":{},"includedScopes":[]},"contributions":{},"includedScopes":[{"containerScope":{"containerScope":{"containerScope":{"contributions":{},"includedScopes":[]},"contributions":{},"includedScopes":[]},"contributions":{},"includedScopes":[]},"contributions":{},"includedScopes":[{"containerScope":{"containerScope":{"containerScope":{"contributions":{},"includedScopes":[]},"contributions":{},"includedScopes":[]},"contributions":{},"includedScopes":[]},"contributions":{},"includedScopes":[]}]},{"containerScope":{"containerScope":{"containerScope":{"contributions":{},"includedScopes":[]},"contributions":{},"includedScopes":[]},"contributions":{},"includedScopes":[]},"contributions":{},"includedScopes":[]}]},"sourceMap":{"end":{"column":45,"line":61,"offset":1425},"start":{"column":26,"line":61,"offset":1406}},"supertypes":[{"args":[],"id":"c4a77343-a501-4169-b357-18811ff5744d","metadata":[],"reference":{"id":"8f0f15aa-8f6c-48d1-bfc0-85f33acf6442","metadata":[],"name":"wollok.lang.Closure","scope":{"containerScope":{"containerScope":{"containerScope":{"containerScope":{"containerScope":{"containerScope":{"containerScope":{"containerScope":{"containerScope":{"containerScope":{"contributions":{},"includedScopes":[]},"contributions":{},"includedScopes":[]},"contributions":{},"includedScopes":[]},"contributions":{},"includedScopes":[{"containerScope":{"containerScope":{"containerScope":{"contributions":{},"includedScopes":[]},"contributions":{},"includedScopes":[]},"contributions":{},"includedScopes":[]},"contributions":{},"includedScopes":[]}]},"contributions":{},"includedScopes":[]},"contributions":{},"includedScopes":[]},"contributions":{},"includedScopes":[]},"contributions":{},"includedScopes":[]},"contributions":{},"includedScopes":[]},"contributions":{},"includedScopes":[{"containerScope":{"containerScope":{"containerScope":{"contributions":{},"includedScopes":[]},"contributions":{},"includedScopes":[]},"contributions":{},"includedScopes":[]},"contributions":{},"includedScopes":[{"containerScope":{"containerScope":{"containerScope":{"contributions":{},"includedScopes":[]},"contributions":{},"includedScopes":[]},"contributions":{},"includedScopes":[]},"contributions":{},"includedScopes":[]}]},{"containerScope":{"containerScope":{"containerScope":{"contributions":{},"includedScopes":[]},"contributions":{},"includedScopes":[]},"contributions":{},"includedScopes":[]},"contributions":{},"includedScopes":[]}]},"contributions":{},"includedScopes":[]}},"scope":{"containerScope":{"containerScope":{"containerScope":{"containerScope":{"containerScope":{"containerScope":{"containerScope":{"containerScope":{"containerScope":{"containerScope":{"contributions":{},"includedScopes":[]},"contributions":{},"includedScopes":[]},"contributions":{},"includedScopes":[]},"contributions":{},"includedScopes":[{"containerScope":{"containerScope":{"containerScope":{"contributions":{},"includedScopes":[]},"contributions":{},"includedScopes":[]},"contributions":{},"includedScopes":[]},"contributions":{},"includedScopes":[]}]},"contributions":{},"includedScopes":[]},"contributions":{},"includedScopes":[]},"contributions":{},"includedScopes":[]},"contributions":{},"includedScopes":[]},"contributions":{},"includedScopes":[]},"contributions":{},"includedScopes":[{"containerScope":{"containerScope":{"containerScope":{"contributions":{},"includedScopes":[]},"contributions":{},"includedScopes":[]},"contributions":{},"includedScopes":[]},"contributions":{},"includedScopes":[{"containerScope":{"containerScope":{"containerScope":{"contributions":{},"includedScopes":[]},"contributions":{},"includedScopes":[]},"contributions":{},"includedScopes":[]},"contributions":{},"includedScopes":[]}]},{"containerScope":{"containerScope":{"containerScope":{"contributions":{},"includedScopes":[]},"contributions":{},"includedScopes":[]},"contributions":{},"includedScopes":[]},"contributions":{},"includedScopes":[]}]},"contributions":{},"includedScopes":[]}}]}],"id":"8a8ce82c-e117-46b8-bb35-045f116228ab","message":"sum","metadata":[],"receiver":{"id":"90a4938d-1aca-4f1a-9f75-6ea1539f484d","metadata":[],"name":"cosas","scope":{"containerScope":{"containerScope":{"containerScope":{"containerScope":{"containerScope":{"containerScope":{"containerScope":{"containerScope":{"containerScope":{"contributions":{},"includedScopes":[]},"contributions":{},"includedScopes":[]},"contributions":{},"includedScopes":[]},"contributions":{},"includedScopes":[{"containerScope":{"containerScope":{"containerScope":{"contributions":{},"includedScopes":[]},"contributions":{},"includedScopes":[]},"contributions":{},"includedScopes":[]},"contributions":{},"includedScopes":[]}]},"contributions":{},"includedScopes":[]},"contributions":{},"includedScopes":[]},"contributions":{},"includedScopes":[]},"contributions":{},"includedScopes":[]},"contributions":{},"includedScopes":[]},"contributions":{},"includedScopes":[]},"sourceMap":{"end":{"column":21,"line":61,"offset":1401},"start":{"column":16,"line":61,"offset":1396}}},"scope":{"containerScope":{"containerScope":{"containerScope":{"containerScope":{"containerScope":{"containerScope":{"containerScope":{"containerScope":{"contributions":{},"includedScopes":[]},"contributions":{},"includedScopes":[]},"contributions":{},"includedScopes":[]},"contributions":{},"includedScopes":[{"containerScope":{"containerScope":{"containerScope":{"contributions":{},"includedScopes":[]},"contributions":{},"includedScopes":[]},"contributions":{},"includedScopes":[]},"contributions":{},"includedScopes":[]}]},"contributions":{},"includedScopes":[]},"contributions":{},"includedScopes":[]},"contributions":{},"includedScopes":[]},"contributions":{},"includedScopes":[]},"contributions":{},"includedScopes":[]},"sourceMap":{"end":{"column":46,"line":61,"offset":1426},"start":{"column":16,"line":61,"offset":1396}}}],"id":"57bd5945-b37c-472b-8ea2-9983d6dd8445","message":"+","metadata":[],"receiver":{"id":"36b7749b-88a3-4235-b1de-64cd6af3eeb0","metadata":[],"scope":{"containerScope":{"containerScope":{"containerScope":{"containerScope":{"containerScope":{"containerScope":{"containerScope":{"containerScope":{"contributions":{},"includedScopes":[]},"contributions":{},"includedScopes":[]},"contributions":{},"includedScopes":[]},"contributions":{},"includedScopes":[{"containerScope":{"containerScope":{"containerScope":{"contributions":{},"includedScopes":[]},"contributions":{},"includedScopes":[]},"contributions":{},"includedScopes":[]},"contributions":{},"includedScopes":[]}]},"contributions":{},"includedScopes":[]},"contributions":{},"includedScopes":[]},"contributions":{},"includedScopes":[]},"contributions":{},"includedScopes":[]},"contributions":{},"includedScopes":[]},"sourceMap":{"end":{"column":13,"line":61,"offset":1393},"start":{"column":10,"line":61,"offset":1390}},"value":100},"scope":{"containerScope":{"containerScope":{"containerScope":{"containerScope":{"containerScope":{"containerScope":{"containerScope":{"contributions":{},"includedScopes":[]},"contributions":{},"includedScopes":[]},"contributions":{},"includedScopes":[]},"contributions":{},"includedScopes":[{"containerScope":{"containerScope":{"containerScope":{"contributions":{},"includedScopes":[]},"contributions":{},"includedScopes":[]},"contributions":{},"includedScopes":[]},"contributions":{},"includedScopes":[]}]},"contributions":{},"includedScopes":[]},"contributions":{},"includedScopes":[]},"contributions":{},"includedScopes":[]},"contributions":{},"includedScopes":[]},"sourceMap":{"end":{"column":46,"line":61,"offset":1426},"start":{"column":10,"line":61,"offset":1390}}}}],"sourceMap":{"end":{"column":3,"line":62,"offset":1429},"start":{"column":15,"line":60,"offset":1379}}},"compiled":false,"id":"bc24316b-7180-4fa5-a3ba-2c6a11ac74cb","isOverride":false,"metadata":[],"name":"peso","parameters":[],"problems":[],"scope":{"containerScope":{"containerScope":{"containerScope":{"containerScope":{"contributions":{},"includedScopes":[]},"contributions":{},"includedScopes":[]},"contributions":{},"includedScopes":[]},"contributions":{},"includedScopes":[{"containerScope":{"containerScope":{"containerScope":{"contributions":{},"includedScopes":[]},"contributions":{},"includedScopes":[]},"contributions":{},"includedScopes":[]},"contributions":{},"includedScopes":[]}]},"contributions":{},"includedScopes":[]},"sourceMap":{"end":{"column":3,"line":62,"offset":1429},"start":{"column":2,"line":60,"offset":1366}}},{"body":{"id":"4eb03d47-6ff2-4ebd-9a80-797753316a71","metadata":[],"problems":[],"scope":{"containerScope":{"containerScope":{"containerScope":{"containerScope":{"containerScope":{"contributions":{},"includedScopes":[]},"contributions":{},"includedScopes":[]},"contributions":{},"includedScopes":[]},"contributions":{},"includedScopes":[{"containerScope":{"containerScope":{"containerScope":{"contributions":{},"includedScopes":[]},"contributions":{},"includedScopes":[]},"contributions":{},"includedScopes":[]},"contributions":{},"includedScopes":[]}]},"contributions":{},"includedScopes":[]},"contributions":{},"includedScopes":[]},"sentences":[{"id":"d44a03ee-27b0-4ace-be64-55020e19abcf","metadata":[],"scope":{"containerScope":{"containerScope":{"containerScope":{"containerScope":{"containerScope":{"containerScope":{"contributions":{},"includedScopes":[]},"contributions":{},"includedScopes":[]},"contributions":{},"includedScopes":[]},"contributions":{},"includedScopes":[{"containerScope":{"containerScope":{"containerScope":{"contributions":{},"includedScopes":[]},"contributions":{},"includedScopes":[]},"contributions":{},"includedScopes":[]},"contributions":{},"includedScopes":[]}]},"contributions":{},"includedScopes":[]},"contributions":{},"includedScopes":[]},"contributions":{},"includedScopes":[]},"sourceMap":{"end":{"column":78,"line":65,"offset":1538},"start":{"column":4,"line":65,"offset":1464}},"value":{"args":[],"id":"8b0eb5a3-bc79-45da-b838-a0acfbc45081","message":"nivelPeligrosidad","metadata":[],"receiver":{"args":[{"id":"8588ea09-e552-4252-b6df-c762996301c2","members":[{"body":{"id":"ba135acf-d4e8-4f07-bd0a-b4162fb05f33","metadata":[],"scope":{"containerScope":{"containerScope":{"containerScope":{"containerScope":{"containerScope":{"containerScope":{"containerScope":{"containerScope":{"containerScope":{"containerScope":{"containerScope":{"contributions":{},"includedScopes":[]},"contributions":{},"includedScopes":[]},"contributions":{},"includedScopes":[]},"contributions":{},"includedScopes":[{"containerScope":{"containerScope":{"containerScope":{"contributions":{},"includedScopes":[]},"contributions":{},"includedScopes":[]},"contributions":{},"includedScopes":[]},"contributions":{},"includedScopes":[]}]},"contributions":{},"includedScopes":[]},"contributions":{},"includedScopes":[]},"contributions":{},"includedScopes":[]},"contributions":{},"includedScopes":[]},"contributions":{},"includedScopes":[]},"contributions":{},"includedScopes":[{"containerScope":{"containerScope":{"containerScope":{"contributions":{},"includedScopes":[]},"contributions":{},"includedScopes":[]},"contributions":{},"includedScopes":[]},"contributions":{},"includedScopes":[{"containerScope":{"containerScope":{"containerScope":{"contributions":{},"includedScopes":[]},"contributions":{},"includedScopes":[]},"contributions":{},"includedScopes":[]},"contributions":{},"includedScopes":[]}]},{"containerScope":{"containerScope":{"containerScope":{"contributions":{},"includedScopes":[]},"contributions":{},"includedScopes":[]},"contributions":{},"includedScopes":[]},"contributions":{},"includedScopes":[]}]},"contributions":{},"includedScopes":[]},"contributions":{},"includedScopes":[]},"sentences":[{"id":"3636610e-639e-4972-bdde-4a38bf6e1fd0","metadata":[],"scope":{"containerScope":{"containerScope":{"containerScope":{"containerScope":{"containerScope":{"containerScope":{"containerScope":{"containerScope":{"containerScope":{"containerScope":{"containerScope":{"containerScope":{"contributions":{},"includedScopes":[]},"contributions":{},"includedScopes":[]},"contributions":{},"includedScopes":[]},"contributions":{},"includedScopes":[{"containerScope":{"containerScope":{"containerScope":{"contributions":{},"includedScopes":[]},"contributions":{},"includedScopes":[]},"contributions":{},"includedScopes":[]},"contributions":{},"includedScopes":[]}]},"contributions":{},"includedScopes":[]},"contributions":{},"includedScopes":[]},"contributions":{},"includedScopes":[]},"contributions":{},"includedScopes":[]},"contributions":{},"includedScopes":[]},"contributions":{},"includedScopes":[{"containerScope":{"containerScope":{"containerScope":{"contributions":{},"includedScopes":[]},"contributions":{},"includedScopes":[]},"contributions":{},"includedScopes":[]},"contributions":{},"includedScopes":[{"containerScope":{"containerScope":{"containerScope":{"contributions":{},"includedScopes":[]},"contributions":{},"includedScopes":[]},"contributions":{},"includedScopes":[]},"contributions":{},"includedScopes":[]}]},{"containerScope":{"containerScope":{"containerScope":{"contributions":{},"includedScopes":[]},"contributions":{},"includedScopes":[]},"contributions":{},"includedScopes":[]},"contributions":{},"includedScopes":[]}]},"contributions":{},"includedScopes":[]},"contributions":{},"includedScopes":[]},"contributions":{},"includedScopes":[]},"value":{"args":[],"id":"74721888-d2a7-42ff-a1a6-37a36ed32d73","message":"nivelPeligrosidad","metadata":[],"receiver":{"id":"00fb4b79-a5f4-4946-8df1-fbe938d4830b","metadata":[],"name":"cosa","scope":{"containerScope":{"containerScope":{"containerScope":{"containerScope":{"containerScope":{"containerScope":{"containerScope":{"containerScope":{"containerScope":{"containerScope":{"containerScope":{"containerScope":{"containerScope":{"containerScope":{"contributions":{},"includedScopes":[]},"contributions":{},"includedScopes":[]},"contributions":{},"includedScopes":[]},"contributions":{},"includedScopes":[{"containerScope":{"containerScope":{"containerScope":{"contributions":{},"includedScopes":[]},"contributions":{},"includedScopes":[]},"contributions":{},"includedScopes":[]},"contributions":{},"includedScopes":[]}]},"contributions":{},"includedScopes":[]},"contributions":{},"includedScopes":[]},"contributions":{},"includedScopes":[]},"contributions":{},"includedScopes":[]},"contributions":{},"includedScopes":[]},"contributions":{},"includedScopes":[{"containerScope":{"containerScope":{"containerScope":{"contributions":{},"includedScopes":[]},"contributions":{},"includedScopes":[]},"contributions":{},"includedScopes":[]},"contributions":{},"includedScopes":[{"containerScope":{"containerScope":{"containerScope":{"contributions":{},"includedScopes":[]},"contributions":{},"includedScopes":[]},"contributions":{},"includedScopes":[]},"contributions":{},"includedScopes":[]}]},{"containerScope":{"containerScope":{"containerScope":{"contributions":{},"includedScopes":[]},"contributions":{},"includedScopes":[]},"contributions":{},"includedScopes":[]},"contributions":{},"includedScopes":[]}]},"contributions":{},"includedScopes":[]},"contributions":{},"includedScopes":[]},"contributions":{},"includedScopes":[]},"contributions":{},"includedScopes":[]},"contributions":{},"includedScopes":[]},"sourceMap":{"end":{"column":35,"line":65,"offset":1495},"start":{"column":31,"line":65,"offset":1491}}},"scope":{"containerScope":{"containerScope":{"containerScope":{"containerScope":{"containerScope":{"containerScope":{"containerScope":{"containerScope":{"containerScope":{"containerScope":{"containerScope":{"containerScope":{"containerScope":{"contributions":{},"includedScopes":[]},"contributions":{},"includedScopes":[]},"contributions":{},"includedScopes":[]},"contributions":{},"includedScopes":[{"containerScope":{"containerScope":{"containerScope":{"contributions":{},"includedScopes":[]},"contributions":{},"includedScopes":[]},"contributions":{},"includedScopes":[]},"contributions":{},"includedScopes":[]}]},"contributions":{},"includedScopes":[]},"contributions":{},"includedScopes":[]},"contributions":{},"includedScopes":[]},"contributions":{},"includedScopes":[]},"contributions":{},"includedScopes":[]},"contributions":{},"includedScopes":[{"containerScope":{"containerScope":{"containerScope":{"contributions":{},"includedScopes":[]},"contributions":{},"includedScopes":[]},"contributions":{},"includedScopes":[]},"contributions":{},"includedScopes":[{"containerScope":{"containerScope":{"containerScope":{"contributions":{},"includedScopes":[]},"contributions":{},"includedScopes":[]},"contributions":{},"includedScopes":[]},"contributions":{},"includedScopes":[]}]},{"containerScope":{"containerScope":{"containerScope":{"contributions":{},"includedScopes":[]},"contributions":{},"includedScopes":[]},"contributions":{},"includedScopes":[]},"contributions":{},"includedScopes":[]}]},"contributions":{},"includedScopes":[]},"contributions":{},"includedScopes":[]},"contributions":{},"includedScopes":[]},"contributions":{},"includedScopes":[]},"sourceMap":{"end":{"column":55,"line":65,"offset":1515},"start":{"column":31,"line":65,"offset":1491}}}}]},"compiled":false,"id":"3e43b83a-f431-45db-a99e-7067e125aa0c","isOverride":false,"metadata":[],"name":"<apply>","parameters":[{"id":"1ee65546-2c8c-428d-bf85-c0171a9545a5","isVarArg":false,"metadata":[],"name":"cosa","scope":{"containerScope":{"containerScope":{"containerScope":{"containerScope":{"containerScope":{"containerScope":{"containerScope":{"containerScope":{"containerScope":{"containerScope":{"containerScope":{"contributions":{},"includedScopes":[]},"contributions":{},"includedScopes":[]},"contributions":{},"includedScopes":[]},"contributions":{},"includedScopes":[{"containerScope":{"containerScope":{"containerScope":{"contributions":{},"includedScopes":[]},"contributions":{},"includedScopes":[]},"contributions":{},"includedScopes":[]},"contributions":{},"includedScopes":[]}]},"contributions":{},"includedScopes":[]},"contributions":{},"includedScopes":[]},"contributions":{},"includedScopes":[]},"contributions":{},"includedScopes":[]},"contributions":{},"includedScopes":[]},"contributions":{},"includedScopes":[{"containerScope":{"containerScope":{"containerScope":{"contributions":{},"includedScopes":[]},"contributions":{},"includedScopes":[]},"contributions":{},"includedScopes":[]},"contributions":{},"includedScopes":[{"containerScope":{"containerScope":{"containerScope":{"contributions":{},"includedScopes":[]},"contributions":{},"includedScopes":[]},"contributions":{},"includedScopes":[]},"contributions":{},"includedScopes":[]}]},{"containerScope":{"containerScope":{"containerScope":{"contributions":{},"includedScopes":[]},"contributions":{},"includedScopes":[]},"contributions":{},"includedScopes":[]},"contributions":{},"includedScopes":[]}]},"contributions":{},"includedScopes":[]},"contributions":{},"includedScopes":[]},"sourceMap":{"end":{"column":27,"line":65,"offset":1487},"start":{"column":23,"line":65,"offset":1483}}}],"scope":{"containerScope":{"containerScope":{"containerScope":{"containerScope":{"containerScope":{"containerScope":{"containerScope":{"containerScope":{"containerScope":{"containerScope":{"contributions":{},"includedScopes":[]},"contributions":{},"includedScopes":[]},"contributions":{},"includedScopes":[]},"contributions":{},"includedScopes":[{"containerScope":{"containerScope":{"containerScope":{"contributions":{},"includedScopes":[]},"contributions":{},"includedScopes":[]},"contributions":{},"includedScopes":[]},"contributions":{},"includedScopes":[]}]},"contributions":{},"includedScopes":[]},"contributions":{},"includedScopes":[]},"contributions":{},"includedScopes":[]},"contributions":{},"includedScopes":[]},"contributions":{},"includedScopes":[]},"contributions":{},"includedScopes":[{"containerScope":{"containerScope":{"containerScope":{"contributions":{},"includedScopes":[]},"contributions":{},"includedScopes":[]},"contributions":{},"includedScopes":[]},"contributions":{},"includedScopes":[{"containerScope":{"containerScope":{"containerScope":{"contributions":{},"includedScopes":[]},"contributions":{},"includedScopes":[]},"contributions":{},"includedScopes":[]},"contributions":{},"includedScopes":[]}]},{"containerScope":{"containerScope":{"containerScope":{"contributions":{},"includedScopes":[]},"contributions":{},"includedScopes":[]},"contributions":{},"includedScopes":[]},"contributions":{},"includedScopes":[]}]},"contributions":{},"includedScopes":[]}},{"id":"be8c6d8a-95d1-4a30-a508-4356b09712e2","isConstant":true,"isProperty":false,"metadata":[],"name":"<toString>","scope":{"containerScope":{"containerScope":{"containerScope":{"containerScope":{"containerScope":{"containerScope":{"containerScope":{"containerScope":{"containerScope":{"containerScope":{"contributions":{},"includedScopes":[]},"contributions":{},"includedScopes":[]},"contributions":{},"includedScopes":[]},"contributions":{},"includedScopes":[{"containerScope":{"containerScope":{"containerScope":{"contributions":{},"includedScopes":[]},"contributions":{},"includedScopes":[]},"contributions":{},"includedScopes":[]},"contributions":{},"includedScopes":[]}]},"contributions":{},"includedScopes":[]},"contributions":{},"includedScopes":[]},"contributions":{},"includedScopes":[]},"contributions":{},"includedScopes":[]},"contributions":{},"includedScopes":[]},"contributions":{},"includedScopes":[{"containerScope":{"containerScope":{"containerScope":{"contributions":{},"includedScopes":[]},"contributions":{},"includedScopes":[]},"contributions":{},"includedScopes":[]},"contributions":{},"includedScopes":[{"containerScope":{"containerScope":{"containerScope":{"contributions":{},"includedScopes":[]},"contributions":{},"includedScopes":[]},"contributions":{},"includedScopes":[]},"contributions":{},"includedScopes":[]}]},{"containerScope":{"containerScope":{"containerScope":{"contributions":{},"includedScopes":[]},"contributions":{},"includedScopes":[]},"contributions":{},"includedScopes":[]},"contributions":{},"includedScopes":[]}]},"contributions":{},"includedScopes":[]},"value":{"id":"94f90a40-5e53-4935-98a2-b1638e326ea5","metadata":[],"scope":{"containerScope":{"containerScope":{"containerScope":{"containerScope":{"containerScope":{"containerScope":{"containerScope":{"containerScope":{"containerScope":{"containerScope":{"containerScope":{"contributions":{},"includedScopes":[]},"contributions":{},"includedScopes":[]},"contributions":{},"includedScopes":[]},"contributions":{},"includedScopes":[{"containerScope":{"containerScope":{"containerScope":{"contributions":{},"includedScopes":[]},"contributions":{},"includedScopes":[]},"contributions":{},"includedScopes":[]},"contributions":{},"includedScopes":[]}]},"contributions":{},"includedScopes":[]},"contributions":{},"includedScopes":[]},"contributions":{},"includedScopes":[]},"contributions":{},"includedScopes":[]},"contributions":{},"includedScopes":[]},"contributions":{},"includedScopes":[{"containerScope":{"containerScope":{"containerScope":{"contributions":{},"includedScopes":[]},"contributions":{},"includedScopes":[]},"contributions":{},"includedScopes":[]},"contributions":{},"includedScopes":[{"containerScope":{"containerScope":{"containerScope":{"contributions":{},"includedScopes":[]},"contributions":{},"includedScopes":[]},"contributions":{},"includedScopes":[]},"contributions":{},"includedScopes":[]}]},{"containerScope":{"containerScope":{"containerScope":{"contributions":{},"includedScopes":[]},"contributions":{},"includedScopes":[]},"contributions":{},"includedScopes":[]},"contributions":{},"includedScopes":[]}]},"contributions":{},"includedScopes":[]},"contributions":{},"includedScopes":[]},"value":"{cosa => cosa.nivelPeligrosidad()}"}}],"metadata":[],"scope":{"containerScope":{"containerScope":{"containerScope":{"containerScope":{"containerScope":{"containerScope":{"containerScope":{"containerScope":{"containerScope":{"contributions":{},"includedScopes":[]},"contributions":{},"includedScopes":[]},"contributions":{},"includedScopes":[]},"contributions":{},"includedScopes":[{"containerScope":{"containerScope":{"containerScope":{"contributions":{},"includedScopes":[]},"contributions":{},"includedScopes":[]},"contributions":{},"includedScopes":[]},"contributions":{},"includedScopes":[]}]},"contributions":{},"includedScopes":[]},"contributions":{},"includedScopes":[]},"contributions":{},"includedScopes":[]},"contributions":{},"includedScopes":[]},"contributions":{},"includedScopes":[]},"contributions":{},"includedScopes":[{"containerScope":{"containerScope":{"containerScope":{"contributions":{},"includedScopes":[]},"contributions":{},"includedScopes":[]},"contributions":{},"includedScopes":[]},"contributions":{},"includedScopes":[{"containerScope":{"containerScope":{"containerScope":{"contributions":{},"includedScopes":[]},"contributions":{},"includedScopes":[]},"contributions":{},"includedScopes":[]},"contributions":{},"includedScopes":[]}]},{"containerScope":{"containerScope":{"containerScope":{"contributions":{},"includedScopes":[]},"contributions":{},"includedScopes":[]},"contributions":{},"includedScopes":[]},"contributions":{},"includedScopes":[]}]},"sourceMap":{"end":{"column":56,"line":65,"offset":1516},"start":{"column":22,"line":65,"offset":1482}},"supertypes":[{"args":[],"id":"f5c03ad5-5101-41e3-b043-1c0611741171","metadata":[],"reference":{"id":"79e6166c-c3ff-43c2-a881-2e276c6a7262","metadata":[],"name":"wollok.lang.Closure","scope":{"containerScope":{"containerScope":{"containerScope":{"containerScope":{"containerScope":{"containerScope":{"containerScope":{"containerScope":{"containerScope":{"containerScope":{"contributions":{},"includedScopes":[]},"contributions":{},"includedScopes":[]},"contributions":{},"includedScopes":[]},"contributions":{},"includedScopes":[{"containerScope":{"containerScope":{"containerScope":{"contributions":{},"includedScopes":[]},"contributions":{},"includedScopes":[]},"contributions":{},"includedScopes":[]},"contributions":{},"includedScopes":[]}]},"contributions":{},"includedScopes":[]},"contributions":{},"includedScopes":[]},"contributions":{},"includedScopes":[]},"contributions":{},"includedScopes":[]},"contributions":{},"includedScopes":[]},"contributions":{},"includedScopes":[{"containerScope":{"containerScope":{"containerScope":{"contributions":{},"includedScopes":[]},"contributions":{},"includedScopes":[]},"contributions":{},"includedScopes":[]},"contributions":{},"includedScopes":[{"containerScope":{"containerScope":{"containerScope":{"contributions":{},"includedScopes":[]},"contributions":{},"includedScopes":[]},"contributions":{},"includedScopes":[]},"contributions":{},"includedScopes":[]}]},{"containerScope":{"containerScope":{"containerScope":{"contributions":{},"includedScopes":[]},"contributions":{},"includedScopes":[]},"contributions":{},"includedScopes":[]},"contributions":{},"includedScopes":[]}]},"contributions":{},"includedScopes":[]}},"scope":{"containerScope":{"containerScope":{"containerScope":{"containerScope":{"containerScope":{"containerScope":{"containerScope":{"containerScope":{"containerScope":{"containerScope":{"contributions":{},"includedScopes":[]},"contributions":{},"includedScopes":[]},"contributions":{},"includedScopes":[]},"contributions":{},"includedScopes":[{"containerScope":{"containerScope":{"containerScope":{"contributions":{},"includedScopes":[]},"contributions":{},"includedScopes":[]},"contributions":{},"includedScopes":[]},"contributions":{},"includedScopes":[]}]},"contributions":{},"includedScopes":[]},"contributions":{},"includedScopes":[]},"contributions":{},"includedScopes":[]},"contributions":{},"includedScopes":[]},"contributions":{},"includedScopes":[]},"contributions":{},"includedScopes":[{"containerScope":{"containerScope":{"containerScope":{"contributions":{},"includedScopes":[]},"contributions":{},"includedScopes":[]},"contributions":{},"includedScopes":[]},"contributions":{},"includedScopes":[{"containerScope":{"containerScope":{"containerScope":{"contributions":{},"includedScopes":[]},"contributions":{},"includedScopes":[]},"contributions":{},"includedScopes":[]},"contributions":{},"includedScopes":[]}]},{"containerScope":{"containerScope":{"containerScope":{"contributions":{},"includedScopes":[]},"contributions":{},"includedScopes":[]},"contributions":{},"includedScopes":[]},"contributions":{},"includedScopes":[]}]},"contributions":{},"includedScopes":[]}}]}],"id":"607c0595-5c1a-429f-ba20-65abb99c9318","message":"max","metadata":[],"receiver":{"id":"25ff1cd8-dcfc-4ede-9af9-deedf8035930","metadata":[],"name":"cosas","scope":{"containerScope":{"containerScope":{"containerScope":{"containerScope":{"containerScope":{"containerScope":{"containerScope":{"containerScope":{"containerScope":{"contributions":{},"includedScopes":[]},"contributions":{},"includedScopes":[]},"contributions":{},"includedScopes":[]},"contributions":{},"includedScopes":[{"containerScope":{"containerScope":{"containerScope":{"contributions":{},"includedScopes":[]},"contributions":{},"includedScopes":[]},"contributions":{},"includedScopes":[]},"contributions":{},"includedScopes":[]}]},"contributions":{},"includedScopes":[]},"contributions":{},"includedScopes":[]},"contributions":{},"includedScopes":[]},"contributions":{},"includedScopes":[]},"contributions":{},"includedScopes":[]},"contributions":{},"includedScopes":[]},"sourceMap":{"end":{"column":17,"line":65,"offset":1477},"start":{"column":12,"line":65,"offset":1472}}},"scope":{"containerScope":{"containerScope":{"containerScope":{"containerScope":{"containerScope":{"containerScope":{"containerScope":{"containerScope":{"contributions":{},"includedScopes":[]},"contributions":{},"includedScopes":[]},"contributions":{},"includedScopes":[]},"contributions":{},"includedScopes":[{"containerScope":{"containerScope":{"containerScope":{"contributions":{},"includedScopes":[]},"contributions":{},"includedScopes":[]},"contributions":{},"includedScopes":[]},"contributions":{},"includedScopes":[]}]},"contributions":{},"includedScopes":[]},"contributions":{},"includedScopes":[]},"contributions":{},"includedScopes":[]},"contributions":{},"includedScopes":[]},"contributions":{},"includedScopes":[]},"sourceMap":{"end":{"column":57,"line":65,"offset":1517},"start":{"column":12,"line":65,"offset":1472}}},"scope":{"containerScope":{"containerScope":{"containerScope":{"containerScope":{"containerScope":{"containerScope":{"containerScope":{"contributions":{},"includedScopes":[]},"contributions":{},"includedScopes":[]},"contributions":{},"includedScopes":[]},"contributions":{},"includedScopes":[{"containerScope":{"containerScope":{"containerScope":{"contributions":{},"includedScopes":[]},"contributions":{},"includedScopes":[]},"contributions":{},"includedScopes":[]},"contributions":{},"includedScopes":[]}]},"contributions":{},"includedScopes":[]},"contributions":{},"includedScopes":[]},"contributions":{},"includedScopes":[]},"contributions":{},"includedScopes":[]},"sourceMap":{"end":{"column":78,"line":65,"offset":1538},"start":{"column":11,"line":65,"offset":1471}}}}],"sourceMap":{"end":{"column":3,"line":66,"offset":1541},"start":{"column":29,"line":64,"offset":1459}}},"compiled":false,"id":"9d02c627-cd5a-4ea5-9069-e54bb63940d8","isOverride":false,"metadata":[],"name":"nivelPeligrosidad","parameters":[],"problems":[],"scope":{"containerScope":{"containerScope":{"containerScope":{"containerScope":{"contributions":{},"includedScopes":[]},"contributions":{},"includedScopes":[]},"contributions":{},"includedScopes":[]},"contributions":{},"includedScopes":[{"containerScope":{"containerScope":{"containerScope":{"contributions":{},"includedScopes":[]},"contributions":{},"includedScopes":[]},"contributions":{},"includedScopes":[]},"contributions":{},"includedScopes":[]}]},"contributions":{},"includedScopes":[]},"sourceMap":{"end":{"column":3,"line":66,"offset":1541},"start":{"column":2,"line":64,"offset":1432}}},{"body":{"id":"752bca45-9d52-4079-903e-5dcdfbe1afce","metadata":[],"problems":[],"scope":{"containerScope":{"containerScope":{"containerScope":{"containerScope":{"containerScope":{"contributions":{},"includedScopes":[]},"contributions":{},"includedScopes":[]},"contributions":{},"includedScopes":[]},"contributions":{},"includedScopes":[{"containerScope":{"containerScope":{"containerScope":{"contributions":{},"includedScopes":[]},"contributions":{},"includedScopes":[]},"contributions":{},"includedScopes":[]},"contributions":{},"includedScopes":[]}]},"contributions":{},"includedScopes":[]},"contributions":{},"includedScopes":[]},"sentences":[{"args":[{"id":"e0440d17-dd50-4921-84d7-67dcf407357b","metadata":[],"name":"cosa","scope":{"containerScope":{"containerScope":{"containerScope":{"containerScope":{"containerScope":{"containerScope":{"containerScope":{"contributions":{},"includedScopes":[]},"contributions":{},"includedScopes":[]},"contributions":{},"includedScopes":[]},"contributions":{},"includedScopes":[{"containerScope":{"containerScope":{"containerScope":{"contributions":{},"includedScopes":[]},"contributions":{},"includedScopes":[]},"contributions":{},"includedScopes":[]},"contributions":{},"includedScopes":[]}]},"contributions":{},"includedScopes":[]},"contributions":{},"includedScopes":[]},"contributions":{},"includedScopes":[]},"contributions":{},"includedScopes":[]},"sourceMap":{"end":{"column":18,"line":68,"offset":1587},"start":{"column":14,"line":68,"offset":1583}}}],"id":"70d535fc-d26b-4bf9-acbf-8588965d78a3","message":"add","metadata":[],"receiver":{"id":"4088d527-9491-43ab-abef-89d2cfb003dc","metadata":[],"name":"cosas","scope":{"containerScope":{"containerScope":{"containerScope":{"containerScope":{"containerScope":{"containerScope":{"containerScope":{"contributions":{},"includedScopes":[]},"contributions":{},"includedScopes":[]},"contributions":{},"includedScopes":[]},"contributions":{},"includedScopes":[{"containerScope":{"containerScope":{"containerScope":{"contributions":{},"includedScopes":[]},"contributions":{},"includedScopes":[]},"contributions":{},"includedScopes":[]},"contributions":{},"includedScopes":[]}]},"contributions":{},"includedScopes":[]},"contributions":{},"includedScopes":[]},"contributions":{},"includedScopes":[]},"contributions":{},"includedScopes":[]},"sourceMap":{"end":{"column":9,"line":68,"offset":1578},"start":{"column":4,"line":68,"offset":1573}}},"scope":{"containerScope":{"containerScope":{"containerScope":{"containerScope":{"containerScope":{"containerScope":{"contributions":{},"includedScopes":[]},"contributions":{},"includedScopes":[]},"contributions":{},"includedScopes":[]},"contributions":{},"includedScopes":[{"containerScope":{"containerScope":{"containerScope":{"contributions":{},"includedScopes":[]},"contributions":{},"includedScopes":[]},"contributions":{},"includedScopes":[]},"contributions":{},"includedScopes":[]}]},"contributions":{},"includedScopes":[]},"contributions":{},"includedScopes":[]},"contributions":{},"includedScopes":[]},"sourceMap":{"end":{"column":19,"line":68,"offset":1588},"start":{"column":4,"line":68,"offset":1573}}}],"sourceMap":{"end":{"column":3,"line":69,"offset":1591},"start":{"column":27,"line":67,"offset":1568}}},"compiled":false,"id":"22ab6dcb-7841-4f64-b60c-e71f29c20227","isOverride":false,"metadata":[],"name":"agregarCosa","parameters":[{"id":"81e93882-930a-4050-b1d8-c1bd6f1fa75e","isVarArg":false,"metadata":[],"name":"cosa","scope":{"containerScope":{"containerScope":{"containerScope":{"containerScope":{"containerScope":{"contributions":{},"includedScopes":[]},"contributions":{},"includedScopes":[]},"contributions":{},"includedScopes":[]},"contributions":{},"includedScopes":[{"containerScope":{"containerScope":{"containerScope":{"contributions":{},"includedScopes":[]},"contributions":{},"includedScopes":[]},"contributions":{},"includedScopes":[]},"contributions":{},"includedScopes":[]}]},"contributions":{},"includedScopes":[]},"contributions":{},"includedScopes":[]},"sourceMap":{"end":{"column":25,"line":67,"offset":1566},"start":{"column":21,"line":67,"offset":1562}}}],"problems":[],"scope":{"containerScope":{"containerScope":{"containerScope":{"containerScope":{"contributions":{},"includedScopes":[]},"contributions":{},"includedScopes":[]},"contributions":{},"includedScopes":[]},"contributions":{},"includedScopes":[{"containerScope":{"containerScope":{"containerScope":{"contributions":{},"includedScopes":[]},"contributions":{},"includedScopes":[]},"contributions":{},"includedScopes":[]},"contributions":{},"includedScopes":[]}]},"contributions":{},"includedScopes":[]},"sourceMap":{"end":{"column":3,"line":69,"offset":1591},"start":{"column":2,"line":67,"offset":1543}}},{"body":{"id":"3eac4cb6-df01-4001-a059-84f8341a7763","metadata":[],"problems":[],"scope":{"containerScope":{"containerScope":{"containerScope":{"containerScope":{"containerScope":{"contributions":{},"includedScopes":[]},"contributions":{},"includedScopes":[]},"contributions":{},"includedScopes":[]},"contributions":{},"includedScopes":[{"containerScope":{"containerScope":{"containerScope":{"contributions":{},"includedScopes":[]},"contributions":{},"includedScopes":[]},"contributions":{},"includedScopes":[]},"contributions":{},"includedScopes":[]}]},"contributions":{},"includedScopes":[]},"contributions":{},"includedScopes":[]},"sentences":[{"id":"a64f0bf7-5605-472a-a71b-7dac419b1ba1","metadata":[],"scope":{"containerScope":{"containerScope":{"containerScope":{"containerScope":{"containerScope":{"containerScope":{"contributions":{},"includedScopes":[]},"contributions":{},"includedScopes":[]},"contributions":{},"includedScopes":[]},"contributions":{},"includedScopes":[{"containerScope":{"containerScope":{"containerScope":{"contributions":{},"includedScopes":[]},"contributions":{},"includedScopes":[]},"contributions":{},"includedScopes":[]},"contributions":{},"includedScopes":[]}]},"contributions":{},"includedScopes":[]},"contributions":{},"includedScopes":[]},"contributions":{},"includedScopes":[]},"value":{"args":[{"id":"12753b5f-4e5e-4c82-928a-3933c2aacfda","metadata":[],"name":"cosas","scope":{"containerScope":{"containerScope":{"containerScope":{"containerScope":{"containerScope":{"containerScope":{"containerScope":{"containerScope":{"contributions":{},"includedScopes":[]},"contributions":{},"includedScopes":[]},"contributions":{},"includedScopes":[]},"contributions":{},"includedScopes":[{"containerScope":{"containerScope":{"containerScope":{"contributions":{},"includedScopes":[]},"contributions":{},"includedScopes":[]},"contributions":{},"includedScopes":[]},"contributions":{},"includedScopes":[]}]},"contributions":{},"includedScopes":[]},"contributions":{},"includedScopes":[]},"contributions":{},"includedScopes":[]},"contributions":{},"includedScopes":[]},"contributions":{},"includedScopes":[]},"sourceMap":{"end":{"column":29,"line":70,"offset":1620},"start":{"column":24,"line":70,"offset":1615}}}],"id":"a839a023-d43d-4508-90a4-5d90dd40fb98","message":"+","metadata":[],"receiver":{"id":"e3b2d26f-c5ef-4671-9f2f-37345b11cfb9","metadata":[],"scope":{"containerScope":{"containerScope":{"containerScope":{"containerScope":{"containerScope":{"containerScope":{"containerScope":{"containerScope":{"contributions":{},"includedScopes":[]},"contributions":{},"includedScopes":[]},"contributions":{},"includedScopes":[]},"contributions":{},"includedScopes":[{"containerScope":{"containerScope":{"containerScope":{"contributions":{},"includedScopes":[]},"contributions":{},"includedScopes":[]},"contributions":{},"includedScopes":[]},"contributions":{},"includedScopes":[]}]},"contributions":{},"includedScopes":[]},"contributions":{},"includedScopes":[]},"contributions":{},"includedScopes":[]},"contributions":{},"includedScopes":[]},"contributions":{},"includedScopes":[]},"sourceMap":{"end":{"column":21,"line":70,"offset":1612},"start":{"column":20,"line":70,"offset":1611}},"value":1},"scope":{"containerScope":{"containerScope":{"containerScope":{"containerScope":{"containerScope":{"containerScope":{"containerScope":{"contributions":{},"includedScopes":[]},"contributions":{},"includedScopes":[]},"contributions":{},"includedScopes":[]},"contributions":{},"includedScopes":[{"containerScope":{"containerScope":{"containerScope":{"contributions":{},"includedScopes":[]},"contributions":{},"includedScopes":[]},"contributions":{},"includedScopes":[]},"contributions":{},"includedScopes":[]}]},"contributions":{},"includedScopes":[]},"contributions":{},"includedScopes":[]},"contributions":{},"includedScopes":[]},"contributions":{},"includedScopes":[]},"sourceMap":{"end":{"column":29,"line":70,"offset":1620},"start":{"column":20,"line":70,"offset":1611}}}}],"sourceMap":{"end":{"column":29,"line":70,"offset":1620},"start":{"column":20,"line":70,"offset":1611}}},"compiled":false,"id":"42d1d83e-2f56-4003-81c6-4cd25c7f4e95","isOverride":false,"metadata":[],"name":"bultos","parameters":[],"problems":[],"scope":{"containerScope":{"containerScope":{"containerScope":{"containerScope":{"contributions":{},"includedScopes":[]},"contributions":{},"includedScopes":[]},"contributions":{},"includedScopes":[]},"contributions":{},"includedScopes":[{"containerScope":{"containerScope":{"containerScope":{"contributions":{},"includedScopes":[]},"contributions":{},"includedScopes":[]},"contributions":{},"includedScopes":[]},"contributions":{},"includedScopes":[]}]},"contributions":{},"includedScopes":[]},"sourceMap":{"end":{"column":29,"line":70,"offset":1620},"start":{"column":2,"line":70,"offset":1593}}},{"body":{"id":"833a7dc5-7174-4eb1-a5b4-9efa56dbf86f","metadata":[],"scope":{"containerScope":{"containerScope":{"containerScope":{"containerScope":{"containerScope":{"contributions":{},"includedScopes":[]},"contributions":{},"includedScopes":[]},"contributions":{},"includedScopes":[]},"contributions":{},"includedScopes":[{"containerScope":{"containerScope":{"containerScope":{"contributions":{},"includedScopes":[]},"contributions":{},"includedScopes":[]},"contributions":{},"includedScopes":[]},"contributions":{},"includedScopes":[]}]},"contributions":{},"includedScopes":[]},"contributions":{},"includedScopes":[]},"sentences":[{"id":"7df796e4-d30b-42a9-9522-94a3538c9abd","metadata":[],"scope":{"containerScope":{"containerScope":{"containerScope":{"containerScope":{"containerScope":{"containerScope":{"contributions":{},"includedScopes":[]},"contributions":{},"includedScopes":[]},"contributions":{},"includedScopes":[]},"contributions":{},"includedScopes":[{"containerScope":{"containerScope":{"containerScope":{"contributions":{},"includedScopes":[]},"contributions":{},"includedScopes":[]},"contributions":{},"includedScopes":[]},"contributions":{},"includedScopes":[]}]},"contributions":{},"includedScopes":[]},"contributions":{},"includedScopes":[]},"contributions":{},"includedScopes":[]},"value":{"id":"a1e06789-5e10-4711-a0e9-589ff77a4d77","metadata":[],"name":"cosas","scope":{"containerScope":{"containerScope":{"containerScope":{"containerScope":{"containerScope":{"containerScope":{"containerScope":{"contributions":{},"includedScopes":[]},"contributions":{},"includedScopes":[]},"contributions":{},"includedScopes":[]},"contributions":{},"includedScopes":[{"containerScope":{"containerScope":{"containerScope":{"contributions":{},"includedScopes":[]},"contributions":{},"includedScopes":[]},"contributions":{},"includedScopes":[]},"contributions":{},"includedScopes":[]}]},"contributions":{},"includedScopes":[]},"contributions":{},"includedScopes":[]},"contributions":{},"includedScopes":[]},"contributions":{},"includedScopes":[]}}}]},"compiled":false,"id":"c222f731-810c-4586-bdd2-0cbfb6560afb","isOverride":false,"metadata":[],"name":"cosas","parameters":[],"scope":{"containerScope":{"containerScope":{"containerScope":{"containerScope":{"contributions":{},"includedScopes":[]},"contributions":{},"includedScopes":[]},"contributions":{},"includedScopes":[]},"contributions":{},"includedScopes":[{"containerScope":{"containerScope":{"containerScope":{"contributions":{},"includedScopes":[]},"contributions":{},"includedScopes":[]},"contributions":{},"includedScopes":[]},"contributions":{},"includedScopes":[]}]},"contributions":{},"includedScopes":[]}},{"body":{"id":"b6ec71ac-adee-488c-861e-b24440b329c2","metadata":[],"scope":{"containerScope":{"containerScope":{"containerScope":{"containerScope":{"containerScope":{"contributions":{},"includedScopes":[]},"contributions":{},"includedScopes":[]},"contributions":{},"includedScopes":[]},"contributions":{},"includedScopes":[{"containerScope":{"containerScope":{"containerScope":{"contributions":{},"includedScopes":[]},"contributions":{},"includedScopes":[]},"contributions":{},"includedScopes":[]},"contributions":{},"includedScopes":[]}]},"contributions":{},"includedScopes":[]},"contributions":{},"includedScopes":[]},"sentences":[{"id":"e38b7753-f335-4397-8fef-1173fb4395d2","metadata":[],"scope":{"containerScope":{"containerScope":{"containerScope":{"containerScope":{"containerScope":{"containerScope":{"contributions":{},"includedScopes":[]},"contributions":{},"includedScopes":[]},"contributions":{},"includedScopes":[]},"contributions":{},"includedScopes":[{"containerScope":{"containerScope":{"containerScope":{"contributions":{},"includedScopes":[]},"contributions":{},"includedScopes":[]},"contributions":{},"includedScopes":[]},"contributions":{},"includedScopes":[]}]},"contributions":{},"includedScopes":[]},"contributions":{},"includedScopes":[]},"contributions":{},"includedScopes":[]},"value":{"id":"480bb224-a1b7-4bec-be33-a305a0016e98","metadata":[],"name":"<value>","scope":{"containerScope":{"containerScope":{"containerScope":{"containerScope":{"containerScope":{"containerScope":{"containerScope":{"contributions":{},"includedScopes":[]},"contributions":{},"includedScopes":[]},"contributions":{},"includedScopes":[]},"contributions":{},"includedScopes":[{"containerScope":{"containerScope":{"containerScope":{"contributions":{},"includedScopes":[]},"contributions":{},"includedScopes":[]},"contributions":{},"includedScopes":[]},"contributions":{},"includedScopes":[]}]},"contributions":{},"includedScopes":[]},"contributions":{},"includedScopes":[]},"contributions":{},"includedScopes":[]},"contributions":{},"includedScopes":[]}},"variable":{"id":"ee5e4a27-f42b-4317-bf2d-06d3cf27f671","metadata":[],"name":"cosas","scope":{"containerScope":{"containerScope":{"containerScope":{"containerScope":{"containerScope":{"containerScope":{"containerScope":{"contributions":{},"includedScopes":[]},"contributions":{},"includedScopes":[]},"contributions":{},"includedScopes":[]},"contributions":{},"includedScopes":[{"containerScope":{"containerScope":{"containerScope":{"contributions":{},"includedScopes":[]},"contributions":{},"includedScopes":[]},"contributions":{},"includedScopes":[]},"contributions":{},"includedScopes":[]}]},"contributions":{},"includedScopes":[]},"contributions":{},"includedScopes":[]},"contributions":{},"includedScopes":[]},"contributions":{},"includedScopes":[]}}}]},"compiled":false,"id":"4a88f67c-cfb8-427e-bb19-2915e13e7ccc","isOverride":false,"metadata":[],"name":"cosas","parameters":[{"id":"6809620e-3fa0-4901-b3c8-264c2a0b23ea","isVarArg":false,"metadata":[],"name":"<value>","scope":{"containerScope":{"containerScope":{"containerScope":{"containerScope":{"containerScope":{"contributions":{},"includedScopes":[]},"contributions":{},"includedScopes":[]},"contributions":{},"includedScopes":[]},"contributions":{},"includedScopes":[{"containerScope":{"containerScope":{"containerScope":{"contributions":{},"includedScopes":[]},"contributions":{},"includedScopes":[]},"contributions":{},"includedScopes":[]},"contributions":{},"includedScopes":[]}]},"contributions":{},"includedScopes":[]},"contributions":{},"includedScopes":[]}}],"scope":{"containerScope":{"containerScope":{"containerScope":{"containerScope":{"contributions":{},"includedScopes":[]},"contributions":{},"includedScopes":[]},"contributions":{},"includedScopes":[]},"contributions":{},"includedScopes":[{"containerScope":{"containerScope":{"containerScope":{"contributions":{},"includedScopes":[]},"contributions":{},"includedScopes":[]},"contributions":{},"includedScopes":[]},"contributions":{},"includedScopes":[]}]},"contributions":{},"includedScopes":[]}}],"metadata":[],"name":"contenedorPortuario","problems":[{"code":"malformedMember","sourceMap":{"end":{"column":0,"line":71,"offset":1654},"start":{"column":29,"line":70,"offset":1620}}}],"scope":{"containerScope":{"containerScope":{"containerScope":{"contributions":{},"includedScopes":[]},"contributions":{},"includedScopes":[]},"contributions":{},"includedScopes":[]},"contributions":{},"includedScopes":[{"containerScope":{"containerScope":{"containerScope":{"contributions":{},"includedScopes":[]},"contributions":{},"includedScopes":[]},"contributions":{},"includedScopes":[]},"contributions":{},"includedScopes":[]}]},"sourceMap":{"end":{"column":2,"line":71,"offset":1656},"start":{"column":1,"line":58,"offset":1312}},"supertypes":[]},"stack":"Error: Failed to print, found malformed node\n    at /home/ramiro/.vscode/extensions/uqbar.wollok-lsp-ide-0.5.5/out/server/src/server.js:68:3585\n    at Ybn (/home/ramiro/.vscode/extensions/uqbar.wollok-lsp-ide-0.5.5/out/server/src/server.js:68:3396)\n    at /home/ramiro/.vscode/extensions/uqbar.wollok-lsp-ide-0.5.5/out/server/src/server.js:2430:847\n    at /home/ramiro/.vscode/extensions/uqbar.wollok-lsp-ide-0.5.5/out/server/src/server.js:2430:8440\n    at /home/ramiro/.vscode/extensions/uqbar.wollok-lsp-ide-0.5.5/out/server/src/server.js:37:74770\n    at Ke (/home/ramiro/.vscode/extensions/uqbar.wollok-lsp-ide-0.5.5/out/server/src/server.js:7:8527)\n    at It (/home/ramiro/.vscode/extensions/uqbar.wollok-lsp-ide-0.5.5/out/server/src/server.js:7:6189)\n    at et (/home/ramiro/.vscode/extensions/uqbar.wollok-lsp-ide-0.5.5/out/server/src/server.js:7:6378)\n    at Immediate._onImmediate (/home/ramiro/.vscode/extensions/uqbar.wollok-lsp-ide-0.5.5/out/server/src/server.js:7:6142)\n    at process.processImmediate (node:internal/timers:504:21)","timestamp":"2026-09-17T03:02:40.499Z"}
{"level":"error","message":"✘ Failed to get type description: Error: Failed to print, found malformed node Failed to print, found malformed node","node":{"id":"ec5b7130-dd3a-462e-9254-7a7f4852a7af","members":[{"id":"a6099b69-3c92-4e51-a9b3-d13eb998a87f","isConstant":false,"isProperty":true,"metadata":[],"name":"cosas","scope":{"containerScope":{"containerScope":{"containerScope":{"containerScope":{"contributions":{},"includedScopes":[]},"contributions":{},"includedScopes":[]},"contributions":{},"includedScopes":[]},"contributions":{},"includedScopes":[{"containerScope":{"containerScope":{"containerScope":{"contributions":{},"includedScopes":[]},"contributions":{},"includedScopes":[]},"contributions":{},"includedScopes":[]},"contributions":{},"includedScopes":[]}]},"contributions":{},"includedScopes":[]},"sourceMap":{"end":{"column":25,"line":59,"offset":1364},"start":{"column":2,"line":59,"offset":1341}},"value":{"id":"b33c6150-2b96-4acf-bc8f-e627732db385","metadata":[],"scope":{"containerScope":{"containerScope":{"containerScope":{"containerScope":{"containerScope":{"contributions":{},"includedScopes":[]},"contributions":{},"includedScopes":[]},"contributions":{},"includedScopes":[]},"contributions":{},"includedScopes":[{"containerScope":{"containerScope":{"containerScope":{"contributions":{},"includedScopes":[]},"contributions":{},"includedScopes":[]},"contributions":{},"includedScopes":[]},"contributions":{},"includedScopes":[]}]},"contributions":{},"includedScopes":[]},"contributions":{},"includedScopes":[]},"sourceMap":{"end":{"column":25,"line":59,"offset":1364},"start":{"column":23,"line":59,"offset":1362}},"value":[{"id":"b0cc3537-4d3f-4fb4-9779-f1f75ba21a43","metadata":[],"name":"wollok.lang.List","scope":{"containerScope":{"containerScope":{"containerScope":{"containerScope":{"containerScope":{"containerScope":{"contributions":{},"includedScopes":[]},"contributions":{},"includedScopes":[]},"contributions":{},"includedScopes":[]},"contributions":{},"includedScopes":[{"containerScope":{"containerScope":{"containerScope":{"contributions":{},"includedScopes":[]},"contributions":{},"includedScopes":[]},"contributions":{},"includedScopes":[]},"contributions":{},"includedScopes":[]}]},"contributions":{},"includedScopes":[]},"contributions":{},"includedScopes":[]},"contributions":{},"includedScopes":[]}},[]]}},{"body":{"id":"231f2de0-25c7-4a05-81bc-4a796edc5402","metadata":[],"problems":[],"scope":{"containerScope":{"containerScope":{"containerScope":{"containerScope":{"containerScope":{"contributions":{},"includedScopes":[]},"contributions":{},"includedScopes":[]},"contributions":{},"includedScopes":[]},"contributions":{},"includedScopes":[{"containerScope":{"containerScope":{"containerScope":{"contributions":{},"includedScopes":[]},"contributions":{},"includedScopes":[]},"contributions":{},"includedScopes":[]},"contributions":{},"includedScopes":[]}]},"contributions":{},"includedScopes":[]},"contributions":{},"includedScopes":[]},"sentences":[{"id":"68100748-faa6-42b8-bc84-e0b2d2fdce82","metadata":[],"scope":{"containerScope":{"containerScope":{"containerScope":{"containerScope":{"containerScope":{"containerScope":{"contributions":{},"includedScopes":[]},"contributions":{},"includedScopes":[]},"contributions":{},"includedScopes":[]},"contributions":{},"includedScopes":[{"containerScope":{"containerScope":{"containerScope":{"contributions":{},"includedScopes":[]},"contributions":{},"includedScopes":[]},"contributions":{},"includedScopes":[]},"contributions":{},"includedScopes":[]}]},"contributions":{},"includedScopes":[]},"contributions":{},"includedScopes":[]},"contributions":{},"includedScopes":[]},"sourceMap":{"end":{"column":46,"line":61,"offset":1426},"start":{"column":3,"line":61,"offset":1383}},"value":{"args":[{"args":[{"id":"10d87890-4f26-4947-bc06-f7263f8a7d44","members":[{"body":{"id":"367312f8-7739-4131-917d-81a9a4735f37","metadata":[],"scope":{"containerScope":{"containerScope":{"containerScope":{"containerScope":{"containerScope":{"containerScope":{"containerScope":{"containerScope":{"containerScope":{"containerScope":{"containerScope":{"contributions":{},"includedScopes":[]},"contributions":{},"includedScopes":[]},"contributions":{},"includedScopes":[]},"contributions":{},"includedScopes":[{"containerScope":{"containerScope":{"containerScope":{"contributions":{},"includedScopes":[]},"contributions":{},"includedScopes":[]},"contributions":{},"includedScopes":[]},"contributions":{},"includedScopes":[]}]},"contributions":{},"includedScopes":[]},"contributions":{},"includedScopes":[]},"contributions":{},"includedScopes":[]},"contributions":{},"includedScopes":[]},"contributions":{},"includedScopes":[]},"contributions":{},"includedScopes":[{"containerScope":{"containerScope":{"containerScope":{"contributions":{},"includedScopes":[]},"contributions":{},"includedScopes":[]},"contributions":{},"includedScopes":[]},"contributions":{},"includedScopes":[{"containerScope":{"containerScope":{"containerScope":{"contributions":{},"includedScopes":[]},"contributions":{},"includedScopes":[]},"contributions":{},"includedScopes":[]},"contributions":{},"includedScopes":[]}]},{"containerScope":{"containerScope":{"containerScope":{"contributions":{},"includedScopes":[]},"contributions":{},"includedScopes":[]},"contributions":{},"includedScopes":[]},"contributions":{},"includedScopes":[]}]},"contributions":{},"includedScopes":[]},"contributions":{},"includedScopes":[]},"sentences":[{"id":"f28dc937-029a-48df-aecf-fd82e826f357","metadata":[],"scope":{"containerScope":{"containerScope":{"containerScope":{"containerScope":{"containerScope":{"containerScope":{"containerScope":{"containerScope":{"containerScope":{"containerScope":{"containerScope":{"containerScope":{"contributions":{},"includedScopes":[]},"contributions":{},"includedScopes":[]},"contributions":{},"includedScopes":[]},"contributions":{},"includedScopes":[{"containerScope":{"containerScope":{"containerScope":{"contributions":{},"includedScopes":[]},"contributions":{},"includedScopes":[]},"contributions":{},"includedScopes":[]},"contributions":{},"includedScopes":[]}]},"contributions":{},"includedScopes":[]},"contributions":{},"includedScopes":[]},"contributions":{},"includedScopes":[]},"contributions":{},"includedScopes":[]},"contributions":{},"includedScopes":[]},"contributions":{},"includedScopes":[{"containerScope":{"containerScope":{"containerScope":{"contributions":{},"includedScopes":[]},"contributions":{},"includedScopes":[]},"contributions":{},"includedScopes":[]},"contributions":{},"includedScopes":[{"containerScope":{"containerScope":{"containerScope":{"contributions":{},"includedScopes":[]},"contributions":{},"includedScopes":[]},"contributions":{},"includedScopes":[]},"contributions":{},"includedScopes":[]}]},{"containerScope":{"containerScope":{"containerScope":{"contributions":{},"includedScopes":[]},"contributions":{},"includedScopes":[]},"contributions":{},"includedScopes":[]},"contributions":{},"includedScopes":[]}]},"contributions":{},"includedScopes":[]},"contributions":{},"includedScopes":[]},"contributions":{},"includedScopes":[]},"value":{"args":[],"id":"f560056b-c569-42a1-a959-ccec8f246263","message":"peso","metadata":[],"receiver":{"id":"b74a6e14-1608-41de-abd7-0aa6522b108e","metadata":[],"name":"cosa","scope":{"containerScope":{"containerScope":{"containerScope":{"containerScope":{"containerScope":{"containerScope":{"containerScope":{"containerScope":{"containerScope":{"containerScope":{"containerScope":{"containerScope":{"containerScope":{"containerScope":{"contributions":{},"includedScopes":[]},"contributions":{},"includedScopes":[]},"contributions":{},"includedScopes":[]},"contributions":{},"includedScopes":[{"containerScope":{"containerScope":{"containerScope":{"contributions":{},"includedScopes":[]},"contributions":{},"includedScopes":[]},"contributions":{},"includedScopes":[]},"contributions":{},"includedScopes":[]}]},"contributions":{},"includedScopes":[]},"contributions":{},"includedScopes":[]},"contributions":{},"includedScopes":[]},"contributions":{},"includedScopes":[]},"contributions":{},"includedScopes":[]},"contributions":{},"includedScopes":[{"containerScope":{"containerScope":{"containerScope":{"contributions":{},"includedScopes":[]},"contributions":{},"includedScopes":[]},"contributions":{},"includedScopes":[]},"contributions":{},"includedScopes":[{"containerScope":{"containerScope":{"containerScope":{"contributions":{},"includedScopes":[]},"contributions":{},"includedScopes":[]},"contributions":{},"includedScopes":[]},"contributions":{},"includedScopes":[]}]},{"containerScope":{"containerScope":{"containerScope":{"contributions":{},"includedScopes":[]},"contributions":{},"includedScopes":[]},"contributions":{},"includedScopes":[]},"contributions":{},"includedScopes":[]}]},"contributions":{},"includedScopes":[]},"contributions":{},"includedScopes":[]},"contributions":{},"includedScopes":[]},"contributions":{},"includedScopes":[]},"contributions":{},"includedScopes":[]},"sourceMap":{"end":{"column":37,"line":61,"offset":1417},"start":{"column":33,"line":61,"offset":1413}}},"scope":{"containerScope":{"containerScope":{"containerScope":{"containerScope":{"containerScope":{"containerScope":{"containerScope":{"containerScope":{"containerScope":{"containerScope":{"containerScope":{"containerScope":{"containerScope":{"contributions":{},"includedScopes":[]},"contributions":{},"includedScopes":[]},"contributions":{},"includedScopes":[]},"contributions":{},"includedScopes":[{"containerScope":{"containerScope":{"containerScope":{"contributions":{},"includedScopes":[]},"contributions":{},"includedScopes":[]},"contributions":{},"includedScopes":[]},"contributions":{},"includedScopes":[]}]},"contributions":{},"includedScopes":[]},"contributions":{},"includedScopes":[]},"contributions":{},"includedScopes":[]},"contributions":{},"includedScopes":[]},"contributions":{},"includedScopes":[]},"contributions":{},"includedScopes":[{"containerScope":{"containerScope":{"containerScope":{"contributions":{},"includedScopes":[]},"contributions":{},"includedScopes":[]},"contributions":{},"includedScopes":[]},"contributions":{},"includedScopes":[{"containerScope":{"containerScope":{"containerScope":{"contributions":{},"includedScopes":[]},"contributions":{},"includedScopes":[]},"contributions":{},"includedScopes":[]},"contributions":{},"includedScopes":[]}]},{"containerScope":{"containerScope":{"containerScope":{"contributions":{},"includedScopes":[]},"contributions":{},"includedScopes":[]},"contributions":{},"includedScopes":[]},"contributions":{},"includedScopes":[]}]},"contributions":{},"includedScopes":[]},"contributions":{},"includedScopes":[]},"contributions":{},"includedScopes":[]},"contributions":{},"includedScopes":[]},"sourceMap":{"end":{"column":44,"line":61,"offset":1424},"start":{"column":33,"line":61,"offset":1413}}}}]},"compiled":false,"id":"bf3ccaaa-a0c8-407d-bc77-76e47e343858","isOverride":false,"metadata":[],"name":"<apply>","parameters":[{"id":"60522d8f-dc9b-4545-a185-6c31cf0ac620","isVarArg":false,"metadata":[],"name":"cosa","scope":{"containerScope":{"containerScope":{"containerScope":{"containerScope":{"containerScope":{"containerScope":{"containerScope":{"containerScope":{"containerScope":{"containerScope":{"containerScope":{"contributions":{},"includedScopes":[]},"contributions":{},"includedScopes":[]},"contributions":{},"includedScopes":[]},"contributions":{},"includedScopes":[{"containerScope":{"containerScope":{"containerScope":{"contributions":{},"includedScopes":[]},"contributions":{},"includedScopes":[]},"contributions":{},"includedScopes":[]},"contributions":{},"includedScopes":[]}]},"contributions":{},"includedScopes":[]},"contributions":{},"includedScopes":[]},"contributions":{},"includedScopes":[]},"contributions":{},"includedScopes":[]},"contributions":{},"includedScopes":[]},"contributions":{},"includedScopes":[{"containerScope":{"containerScope":{"containerScope":{"contributions":{},"includedScopes":[]},"contributions":{},"includedScopes":[]},"contributions":{},"includedScopes":[]},"contributions":{},"includedScopes":[{"containerScope":{"containerScope":{"containerScope":{"contributions":{},"includedScopes":[]},"contributions":{},"includedScopes":[]},"contributions":{},"includedScopes":[]},"contributions":{},"includedScopes":[]}]},{"containerScope":{"containerScope":{"containerScope":{"contributions":{},"includedScopes":[]},"contributions":{},"includedScopes":[]},"contributions":{},"includedScopes":[]},"contributions":{},"includedScopes":[]}]},"contributions":{},"includedScopes":[]},"contributions":{},"includedScopes":[]},"sourceMap":{"end":{"column":31,"line":61,"offset":1411},"start":{"column":27,"line":61,"offset":1407}}}],"scope":{"containerScope":{"containerScope":{"containerScope":{"containerScope":{"containerScope":{"containerScope":{"containerScope":{"containerScope":{"containerScope":{"containerScope":{"contributions":{},"includedScopes":[]},"contributions":{},"includedScopes":[]},"contributions":{},"includedScopes":[]},"contributions":{},"includedScopes":[{"containerScope":{"containerScope":{"containerScope":{"contributions":{},"includedScopes":[]},"contributions":{},"includedScopes":[]},"contributions":{},"includedScopes":[]},"contributions":{},"includedScopes":[]}]},"contributions":{},"includedScopes":[]},"contributions":{},"includedScopes":[]},"contributions":{},"includedScopes":[]},"contributions":{},"includedScopes":[]},"contributions":{},"includedScopes":[]},"contributions":{},"includedScopes":[{"containerScope":{"containerScope":{"containerScope":{"contributions":{},"includedScopes":[]},"contributions":{},"includedScopes":[]},"contributions":{},"includedScopes":[]},"contributions":{},"includedScopes":[{"containerScope":{"containerScope":{"containerScope":{"contributions":{},"includedScopes":[]},"contributions":{},"includedScopes":[]},"contributions":{},"includedScopes":[]},"contributions":{},"includedScopes":[]}]},{"containerScope":{"containerScope":{"containerScope":{"contributions":{},"includedScopes":[]},"contributions":{},"includedScopes":[]},"contributions":{},"includedScopes":[]},"contributions":{},"includedScopes":[]}]},"contributions":{},"includedScopes":[]}},{"id":"46894f29-c3d0-4ad0-97fe-62128ccf3460","isConstant":true,"isProperty":false,"metadata":[],"name":"<toString>","scope":{"containerScope":{"containerScope":{"containerScope":{"containerScope":{"containerScope":{"containerScope":{"containerScope":{"containerScope":{"containerScope":{"containerScope":{"contributions":{},"includedScopes":[]},"contributions":{},"includedScopes":[]},"contributions":{},"includedScopes":[]},"contributions":{},"includedScopes":[{"containerScope":{"containerScope":{"containerScope":{"contributions":{},"includedScopes":[]},"contributions":{},"includedScopes":[]},"contributions":{},"includedScopes":[]},"contributions":{},"includedScopes":[]}]},"contributions":{},"includedScopes":[]},"contributions":{},"includedScopes":[]},"contributions":{},"includedScopes":[]},"contributions":{},"includedScopes":[]},"contributions":{},"includedScopes":[]},"contributions":{},"includedScopes":[{"containerScope":{"containerScope":{"containerScope":{"contributions":{},"includedScopes":[]},"contributions":{},"includedScopes":[]},"contributions":{},"includedScopes":[]},"contributions":{},"includedScopes":[{"containerScope":{"containerScope":{"containerScope":{"contributions":{},"includedScopes":[]},"contributions":{},"includedScopes":[]},"contributions":{},"includedScopes":[]},"contributions":{},"includedScopes":[]}]},{"containerScope":{"containerScope":{"containerScope":{"contributions":{},"includedScopes":[]},"contributions":{},"includedScopes":[]},"contributions":{},"includedScopes":[]},"contributions":{},"includedScopes":[]}]},"contributions":{},"includedScopes":[]},"value":{"id":"20c5cebc-25fb-4bca-9b5c-733afb6c938d","metadata":[],"scope":{"containerScope":{"containerScope":{"containerScope":{"containerScope":{"containerScope":{"containerScope":{"containerScope":{"containerScope":{"containerScope":{"containerScope":{"containerScope":{"contributions":{},"includedScopes":[]},"contributions":{},"includedScopes":[]},"contributions":{},"includedScopes":[]},"contributions":{},"includedScopes":[{"containerScope":{"containerScope":{"containerScope":{"contributions":{},"includedScopes":[]},"contributions":{},"includedScopes":[]},"contributions":{},"includedScopes":[]},"contributions":{},"includedScopes":[]}]},"contributions":{},"includedScopes":[]},"contributions":{},"includedScopes":[]},"contributions":{},"includedScopes":[]},"contributions":{},"includedScopes":[]},"contributions":{},"includedScopes":[]},"contributions":{},"includedScopes":[{"containerScope":{"containerScope":{"containerScope":{"contributions":{},"includedScopes":[]},"contributions":{},"includedScopes":[]},"contributions":{},"includedScopes":[]},"contributions":{},"includedScopes":[{"containerScope":{"containerScope":{"containerScope":{"contributions":{},"includedScopes":[]},"contributions":{},"includedScopes":[]},"contributions":{},"includedScopes":[]},"contributions":{},"includedScopes":[]}]},{"containerScope":{"containerScope":{"containerScope":{"contributions":{},"includedScopes":[]},"contributions":{},"includedScopes":[]},"contributions":{},"includedScopes":[]},"contributions":{},"includedScopes":[]}]},"contributions":{},"includedScopes":[]},"contributions":{},"includedScopes":[]},"value":"{cosa=>cosa.peso()}"}}],"metadata":[],"scope":{"containerScope":{"containerScope":{"containerScope":{"containerScope":{"containerScope":{"containerScope":{"containerScope":{"containerScope":{"containerScope":{"contributions":{},"includedScopes":[]},"contributions":{},"includedScopes":[]},"contributions":{},"includedScopes":[]},"contributions":{},"includedScopes":[{"containerScope":{"containerScope":{"containerScope":{"contributions":{},"includedScopes":[]},"contributions":{},"includedScopes":[]},"contributions":{},"includedScopes":[]},"contributions":{},"includedScopes":[]}]},"contributions":{},"includedScopes":[]},"contributions":{},"includedScopes":[]},"contributions":{},"includedScopes":[]},"contributions":{},"includedScopes":[]},"contributions":{},"includedScopes":[]},"contributions":{},"includedScopes":[{"containerScope":{"containerScope":{"containerScope":{"contributions":{},"includedScopes":[]},"contributions":{},"includedScopes":[]},"contributions":{},"includedScopes":[]},"contributions":{},"includedScopes":[{"containerScope":{"containerScope":{"containerScope":{"contributions":{},"includedScopes":[]},"contributions":{},"includedScopes":[]},"contributions":{},"includedScopes":[]},"contributions":{},"includedScopes":[]}]},{"containerScope":{"containerScope":{"containerScope":{"contributions":{},"includedScopes":[]},"contributions":{},"includedScopes":[]},"contributions":{},"includedScopes":[]},"contributions":{},"includedScopes":[]}]},"sourceMap":{"end":{"column":45,"line":61,"offset":1425},"start":{"column":26,"line":61,"offset":1406}},"supertypes":[{"args":[],"id":"c4a77343-a501-4169-b357-18811ff5744d","metadata":[],"reference":{"id":"8f0f15aa-8f6c-48d1-bfc0-85f33acf6442","metadata":[],"name":"wollok.lang.Closure","scope":{"containerScope":{"containerScope":{"containerScope":{"containerScope":{"containerScope":{"containerScope":{"containerScope":{"containerScope":{"containerScope":{"containerScope":{"contributions":{},"includedScopes":[]},"contributions":{},"includedScopes":[]},"contributions":{},"includedScopes":[]},"contributions":{},"includedScopes":[{"containerScope":{"containerScope":{"containerScope":{"contributions":{},"includedScopes":[]},"contributions":{},"includedScopes":[]},"contributions":{},"includedScopes":[]},"contributions":{},"includedScopes":[]}]},"contributions":{},"includedScopes":[]},"contributions":{},"includedScopes":[]},"contributions":{},"includedScopes":[]},"contributions":{},"includedScopes":[]},"contributions":{},"includedScopes":[]},"contributions":{},"includedScopes":[{"containerScope":{"containerScope":{"containerScope":{"contributions":{},"includedScopes":[]},"contributions":{},"includedScopes":[]},"contributions":{},"includedScopes":[]},"contributions":{},"includedScopes":[{"containerScope":{"containerScope":{"containerScope":{"contributions":{},"includedScopes":[]},"contributions":{},"includedScopes":[]},"contributions":{},"includedScopes":[]},"contributions":{},"includedScopes":[]}]},{"containerScope":{"containerScope":{"containerScope":{"contributions":{},"includedScopes":[]},"contributions":{},"includedScopes":[]},"contributions":{},"includedScopes":[]},"contributions":{},"includedScopes":[]}]},"contributions":{},"includedScopes":[]}},"scope":{"containerScope":{"containerScope":{"containerScope":{"containerScope":{"containerScope":{"containerScope":{"containerScope":{"containerScope":{"containerScope":{"containerScope":{"contributions":{},"includedScopes":[]},"contributions":{},"includedScopes":[]},"contributions":{},"includedScopes":[]},"contributions":{},"includedScopes":[{"containerScope":{"containerScope":{"containerScope":{"contributions":{},"includedScopes":[]},"contributions":{},"includedScopes":[]},"contributions":{},"includedScopes":[]},"contributions":{},"includedScopes":[]}]},"contributions":{},"includedScopes":[]},"contributions":{},"includedScopes":[]},"contributions":{},"includedScopes":[]},"contributions":{},"includedScopes":[]},"contributions":{},"includedScopes":[]},"contributions":{},"includedScopes":[{"containerScope":{"containerScope":{"containerScope":{"contributions":{},"includedScopes":[]},"contributions":{},"includedScopes":[]},"contributions":{},"includedScopes":[]},"contributions":{},"includedScopes":[{"containerScope":{"containerScope":{"containerScope":{"contributions":{},"includedScopes":[]},"contributions":{},"includedScopes":[]},"contributions":{},"includedScopes":[]},"contributions":{},"includedScopes":[]}]},{"containerScope":{"containerScope":{"containerScope":{"contributions":{},"includedScopes":[]},"contributions":{},"includedScopes":[]},"contributions":{},"includedScopes":[]},"contributions":{},"includedScopes":[]}]},"contributions":{},"includedScopes":[]}}]}],"id":"8a8ce82c-e117-46b8-bb35-045f116228ab","message":"sum","metadata":[],"receiver":{"id":"90a4938d-1aca-4f1a-9f75-6ea1539f484d","metadata":[],"name":"cosas","scope":{"containerScope":{"containerScope":{"containerScope":{"containerScope":{"containerScope":{"containerScope":{"containerScope":{"containerScope":{"containerScope":{"contributions":{},"includedScopes":[]},"contributions":{},"includedScopes":[]},"contributions":{},"includedScopes":[]},"contributions":{},"includedScopes":[{"containerScope":{"containerScope":{"containerScope":{"contributions":{},"includedScopes":[]},"contributions":{},"includedScopes":[]},"contributions":{},"includedScopes":[]},"contributions":{},"includedScopes":[]}]},"contributions":{},"includedScopes":[]},"contributions":{},"includedScopes":[]},"contributions":{},"includedScopes":[]},"contributions":{},"includedScopes":[]},"contributions":{},"includedScopes":[]},"contributions":{},"includedScopes":[]},"sourceMap":{"end":{"column":21,"line":61,"offset":1401},"start":{"column":16,"line":61,"offset":1396}}},"scope":{"containerScope":{"containerScope":{"containerScope":{"containerScope":{"containerScope":{"containerScope":{"containerScope":{"containerScope":{"contributions":{},"includedScopes":[]},"contributions":{},"includedScopes":[]},"contributions":{},"includedScopes":[]},"contributions":{},"includedScopes":[{"containerScope":{"containerScope":{"containerScope":{"contributions":{},"includedScopes":[]},"contributions":{},"includedScopes":[]},"contributions":{},"includedScopes":[]},"contributions":{},"includedScopes":[]}]},"contributions":{},"includedScopes":[]},"contributions":{},"includedScopes":[]},"contributions":{},"includedScopes":[]},"contributions":{},"includedScopes":[]},"contributions":{},"includedScopes":[]},"sourceMap":{"end":{"column":46,"line":61,"offset":1426},"start":{"column":16,"line":61,"offset":1396}}}],"id":"57bd5945-b37c-472b-8ea2-9983d6dd8445","message":"+","metadata":[],"receiver":{"id":"36b7749b-88a3-4235-b1de-64cd6af3eeb0","metadata":[],"scope":{"containerScope":{"containerScope":{"containerScope":{"containerScope":{"containerScope":{"containerScope":{"containerScope":{"containerScope":{"contributions":{},"includedScopes":[]},"contributions":{},"includedScopes":[]},"contributions":{},"includedScopes":[]},"contributions":{},"includedScopes":[{"containerScope":{"containerScope":{"containerScope":{"contributions":{},"includedScopes":[]},"contributions":{},"includedScopes":[]},"contributions":{},"includedScopes":[]},"contributions":{},"includedScopes":[]}]},"contributions":{},"includedScopes":[]},"contributions":{},"includedScopes":[]},"contributions":{},"includedScopes":[]},"contributions":{},"includedScopes":[]},"contributions":{},"includedScopes":[]},"sourceMap":{"end":{"column":13,"line":61,"offset":1393},"start":{"column":10,"line":61,"offset":1390}},"value":100},"scope":{"containerScope":{"containerScope":{"containerScope":{"containerScope":{"containerScope":{"containerScope":{"containerScope":{"contributions":{},"includedScopes":[]},"contributions":{},"includedScopes":[]},"contributions":{},"includedScopes":[]},"contributions":{},"includedScopes":[{"containerScope":{"containerScope":{"containerScope":{"contributions":{},"includedScopes":[]},"contributions":{},"includedScopes":[]},"contributions":{},"includedScopes":[]},"contributions":{},"includedScopes":[]}]},"contributions":{},"includedScopes":[]},"contributions":{},"includedScopes":[]},"contributions":{},"includedScopes":[]},"contributions":{},"includedScopes":[]},"sourceMap":{"end":{"column":46,"line":61,"offset":1426},"start":{"column":10,"line":61,"offset":1390}}}}],"sourceMap":{"end":{"column":3,"line":62,"offset":1429},"start":{"column":15,"line":60,"offset":1379}}},"compiled":false,"id":"bc24316b-7180-4fa5-a3ba-2c6a11ac74cb","isOverride":false,"metadata":[],"name":"peso","parameters":[],"problems":[],"scope":{"containerScope":{"containerScope":{"containerScope":{"containerScope":{"contributions":{},"includedScopes":[]},"contributions":{},"includedScopes":[]},"contributions":{},"includedScopes":[]},"contributions":{},"includedScopes":[{"containerScope":{"containerScope":{"containerScope":{"contributions":{},"includedScopes":[]},"contributions":{},"includedScopes":[]},"contributions":{},"includedScopes":[]},"contributions":{},"includedScopes":[]}]},"contributions":{},"includedScopes":[]},"sourceMap":{"end":{"column":3,"line":62,"offset":1429},"start":{"column":2,"line":60,"offset":1366}}},{"body":{"id":"4eb03d47-6ff2-4ebd-9a80-797753316a71","metadata":[],"problems":[],"scope":{"containerScope":{"containerScope":{"containerScope":{"containerScope":{"containerScope":{"contributions":{},"includedScopes":[]},"contributions":{},"includedScopes":[]},"contributions":{},"includedScopes":[]},"contributions":{},"includedScopes":[{"containerScope":{"containerScope":{"containerScope":{"contributions":{},"includedScopes":[]},"contributions":{},"includedScopes":[]},"contributions":{},"includedScopes":[]},"contributions":{},"includedScopes":[]}]},"contributions":{},"includedScopes":[]},"contributions":{},"includedScopes":[]},"sentences":[{"id":"d44a03ee-27b0-4ace-be64-55020e19abcf","metadata":[],"scope":{"containerScope":{"containerScope":{"containerScope":{"containerScope":{"containerScope":{"containerScope":{"contributions":{},"includedScopes":[]},"contributions":{},"includedScopes":[]},"contributions":{},"includedScopes":[]},"contributions":{},"includedScopes":[{"containerScope":{"containerScope":{"containerScope":{"contributions":{},"includedScopes":[]},"contributions":{},"includedScopes":[]},"contributions":{},"includedScopes":[]},"contributions":{},"includedScopes":[]}]},"contributions":{},"includedScopes":[]},"contributions":{},"includedScopes":[]},"contributions":{},"includedScopes":[]},"sourceMap":{"end":{"column":78,"line":65,"offset":1538},"start":{"column":4,"line":65,"offset":1464}},"value":{"args":[],"id":"8b0eb5a3-bc79-45da-b838-a0acfbc45081","message":"nivelPeligrosidad","metadata":[],"receiver":{"args":[{"id":"8588ea09-e552-4252-b6df-c762996301c2","members":[{"body":{"id":"ba135acf-d4e8-4f07-bd0a-b4162fb05f33","metadata":[],"scope":{"containerScope":{"containerScope":{"containerScope":{"containerScope":{"containerScope":{"containerScope":{"containerScope":{"containerScope":{"containerScope":{"containerScope":{"containerScope":{"contributions":{},"includedScopes":[]},"contributions":{},"includedScopes":[]},"contributions":{},"includedScopes":[]},"contributions":{},"includedScopes":[{"containerScope":{"containerScope":{"containerScope":{"contributions":{},"includedScopes":[]},"contributions":{},"includedScopes":[]},"contributions":{},"includedScopes":[]},"contributions":{},"includedScopes":[]}]},"contributions":{},"includedScopes":[]},"contributions":{},"includedScopes":[]},"contributions":{},"includedScopes":[]},"contributions":{},"includedScopes":[]},"contributions":{},"includedScopes":[]},"contributions":{},"includedScopes":[{"containerScope":{"containerScope":{"containerScope":{"contributions":{},"includedScopes":[]},"contributions":{},"includedScopes":[]},"contributions":{},"includedScopes":[]},"contributions":{},"includedScopes":[{"containerScope":{"containerScope":{"containerScope":{"contributions":{},"includedScopes":[]},"contributions":{},"includedScopes":[]},"contributions":{},"includedScopes":[]},"contributions":{},"includedScopes":[]}]},{"containerScope":{"containerScope":{"containerScope":{"contributions":{},"includedScopes":[]},"contributions":{},"includedScopes":[]},"contributions":{},"includedScopes":[]},"contributions":{},"includedScopes":[]}]},"contributions":{},"includedScopes":[]},"contributions":{},"includedScopes":[]},"sentences":[{"id":"3636610e-639e-4972-bdde-4a38bf6e1fd0","metadata":[],"scope":{"containerScope":{"containerScope":{"containerScope":{"containerScope":{"containerScope":{"containerScope":{"containerScope":{"containerScope":{"containerScope":{"containerScope":{"containerScope":{"containerScope":{"contributions":{},"includedScopes":[]},"contributions":{},"includedScopes":[]},"contributions":{},"includedScopes":[]},"contributions":{},"includedScopes":[{"containerScope":{"containerScope":{"containerScope":{"contributions":{},"includedScopes":[]},"contributions":{},"includedScopes":[]},"contributions":{},"includedScopes":[]},"contributions":{},"includedScopes":[]}]},"contributions":{},"includedScopes":[]},"contributions":{},"includedScopes":[]},"contributions":{},"includedScopes":[]},"contributions":{},"includedScopes":[]},"contributions":{},"includedScopes":[]},"contributions":{},"includedScopes":[{"containerScope":{"containerScope":{"containerScope":{"contributions":{},"includedScopes":[]},"contributions":{},"includedScopes":[]},"contributions":{},"includedScopes":[]},"contributions":{},"includedScopes":[{"containerScope":{"containerScope":{"containerScope":{"contributions":{},"includedScopes":[]},"contributions":{},"includedScopes":[]},"contributions":{},"includedScopes":[]},"contributions":{},"includedScopes":[]}]},{"containerScope":{"containerScope":{"containerScope":{"contributions":{},"includedScopes":[]},"contributions":{},"includedScopes":[]},"contributions":{},"includedScopes":[]},"contributions":{},"includedScopes":[]}]},"contributions":{},"includedScopes":[]},"contributions":{},"includedScopes":[]},"contributions":{},"includedScopes":[]},"value":{"args":[],"id":"74721888-d2a7-42ff-a1a6-37a36ed32d73","message":"nivelPeligrosidad","metadata":[],"receiver":{"id":"00fb4b79-a5f4-4946-8df1-fbe938d4830b","metadata":[],"name":"cosa","scope":{"containerScope":{"containerScope":{"containerScope":{"containerScope":{"containerScope":{"containerScope":{"containerScope":{"containerScope":{"containerScope":{"containerScope":{"containerScope":{"containerScope":{"containerScope":{"containerScope":{"contributions":{},"includedScopes":[]},"contributions":{},"includedScopes":[]},"contributions":{},"includedScopes":[]},"contributions":{},"includedScopes":[{"containerScope":{"containerScope":{"containerScope":{"contributions":{},"includedScopes":[]},"contributions":{},"includedScopes":[]},"contributions":{},"includedScopes":[]},"contributions":{},"includedScopes":[]}]},"contributions":{},"includedScopes":[]},"contributions":{},"includedScopes":[]},"contributions":{},"includedScopes":[]},"contributions":{},"includedScopes":[]},"contributions":{},"includedScopes":[]},"contributions":{},"includedScopes":[{"containerScope":{"containerScope":{"containerScope":{"contributions":{},"includedScopes":[]},"contributions":{},"includedScopes":[]},"contributions":{},"includedScopes":[]},"contributions":{},"includedScopes":[{"containerScope":{"containerScope":{"containerScope":{"contributions":{},"includedScopes":[]},"contributions":{},"includedScopes":[]},"contributions":{},"includedScopes":[]},"contributions":{},"includedScopes":[]}]},{"containerScope":{"containerScope":{"containerScope":{"contributions":{},"includedScopes":[]},"contributions":{},"includedScopes":[]},"contributions":{},"includedScopes":[]},"contributions":{},"includedScopes":[]}]},"contributions":{},"includedScopes":[]},"contributions":{},"includedScopes":[]},"contributions":{},"includedScopes":[]},"contributions":{},"includedScopes":[]},"contributions":{},"includedScopes":[]},"sourceMap":{"end":{"column":35,"line":65,"offset":1495},"start":{"column":31,"line":65,"offset":1491}}},"scope":{"containerScope":{"containerScope":{"containerScope":{"containerScope":{"containerScope":{"containerScope":{"containerScope":{"containerScope":{"containerScope":{"containerScope":{"containerScope":{"containerScope":{"containerScope":{"contributions":{},"includedScopes":[]},"contributions":{},"includedScopes":[]},"contributions":{},"includedScopes":[]},"contributions":{},"includedScopes":[{"containerScope":{"containerScope":{"containerScope":{"contributions":{},"includedScopes":[]},"contributions":{},"includedScopes":[]},"contributions":{},"includedScopes":[]},"contributions":{},"includedScopes":[]}]},"contributions":{},"includedScopes":[]},"contributions":{},"includedScopes":[]},"contributions":{},"includedScopes":[]},"contributions":{},"includedScopes":[]},"contributions":{},"includedScopes":[]},"contributions":{},"includedScopes":[{"containerScope":{"containerScope":{"containerScope":{"contributions":{},"includedScopes":[]},"contributions":{},"includedScopes":[]},"contributions":{},"includedScopes":[]},"contributions":{},"includedScopes":[{"containerScope":{"containerScope":{"containerScope":{"contributions":{},"includedScopes":[]},"contributions":{},"includedScopes":[]},"contributions":{},"includedScopes":[]},"contributions":{},"includedScopes":[]}]},{"containerScope":{"containerScope":{"containerScope":{"contributions":{},"includedScopes":[]},"contributions":{},"includedScopes":[]},"contributions":{},"includedScopes":[]},"contributions":{},"includedScopes":[]}]},"contributions":{},"includedScopes":[]},"contributions":{},"includedScopes":[]},"contributions":{},"includedScopes":[]},"contributions":{},"includedScopes":[]},"sourceMap":{"end":{"column":55,"line":65,"offset":1515},"start":{"column":31,"line":65,"offset":1491}}}}]},"compiled":false,"id":"3e43b83a-f431-45db-a99e-7067e125aa0c","isOverride":false,"metadata":[],"name":"<apply>","parameters":[{"id":"1ee65546-2c8c-428d-bf85-c0171a9545a5","isVarArg":false,"metadata":[],"name":"cosa","scope":{"containerScope":{"containerScope":{"containerScope":{"containerScope":{"containerScope":{"containerScope":{"containerScope":{"containerScope":{"containerScope":{"containerScope":{"containerScope":{"contributions":{},"includedScopes":[]},"contributions":{},"includedScopes":[]},"contributions":{},"includedScopes":[]},"contributions":{},"includedScopes":[{"containerScope":{"containerScope":{"containerScope":{"contributions":{},"includedScopes":[]},"contributions":{},"includedScopes":[]},"contributions":{},"includedScopes":[]},"contributions":{},"includedScopes":[]}]},"contributions":{},"includedScopes":[]},"contributions":{},"includedScopes":[]},"contributions":{},"includedScopes":[]},"contributions":{},"includedScopes":[]},"contributions":{},"includedScopes":[]},"contributions":{},"includedScopes":[{"containerScope":{"containerScope":{"containerScope":{"contributions":{},"includedScopes":[]},"contributions":{},"includedScopes":[]},"contributions":{},"includedScopes":[]},"contributions":{},"includedScopes":[{"containerScope":{"containerScope":{"containerScope":{"contributions":{},"includedScopes":[]},"contributions":{},"includedScopes":[]},"contributions":{},"includedScopes":[]},"contributions":{},"includedScopes":[]}]},{"containerScope":{"containerScope":{"containerScope":{"contributions":{},"includedScopes":[]},"contributions":{},"includedScopes":[]},"contributions":{},"includedScopes":[]},"contributions":{},"includedScopes":[]}]},"contributions":{},"includedScopes":[]},"contributions":{},"includedScopes":[]},"sourceMap":{"end":{"column":27,"line":65,"offset":1487},"start":{"column":23,"line":65,"offset":1483}}}],"scope":{"containerScope":{"containerScope":{"containerScope":{"containerScope":{"containerScope":{"containerScope":{"containerScope":{"containerScope":{"containerScope":{"containerScope":{"contributions":{},"includedScopes":[]},"contributions":{},"includedScopes":[]},"contributions":{},"includedScopes":[]},"contributions":{},"includedScopes":[{"containerScope":{"containerScope":{"containerScope":{"contributions":{},"includedScopes":[]},"contributions":{},"includedScopes":[]},"contributions":{},"includedScopes":[]},"contributions":{},"includedScopes":[]}]},"contributions":{},"includedScopes":[]},"contributions":{},"includedScopes":[]},"contributions":{},"includedScopes":[]},"contributions":{},"includedScopes":[]},"contributions":{},"includedScopes":[]},"contributions":{},"includedScopes":[{"containerScope":{"containerScope":{"containerScope":{"contributions":{},"includedScopes":[]},"contributions":{},"includedScopes":[]},"contributions":{},"includedScopes":[]},"contributions":{},"includedScopes":[{"containerScope":{"containerScope":{"containerScope":{"contributions":{},"includedScopes":[]},"contributions":{},"includedScopes":[]},"contributions":{},"includedScopes":[]},"contributions":{},"includedScopes":[]}]},{"containerScope":{"containerScope":{"containerScope":{"contributions":{},"includedScopes":[]},"contributions":{},"includedScopes":[]},"contributions":{},"includedScopes":[]},"contributions":{},"includedScopes":[]}]},"contributions":{},"includedScopes":[]}},{"id":"be8c6d8a-95d1-4a30-a508-4356b09712e2","isConstant":true,"isProperty":false,"metadata":[],"name":"<toString>","scope":{"containerScope":{"containerScope":{"containerScope":{"containerScope":{"containerScope":{"containerScope":{"containerScope":{"containerScope":{"containerScope":{"containerScope":{"contributions":{},"includedScopes":[]},"contributions":{},"includedScopes":[]},"contributions":{},"includedScopes":[]},"contributions":{},"includedScopes":[{"containerScope":{"containerScope":{"containerScope":{"contributions":{},"includedScopes":[]},"contributions":{},"includedScopes":[]},"contributions":{},"includedScopes":[]},"contributions":{},"includedScopes":[]}]},"contributions":{},"includedScopes":[]},"contributions":{},"includedScopes":[]},"contributions":{},"includedScopes":[]},"contributions":{},"includedScopes":[]},"contributions":{},"includedScopes":[]},"contributions":{},"includedScopes":[{"containerScope":{"containerScope":{"containerScope":{"contributions":{},"includedScopes":[]},"contributions":{},"includedScopes":[]},"contributions":{},"includedScopes":[]},"contributions":{},"includedScopes":[{"containerScope":{"containerScope":{"containerScope":{"contributions":{},"includedScopes":[]},"contributions":{},"includedScopes":[]},"contributions":{},"includedScopes":[]},"contributions":{},"includedScopes":[]}]},{"containerScope":{"containerScope":{"containerScope":{"contributions":{},"includedScopes":[]},"contributions":{},"includedScopes":[]},"contributions":{},"includedScopes":[]},"contributions":{},"includedScopes":[]}]},"contributions":{},"includedScopes":[]},"value":{"id":"94f90a40-5e53-4935-98a2-b1638e326ea5","metadata":[],"scope":{"containerScope":{"containerScope":{"containerScope":{"containerScope":{"containerScope":{"containerScope":{"containerScope":{"containerScope":{"containerScope":{"containerScope":{"containerScope":{"contributions":{},"includedScopes":[]},"contributions":{},"includedScopes":[]},"contributions":{},"includedScopes":[]},"contributions":{},"includedScopes":[{"containerScope":{"containerScope":{"containerScope":{"contributions":{},"includedScopes":[]},"contributions":{},"includedScopes":[]},"contributions":{},"includedScopes":[]},"contributions":{},"includedScopes":[]}]},"contributions":{},"includedScopes":[]},"contributions":{},"includedScopes":[]},"contributions":{},"includedScopes":[]},"contributions":{},"includedScopes":[]},"contributions":{},"includedScopes":[]},"contributions":{},"includedScopes":[{"containerScope":{"containerScope":{"containerScope":{"contributions":{},"includedScopes":[]},"contributions":{},"includedScopes":[]},"contributions":{},"includedScopes":[]},"contributions":{},"includedScopes":[{"containerScope":{"containerScope":{"containerScope":{"contributions":{},"includedScopes":[]},"contributions":{},"includedScopes":[]},"contributions":{},"includedScopes":[]},"contributions":{},"includedScopes":[]}]},{"containerScope":{"containerScope":{"containerScope":{"contributions":{},"includedScopes":[]},"contributions":{},"includedScopes":[]},"contributions":{},"includedScopes":[]},"contributions":{},"includedScopes":[]}]},"contributions":{},"includedScopes":[]},"contributions":{},"includedScopes":[]},"value":"{cosa => cosa.nivelPeligrosidad()}"}}],"metadata":[],"scope":{"containerScope":{"containerScope":{"containerScope":{"containerScope":{"containerScope":{"containerScope":{"containerScope":{"containerScope":{"containerScope":{"contributions":{},"includedScopes":[]},"contributions":{},"includedScopes":[]},"contributions":{},"includedScopes":[]},"contributions":{},"includedScopes":[{"containerScope":{"containerScope":{"containerScope":{"contributions":{},"includedScopes":[]},"contributions":{},"includedScopes":[]},"contributions":{},"includedScopes":[]},"contributions":{},"includedScopes":[]}]},"contributions":{},"includedScopes":[]},"contributions":{},"includedScopes":[]},"contributions":{},"includedScopes":[]},"contributions":{},"includedScopes":[]},"contributions":{},"includedScopes":[]},"contributions":{},"includedScopes":[{"containerScope":{"containerScope":{"containerScope":{"contributions":{},"includedScopes":[]},"contributions":{},"includedScopes":[]},"contributions":{},"includedScopes":[]},"contributions":{},"includedScopes":[{"containerScope":{"containerScope":{"containerScope":{"contributions":{},"includedScopes":[]},"contributions":{},"includedScopes":[]},"contributions":{},"includedScopes":[]},"contributions":{},"includedScopes":[]}]},{"containerScope":{"containerScope":{"containerScope":{"contributions":{},"includedScopes":[]},"contributions":{},"includedScopes":[]},"contributions":{},"includedScopes":[]},"contributions":{},"includedScopes":[]}]},"sourceMap":{"end":{"column":56,"line":65,"offset":1516},"start":{"column":22,"line":65,"offset":1482}},"supertypes":[{"args":[],"id":"f5c03ad5-5101-41e3-b043-1c0611741171","metadata":[],"reference":{"id":"79e6166c-c3ff-43c2-a881-2e276c6a7262","metadata":[],"name":"wollok.lang.Closure","scope":{"containerScope":{"containerScope":{"containerScope":{"containerScope":{"containerScope":{"containerScope":{"containerScope":{"containerScope":{"containerScope":{"containerScope":{"contributions":{},"includedScopes":[]},"contributions":{},"includedScopes":[]},"contributions":{},"includedScopes":[]},"contributions":{},"includedScopes":[{"containerScope":{"containerScope":{"containerScope":{"contributions":{},"includedScopes":[]},"contributions":{},"includedScopes":[]},"contributions":{},"includedScopes":[]},"contributions":{},"includedScopes":[]}]},"contributions":{},"includedScopes":[]},"contributions":{},"includedScopes":[]},"contributions":{},"includedScopes":[]},"contributions":{},"includedScopes":[]},"contributions":{},"includedScopes":[]},"contributions":{},"includedScopes":[{"containerScope":{"containerScope":{"containerScope":{"contributions":{},"includedScopes":[]},"contributions":{},"includedScopes":[]},"contributions":{},"includedScopes":[]},"contributions":{},"includedScopes":[{"containerScope":{"containerScope":{"containerScope":{"contributions":{},"includedScopes":[]},"contributions":{},"includedScopes":[]},"contributions":{},"includedScopes":[]},"contributions":{},"includedScopes":[]}]},{"containerScope":{"containerScope":{"containerScope":{"contributions":{},"includedScopes":[]},"contributions":{},"includedScopes":[]},"contributions":{},"includedScopes":[]},"contributions":{},"includedScopes":[]}]},"contributions":{},"includedScopes":[]}},"scope":{"containerScope":{"containerScope":{"containerScope":{"containerScope":{"containerScope":{"containerScope":{"containerScope":{"containerScope":{"containerScope":{"containerScope":{"contributions":{},"includedScopes":[]},"contributions":{},"includedScopes":[]},"contributions":{},"includedScopes":[]},"contributions":{},"includedScopes":[{"containerScope":{"containerScope":{"containerScope":{"contributions":{},"includedScopes":[]},"contributions":{},"includedScopes":[]},"contributions":{},"includedScopes":[]},"contributions":{},"includedScopes":[]}]},"contributions":{},"includedScopes":[]},"contributions":{},"includedScopes":[]},"contributions":{},"includedScopes":[]},"contributions":{},"includedScopes":[]},"contributions":{},"includedScopes":[]},"contributions":{},"includedScopes":[{"containerScope":{"containerScope":{"containerScope":{"contributions":{},"includedScopes":[]},"contributions":{},"includedScopes":[]},"contributions":{},"includedScopes":[]},"contributions":{},"includedScopes":[{"containerScope":{"containerScope":{"containerScope":{"contributions":{},"includedScopes":[]},"contributions":{},"includedScopes":[]},"contributions":{},"includedScopes":[]},"contributions":{},"includedScopes":[]}]},{"containerScope":{"containerScope":{"containerScope":{"contributions":{},"includedScopes":[]},"contributions":{},"includedScopes":[]},"contributions":{},"includedScopes":[]},"contributions":{},"includedScopes":[]}]},"contributions":{},"includedScopes":[]}}]}],"id":"607c0595-5c1a-429f-ba20-65abb99c9318","message":"max","metadata":[],"receiver":{"id":"25ff1cd8-dcfc-4ede-9af9-deedf8035930","metadata":[],"name":"cosas","scope":{"containerScope":{"containerScope":{"containerScope":{"containerScope":{"containerScope":{"containerScope":{"containerScope":{"containerScope":{"containerScope":{"contributions":{},"includedScopes":[]},"contributions":{},"includedScopes":[]},"contributions":{},"includedScopes":[]},"contributions":{},"includedScopes":[{"containerScope":{"containerScope":{"containerScope":{"contributions":{},"includedScopes":[]},"contributions":{},"includedScopes":[]},"contributions":{},"includedScopes":[]},"contributions":{},"includedScopes":[]}]},"contributions":{},"includedScopes":[]},"contributions":{},"includedScopes":[]},"contributions":{},"includedScopes":[]},"contributions":{},"includedScopes":[]},"contributions":{},"includedScopes":[]},"contributions":{},"includedScopes":[]},"sourceMap":{"end":{"column":17,"line":65,"offset":1477},"start":{"column":12,"line":65,"offset":1472}}},"scope":{"containerScope":{"containerScope":{"containerScope":{"containerScope":{"containerScope":{"containerScope":{"containerScope":{"containerScope":{"contributions":{},"includedScopes":[]},"contributions":{},"includedScopes":[]},"contributions":{},"includedScopes":[]},"contributions":{},"includedScopes":[{"containerScope":{"containerScope":{"containerScope":{"contributions":{},"includedScopes":[]},"contributions":{},"includedScopes":[]},"contributions":{},"includedScopes":[]},"contributions":{},"includedScopes":[]}]},"contributions":{},"includedScopes":[]},"contributions":{},"includedScopes":[]},"contributions":{},"includedScopes":[]},"contributions":{},"includedScopes":[]},"contributions":{},"includedScopes":[]},"sourceMap":{"end":{"column":57,"line":65,"offset":1517},"start":{"column":12,"line":65,"offset":1472}}},"scope":{"containerScope":{"containerScope":{"containerScope":{"containerScope":{"containerScope":{"containerScope":{"containerScope":{"contributions":{},"includedScopes":[]},"contributions":{},"includedScopes":[]},"contributions":{},"includedScopes":[]},"contributions":{},"includedScopes":[{"containerScope":{"containerScope":{"containerScope":{"contributions":{},"includedScopes":[]},"contributions":{},"includedScopes":[]},"contributions":{},"includedScopes":[]},"contributions":{},"includedScopes":[]}]},"contributions":{},"includedScopes":[]},"contributions":{},"includedScopes":[]},"contributions":{},"includedScopes":[]},"contributions":{},"includedScopes":[]},"sourceMap":{"end":{"column":78,"line":65,"offset":1538},"start":{"column":11,"line":65,"offset":1471}}}}],"sourceMap":{"end":{"column":3,"line":66,"offset":1541},"start":{"column":29,"line":64,"offset":1459}}},"compiled":false,"id":"9d02c627-cd5a-4ea5-9069-e54bb63940d8","isOverride":false,"metadata":[],"name":"nivelPeligrosidad","parameters":[],"problems":[],"scope":{"containerScope":{"containerScope":{"containerScope":{"containerScope":{"contributions":{},"includedScopes":[]},"contributions":{},"includedScopes":[]},"contributions":{},"includedScopes":[]},"contributions":{},"includedScopes":[{"containerScope":{"containerScope":{"containerScope":{"contributions":{},"includedScopes":[]},"contributions":{},"includedScopes":[]},"contributions":{},"includedScopes":[]},"contributions":{},"includedScopes":[]}]},"contributions":{},"includedScopes":[]},"sourceMap":{"end":{"column":3,"line":66,"offset":1541},"start":{"column":2,"line":64,"offset":1432}}},{"body":{"id":"752bca45-9d52-4079-903e-5dcdfbe1afce","metadata":[],"problems":[],"scope":{"containerScope":{"containerScope":{"containerScope":{"containerScope":{"containerScope":{"contributions":{},"includedScopes":[]},"contributions":{},"includedScopes":[]},"contributions":{},"includedScopes":[]},"contributions":{},"includedScopes":[{"containerScope":{"containerScope":{"containerScope":{"contributions":{},"includedScopes":[]},"contributions":{},"includedScopes":[]},"contributions":{},"includedScopes":[]},"contributions":{},"includedScopes":[]}]},"contributions":{},"includedScopes":[]},"contributions":{},"includedScopes":[]},"sentences":[{"args":[{"id":"e0440d17-dd50-4921-84d7-67dcf407357b","metadata":[],"name":"cosa","scope":{"containerScope":{"containerScope":{"containerScope":{"containerScope":{"containerScope":{"containerScope":{"containerScope":{"contributions":{},"includedScopes":[]},"contributions":{},"includedScopes":[]},"contributions":{},"includedScopes":[]},"contributions":{},"includedScopes":[{"containerScope":{"containerScope":{"containerScope":{"contributions":{},"includedScopes":[]},"contributions":{},"includedScopes":[]},"contributions":{},"includedScopes":[]},"contributions":{},"includedScopes":[]}]},"contributions":{},"includedScopes":[]},"contributions":{},"includedScopes":[]},"contributions":{},"includedScopes":[]},"contributions":{},"includedScopes":[]},"sourceMap":{"end":{"column":18,"line":68,"offset":1587},"start":{"column":14,"line":68,"offset":1583}}}],"id":"70d535fc-d26b-4bf9-acbf-8588965d78a3","message":"add","metadata":[],"receiver":{"id":"4088d527-9491-43ab-abef-89d2cfb003dc","metadata":[],"name":"cosas","scope":{"containerScope":{"containerScope":{"containerScope":{"containerScope":{"containerScope":{"containerScope":{"containerScope":{"contributions":{},"includedScopes":[]},"contributions":{},"includedScopes":[]},"contributions":{},"includedScopes":[]},"contributions":{},"includedScopes":[{"containerScope":{"containerScope":{"containerScope":{"contributions":{},"includedScopes":[]},"contributions":{},"includedScopes":[]},"contributions":{},"includedScopes":[]},"contributions":{},"includedScopes":[]}]},"contributions":{},"includedScopes":[]},"contributions":{},"includedScopes":[]},"contributions":{},"includedScopes":[]},"contributions":{},"includedScopes":[]},"sourceMap":{"end":{"column":9,"line":68,"offset":1578},"start":{"column":4,"line":68,"offset":1573}}},"scope":{"containerScope":{"containerScope":{"containerScope":{"containerScope":{"containerScope":{"containerScope":{"contributions":{},"includedScopes":[]},"contributions":{},"includedScopes":[]},"contributions":{},"includedScopes":[]},"contributions":{},"includedScopes":[{"containerScope":{"containerScope":{"containerScope":{"contributions":{},"includedScopes":[]},"contributions":{},"includedScopes":[]},"contributions":{},"includedScopes":[]},"contributions":{},"includedScopes":[]}]},"contributions":{},"includedScopes":[]},"contributions":{},"includedScopes":[]},"contributions":{},"includedScopes":[]},"sourceMap":{"end":{"column":19,"line":68,"offset":1588},"start":{"column":4,"line":68,"offset":1573}}}],"sourceMap":{"end":{"column":3,"line":69,"offset":1591},"start":{"column":27,"line":67,"offset":1568}}},"compiled":false,"id":"22ab6dcb-7841-4f64-b60c-e71f29c20227","isOverride":false,"metadata":[],"name":"agregarCosa","parameters":[{"id":"81e93882-930a-4050-b1d8-c1bd6f1fa75e","isVarArg":false,"metadata":[],"name":"cosa","scope":{"containerScope":{"containerScope":{"containerScope":{"containerScope":{"containerScope":{"contributions":{},"includedScopes":[]},"contributions":{},"includedScopes":[]},"contributions":{},"includedScopes":[]},"contributions":{},"includedScopes":[{"containerScope":{"containerScope":{"containerScope":{"contributions":{},"includedScopes":[]},"contributions":{},"includedScopes":[]},"contributions":{},"includedScopes":[]},"contributions":{},"includedScopes":[]}]},"contributions":{},"includedScopes":[]},"contributions":{},"includedScopes":[]},"sourceMap":{"end":{"column":25,"line":67,"offset":1566},"start":{"column":21,"line":67,"offset":1562}}}],"problems":[],"scope":{"containerScope":{"containerScope":{"containerScope":{"containerScope":{"contributions":{},"includedScopes":[]},"contributions":{},"includedScopes":[]},"contributions":{},"includedScopes":[]},"contributions":{},"includedScopes":[{"containerScope":{"containerScope":{"containerScope":{"contributions":{},"includedScopes":[]},"contributions":{},"includedScopes":[]},"contributions":{},"includedScopes":[]},"contributions":{},"includedScopes":[]}]},"contributions":{},"includedScopes":[]},"sourceMap":{"end":{"column":3,"line":69,"offset":1591},"start":{"column":2,"line":67,"offset":1543}}},{"body":{"id":"3eac4cb6-df01-4001-a059-84f8341a7763","metadata":[],"problems":[],"scope":{"containerScope":{"containerScope":{"containerScope":{"containerScope":{"containerScope":{"contributions":{},"includedScopes":[]},"contributions":{},"includedScopes":[]},"contributions":{},"includedScopes":[]},"contributions":{},"includedScopes":[{"containerScope":{"containerScope":{"containerScope":{"contributions":{},"includedScopes":[]},"contributions":{},"includedScopes":[]},"contributions":{},"includedScopes":[]},"contributions":{},"includedScopes":[]}]},"contributions":{},"includedScopes":[]},"contributions":{},"includedScopes":[]},"sentences":[{"id":"a64f0bf7-5605-472a-a71b-7dac419b1ba1","metadata":[],"scope":{"containerScope":{"containerScope":{"containerScope":{"containerScope":{"containerScope":{"containerScope":{"contributions":{},"includedScopes":[]},"contributions":{},"includedScopes":[]},"contributions":{},"includedScopes":[]},"contributions":{},"includedScopes":[{"containerScope":{"containerScope":{"containerScope":{"contributions":{},"includedScopes":[]},"contributions":{},"includedScopes":[]},"contributions":{},"includedScopes":[]},"contributions":{},"includedScopes":[]}]},"contributions":{},"includedScopes":[]},"contributions":{},"includedScopes":[]},"contributions":{},"includedScopes":[]},"value":{"args":[{"id":"12753b5f-4e5e-4c82-928a-3933c2aacfda","metadata":[],"name":"cosas","scope":{"containerScope":{"containerScope":{"containerScope":{"containerScope":{"containerScope":{"containerScope":{"containerScope":{"containerScope":{"contributions":{},"includedScopes":[]},"contributions":{},"includedScopes":[]},"contributions":{},"includedScopes":[]},"contributions":{},"includedScopes":[{"containerScope":{"containerScope":{"containerScope":{"contributions":{},"includedScopes":[]},"contributions":{},"includedScopes":[]},"contributions":{},"includedScopes":[]},"contributions":{},"includedScopes":[]}]},"contributions":{},"includedScopes":[]},"contributions":{},"includedScopes":[]},"contributions":{},"includedScopes":[]},"contributions":{},"includedScopes":[]},"contributions":{},"includedScopes":[]},"sourceMap":{"end":{"column":29,"line":70,"offset":1620},"start":{"column":24,"line":70,"offset":1615}}}],"id":"a839a023-d43d-4508-90a4-5d90dd40fb98","message":"+","metadata":[],"receiver":{"id":"e3b2d26f-c5ef-4671-9f2f-37345b11cfb9","metadata":[],"scope":{"containerScope":{"containerScope":{"containerScope":{"containerScope":{"containerScope":{"containerScope":{"containerScope":{"containerScope":{"contributions":{},"includedScopes":[]},"contributions":{},"includedScopes":[]},"contributions":{},"includedScopes":[]},"contributions":{},"includedScopes":[{"containerScope":{"containerScope":{"containerScope":{"contributions":{},"includedScopes":[]},"contributions":{},"includedScopes":[]},"contributions":{},"includedScopes":[]},"contributions":{},"includedScopes":[]}]},"contributions":{},"includedScopes":[]},"contributions":{},"includedScopes":[]},"contributions":{},"includedScopes":[]},"contributions":{},"includedScopes":[]},"contributions":{},"includedScopes":[]},"sourceMap":{"end":{"column":21,"line":70,"offset":1612},"start":{"column":20,"line":70,"offset":1611}},"value":1},"scope":{"containerScope":{"containerScope":{"containerScope":{"containerScope":{"containerScope":{"containerScope":{"containerScope":{"contributions":{},"includedScopes":[]},"contributions":{},"includedScopes":[]},"contributions":{},"includedScopes":[]},"contributions":{},"includedScopes":[{"containerScope":{"containerScope":{"containerScope":{"contributions":{},"includedScopes":[]},"contributions":{},"includedScopes":[]},"contributions":{},"includedScopes":[]},"contributions":{},"includedScopes":[]}]},"contributions":{},"includedScopes":[]},"contributions":{},"includedScopes":[]},"contributions":{},"includedScopes":[]},"contributions":{},"includedScopes":[]},"sourceMap":{"end":{"column":29,"line":70,"offset":1620},"start":{"column":20,"line":70,"offset":1611}}}}],"sourceMap":{"end":{"column":29,"line":70,"offset":1620},"start":{"column":20,"line":70,"offset":1611}}},"compiled":false,"id":"42d1d83e-2f56-4003-81c6-4cd25c7f4e95","isOverride":false,"metadata":[],"name":"bultos","parameters":[],"problems":[],"scope":{"containerScope":{"containerScope":{"containerScope":{"containerScope":{"contributions":{},"includedScopes":[]},"contributions":{},"includedScopes":[]},"contributions":{},"includedScopes":[]},"contributions":{},"includedScopes":[{"containerScope":{"containerScope":{"containerScope":{"contributions":{},"includedScopes":[]},"contributions":{},"includedScopes":[]},"contributions":{},"includedScopes":[]},"contributions":{},"includedScopes":[]}]},"contributions":{},"includedScopes":[]},"sourceMap":{"end":{"column":29,"line":70,"offset":1620},"start":{"column":2,"line":70,"offset":1593}}},{"body":{"id":"833a7dc5-7174-4eb1-a5b4-9efa56dbf86f","metadata":[],"scope":{"containerScope":{"containerScope":{"containerScope":{"containerScope":{"containerScope":{"contributions":{},"includedScopes":[]},"contributions":{},"includedScopes":[]},"contributions":{},"includedScopes":[]},"contributions":{},"includedScopes":[{"containerScope":{"containerScope":{"containerScope":{"contributions":{},"includedScopes":[]},"contributions":{},"includedScopes":[]},"contributions":{},"includedScopes":[]},"contributions":{},"includedScopes":[]}]},"contributions":{},"includedScopes":[]},"contributions":{},"includedScopes":[]},"sentences":[{"id":"7df796e4-d30b-42a9-9522-94a3538c9abd","metadata":[],"scope":{"containerScope":{"containerScope":{"containerScope":{"containerScope":{"containerScope":{"containerScope":{"contributions":{},"includedScopes":[]},"contributions":{},"includedScopes":[]},"contributions":{},"includedScopes":[]},"contributions":{},"includedScopes":[{"containerScope":{"containerScope":{"containerScope":{"contributions":{},"includedScopes":[]},"contributions":{},"includedScopes":[]},"contributions":{},"includedScopes":[]},"contributions":{},"includedScopes":[]}]},"contributions":{},"includedScopes":[]},"contributions":{},"includedScopes":[]},"contributions":{},"includedScopes":[]},"value":{"id":"a1e06789-5e10-4711-a0e9-589ff77a4d77","metadata":[],"name":"cosas","scope":{"containerScope":{"containerScope":{"containerScope":{"containerScope":{"containerScope":{"containerScope":{"containerScope":{"contributions":{},"includedScopes":[]},"contributions":{},"includedScopes":[]},"contributions":{},"includedScopes":[]},"contributions":{},"includedScopes":[{"containerScope":{"containerScope":{"containerScope":{"contributions":{},"includedScopes":[]},"contributions":{},"includedScopes":[]},"contributions":{},"includedScopes":[]},"contributions":{},"includedScopes":[]}]},"contributions":{},"includedScopes":[]},"contributions":{},"includedScopes":[]},"contributions":{},"includedScopes":[]},"contributions":{},"includedScopes":[]}}}]},"compiled":false,"id":"c222f731-810c-4586-bdd2-0cbfb6560afb","isOverride":false,"metadata":[],"name":"cosas","parameters":[],"scope":{"containerScope":{"containerScope":{"containerScope":{"containerScope":{"contributions":{},"includedScopes":[]},"contributions":{},"includedScopes":[]},"contributions":{},"includedScopes":[]},"contributions":{},"includedScopes":[{"containerScope":{"containerScope":{"containerScope":{"contributions":{},"includedScopes":[]},"contributions":{},"includedScopes":[]},"contributions":{},"includedScopes":[]},"contributions":{},"includedScopes":[]}]},"contributions":{},"includedScopes":[]}},{"body":{"id":"b6ec71ac-adee-488c-861e-b24440b329c2","metadata":[],"scope":{"containerScope":{"containerScope":{"containerScope":{"containerScope":{"containerScope":{"contributions":{},"includedScopes":[]},"contributions":{},"includedScopes":[]},"contributions":{},"includedScopes":[]},"contributions":{},"includedScopes":[{"containerScope":{"containerScope":{"containerScope":{"contributions":{},"includedScopes":[]},"contributions":{},"includedScopes":[]},"contributions":{},"includedScopes":[]},"contributions":{},"includedScopes":[]}]},"contributions":{},"includedScopes":[]},"contributions":{},"includedScopes":[]},"sentences":[{"id":"e38b7753-f335-4397-8fef-1173fb4395d2","metadata":[],"scope":{"containerScope":{"containerScope":{"containerScope":{"containerScope":{"containerScope":{"containerScope":{"contributions":{},"includedScopes":[]},"contributions":{},"includedScopes":[]},"contributions":{},"includedScopes":[]},"contributions":{},"includedScopes":[{"containerScope":{"containerScope":{"containerScope":{"contributions":{},"includedScopes":[]},"contributions":{},"includedScopes":[]},"contributions":{},"includedScopes":[]},"contributions":{},"includedScopes":[]}]},"contributions":{},"includedScopes":[]},"contributions":{},"includedScopes":[]},"contributions":{},"includedScopes":[]},"value":{"id":"480bb224-a1b7-4bec-be33-a305a0016e98","metadata":[],"name":"<value>","scope":{"containerScope":{"containerScope":{"containerScope":{"containerScope":{"containerScope":{"containerScope":{"containerScope":{"contributions":{},"includedScopes":[]},"contributions":{},"includedScopes":[]},"contributions":{},"includedScopes":[]},"contributions":{},"includedScopes":[{"containerScope":{"containerScope":{"containerScope":{"contributions":{},"includedScopes":[]},"contributions":{},"includedScopes":[]},"contributions":{},"includedScopes":[]},"contributions":{},"includedScopes":[]}]},"contributions":{},"includedScopes":[]},"contributions":{},"includedScopes":[]},"contributions":{},"includedScopes":[]},"contributions":{},"includedScopes":[]}},"variable":{"id":"ee5e4a27-f42b-4317-bf2d-06d3cf27f671","metadata":[],"name":"cosas","scope":{"containerScope":{"containerScope":{"containerScope":{"containerScope":{"containerScope":{"containerScope":{"containerScope":{"contributions":{},"includedScopes":[]},"contributions":{},"includedScopes":[]},"contributions":{},"includedScopes":[]},"contributions":{},"includedScopes":[{"containerScope":{"containerScope":{"containerScope":{"contributions":{},"includedScopes":[]},"contributions":{},"includedScopes":[]},"contributions":{},"includedScopes":[]},"contributions":{},"includedScopes":[]}]},"contributions":{},"includedScopes":[]},"contributions":{},"includedScopes":[]},"contributions":{},"includedScopes":[]},"contributions":{},"includedScopes":[]}}}]},"compiled":false,"id":"4a88f67c-cfb8-427e-bb19-2915e13e7ccc","isOverride":false,"metadata":[],"name":"cosas","parameters":[{"id":"6809620e-3fa0-4901-b3c8-264c2a0b23ea","isVarArg":false,"metadata":[],"name":"<value>","scope":{"containerScope":{"containerScope":{"containerScope":{"containerScope":{"containerScope":{"contributions":{},"includedScopes":[]},"contributions":{},"includedScopes":[]},"contributions":{},"includedScopes":[]},"contributions":{},"includedScopes":[{"containerScope":{"containerScope":{"containerScope":{"contributions":{},"includedScopes":[]},"contributions":{},"includedScopes":[]},"contributions":{},"includedScopes":[]},"contributions":{},"includedScopes":[]}]},"contributions":{},"includedScopes":[]},"contributions":{},"includedScopes":[]}}],"scope":{"containerScope":{"containerScope":{"containerScope":{"containerScope":{"contributions":{},"includedScopes":[]},"contributions":{},"includedScopes":[]},"contributions":{},"includedScopes":[]},"contributions":{},"includedScopes":[{"containerScope":{"containerScope":{"containerScope":{"contributions":{},"includedScopes":[]},"contributions":{},"includedScopes":[]},"contributions":{},"includedScopes":[]},"contributions":{},"includedScopes":[]}]},"contributions":{},"includedScopes":[]}}],"metadata":[],"name":"contenedorPortuario","problems":[{"code":"malformedMember","sourceMap":{"end":{"column":0,"line":71,"offset":1654},"start":{"column":29,"line":70,"offset":1620}}}],"scope":{"containerScope":{"containerScope":{"containerScope":{"contributions":{},"includedScopes":[]},"contributions":{},"includedScopes":[]},"contributions":{},"includedScopes":[]},"contributions":{},"includedScopes":[{"containerScope":{"containerScope":{"containerScope":{"contributions":{},"includedScopes":[]},"contributions":{},"includedScopes":[]},"contributions":{},"includedScopes":[]},"contributions":{},"includedScopes":[]}]},"sourceMap":{"end":{"column":2,"line":71,"offset":1656},"start":{"column":1,"line":58,"offset":1312}},"supertypes":[]},"stack":"Error: Failed to print, found malformed node\n    at /home/ramiro/.vscode/extensions/uqbar.wollok-lsp-ide-0.5.5/out/server/src/server.js:68:3585\n    at Ybn (/home/ramiro/.vscode/extensions/uqbar.wollok-lsp-ide-0.5.5/out/server/src/server.js:68:3396)\n    at /home/ramiro/.vscode/extensions/uqbar.wollok-lsp-ide-0.5.5/out/server/src/server.js:2430:847\n    at /home/ramiro/.vscode/extensions/uqbar.wollok-lsp-ide-0.5.5/out/server/src/server.js:2430:8440\n    at /home/ramiro/.vscode/extensions/uqbar.wollok-lsp-ide-0.5.5/out/server/src/server.js:37:74770\n    at Ke (/home/ramiro/.vscode/extensions/uqbar.wollok-lsp-ide-0.5.5/out/server/src/server.js:7:8527)\n    at It (/home/ramiro/.vscode/extensions/uqbar.wollok-lsp-ide-0.5.5/out/server/src/server.js:7:6189)\n    at et (/home/ramiro/.vscode/extensions/uqbar.wollok-lsp-ide-0.5.5/out/server/src/server.js:7:6378)\n    at Immediate._onImmediate (/home/ramiro/.vscode/extensions/uqbar.wollok-lsp-ide-0.5.5/out/server/src/server.js:7:6142)\n    at process.processImmediate (node:internal/timers:504:21)","timestamp":"2026-09-17T03:02:41.138Z"}
{"level":"error","message":"✘ Failed to get type description: Error: Failed to print, found malformed node Failed to print, found malformed node","node":{"id":"ec5b7130-dd3a-462e-9254-7a7f4852a7af","members":[{"id":"a6099b69-3c92-4e51-a9b3-d13eb998a87f","isConstant":false,"isProperty":true,"metadata":[],"name":"cosas","scope":{"containerScope":{"containerScope":{"containerScope":{"containerScope":{"contributions":{},"includedScopes":[]},"contributions":{},"includedScopes":[]},"contributions":{},"includedScopes":[]},"contributions":{},"includedScopes":[{"containerScope":{"containerScope":{"containerScope":{"contributions":{},"includedScopes":[]},"contributions":{},"includedScopes":[]},"contributions":{},"includedScopes":[]},"contributions":{},"includedScopes":[]}]},"contributions":{},"includedScopes":[]},"sourceMap":{"end":{"column":25,"line":59,"offset":1364},"start":{"column":2,"line":59,"offset":1341}},"value":{"id":"b33c6150-2b96-4acf-bc8f-e627732db385","metadata":[],"scope":{"containerScope":{"containerScope":{"containerScope":{"containerScope":{"containerScope":{"contributions":{},"includedScopes":[]},"contributions":{},"includedScopes":[]},"contributions":{},"includedScopes":[]},"contributions":{},"includedScopes":[{"containerScope":{"containerScope":{"containerScope":{"contributions":{},"includedScopes":[]},"contributions":{},"includedScopes":[]},"contributions":{},"includedScopes":[]},"contributions":{},"includedScopes":[]}]},"contributions":{},"includedScopes":[]},"contributions":{},"includedScopes":[]},"sourceMap":{"end":{"column":25,"line":59,"offset":1364},"start":{"column":23,"line":59,"offset":1362}},"value":[{"id":"b0cc3537-4d3f-4fb4-9779-f1f75ba21a43","metadata":[],"name":"wollok.lang.List","scope":{"containerScope":{"containerScope":{"containerScope":{"containerScope":{"containerScope":{"containerScope":{"contributions":{},"includedScopes":[]},"contributions":{},"includedScopes":[]},"contributions":{},"includedScopes":[]},"contributions":{},"includedScopes":[{"containerScope":{"containerScope":{"containerScope":{"contributions":{},"includedScopes":[]},"contributions":{},"includedScopes":[]},"contributions":{},"includedScopes":[]},"contributions":{},"includedScopes":[]}]},"contributions":{},"includedScopes":[]},"contributions":{},"includedScopes":[]},"contributions":{},"includedScopes":[]}},[]]}},{"body":{"id":"231f2de0-25c7-4a05-81bc-4a796edc5402","metadata":[],"problems":[],"scope":{"containerScope":{"containerScope":{"containerScope":{"containerScope":{"containerScope":{"contributions":{},"includedScopes":[]},"contributions":{},"includedScopes":[]},"contributions":{},"includedScopes":[]},"contributions":{},"includedScopes":[{"containerScope":{"containerScope":{"containerScope":{"contributions":{},"includedScopes":[]},"contributions":{},"includedScopes":[]},"contributions":{},"includedScopes":[]},"contributions":{},"includedScopes":[]}]},"contributions":{},"includedScopes":[]},"contributions":{},"includedScopes":[]},"sentences":[{"id":"68100748-faa6-42b8-bc84-e0b2d2fdce82","metadata":[],"scope":{"containerScope":{"containerScope":{"containerScope":{"containerScope":{"containerScope":{"containerScope":{"contributions":{},"includedScopes":[]},"contributions":{},"includedScopes":[]},"contributions":{},"includedScopes":[]},"contributions":{},"includedScopes":[{"containerScope":{"containerScope":{"containerScope":{"contributions":{},"includedScopes":[]},"contributions":{},"includedScopes":[]},"contributions":{},"includedScopes":[]},"contributions":{},"includedScopes":[]}]},"contributions":{},"includedScopes":[]},"contributions":{},"includedScopes":[]},"contributions":{},"includedScopes":[]},"sourceMap":{"end":{"column":46,"line":61,"offset":1426},"start":{"column":3,"line":61,"offset":1383}},"value":{"args":[{"args":[{"id":"10d87890-4f26-4947-bc06-f7263f8a7d44","members":[{"body":{"id":"367312f8-7739-4131-917d-81a9a4735f37","metadata":[],"scope":{"containerScope":{"containerScope":{"containerScope":{"containerScope":{"containerScope":{"containerScope":{"containerScope":{"containerScope":{"containerScope":{"containerScope":{"containerScope":{"contributions":{},"includedScopes":[]},"contributions":{},"includedScopes":[]},"contributions":{},"includedScopes":[]},"contributions":{},"includedScopes":[{"containerScope":{"containerScope":{"containerScope":{"contributions":{},"includedScopes":[]},"contributions":{},"includedScopes":[]},"contributions":{},"includedScopes":[]},"contributions":{},"includedScopes":[]}]},"contributions":{},"includedScopes":[]},"contributions":{},"includedScopes":[]},"contributions":{},"includedScopes":[]},"contributions":{},"includedScopes":[]},"contributions":{},"includedScopes":[]},"contributions":{},"includedScopes":[{"containerScope":{"containerScope":{"containerScope":{"contributions":{},"includedScopes":[]},"contributions":{},"includedScopes":[]},"contributions":{},"includedScopes":[]},"contributions":{},"includedScopes":[{"containerScope":{"containerScope":{"containerScope":{"contributions":{},"includedScopes":[]},"contributions":{},"includedScopes":[]},"contributions":{},"includedScopes":[]},"contributions":{},"includedScopes":[]}]},{"containerScope":{"containerScope":{"containerScope":{"contributions":{},"includedScopes":[]},"contributions":{},"includedScopes":[]},"contributions":{},"includedScopes":[]},"contributions":{},"includedScopes":[]}]},"contributions":{},"includedScopes":[]},"contributions":{},"includedScopes":[]},"sentences":[{"id":"f28dc937-029a-48df-aecf-fd82e826f357","metadata":[],"scope":{"containerScope":{"containerScope":{"containerScope":{"containerScope":{"containerScope":{"containerScope":{"containerScope":{"containerScope":{"containerScope":{"containerScope":{"containerScope":{"containerScope":{"contributions":{},"includedScopes":[]},"contributions":{},"includedScopes":[]},"contributions":{},"includedScopes":[]},"contributions":{},"includedScopes":[{"containerScope":{"containerScope":{"containerScope":{"contributions":{},"includedScopes":[]},"contributions":{},"includedScopes":[]},"contributions":{},"includedScopes":[]},"contributions":{},"includedScopes":[]}]},"contributions":{},"includedScopes":[]},"contributions":{},"includedScopes":[]},"contributions":{},"includedScopes":[]},"contributions":{},"includedScopes":[]},"contributions":{},"includedScopes":[]},"contributions":{},"includedScopes":[{"containerScope":{"containerScope":{"containerScope":{"contributions":{},"includedScopes":[]},"contributions":{},"includedScopes":[]},"contributions":{},"includedScopes":[]},"contributions":{},"includedScopes":[{"containerScope":{"containerScope":{"containerScope":{"contributions":{},"includedScopes":[]},"contributions":{},"includedScopes":[]},"contributions":{},"includedScopes":[]},"contributions":{},"includedScopes":[]}]},{"containerScope":{"containerScope":{"containerScope":{"contributions":{},"includedScopes":[]},"contributions":{},"includedScopes":[]},"contributions":{},"includedScopes":[]},"contributions":{},"includedScopes":[]}]},"contributions":{},"includedScopes":[]},"contributions":{},"includedScopes":[]},"contributions":{},"includedScopes":[]},"value":{"args":[],"id":"f560056b-c569-42a1-a959-ccec8f246263","message":"peso","metadata":[],"receiver":{"id":"b74a6e14-1608-41de-abd7-0aa6522b108e","metadata":[],"name":"cosa","scope":{"containerScope":{"containerScope":{"containerScope":{"containerScope":{"containerScope":{"containerScope":{"containerScope":{"containerScope":{"containerScope":{"containerScope":{"containerScope":{"containerScope":{"containerScope":{"containerScope":{"contributions":{},"includedScopes":[]},"contributions":{},"includedScopes":[]},"contributions":{},"includedScopes":[]},"contributions":{},"includedScopes":[{"containerScope":{"containerScope":{"containerScope":{"contributions":{},"includedScopes":[]},"contributions":{},"includedScopes":[]},"contributions":{},"includedScopes":[]},"contributions":{},"includedScopes":[]}]},"contributions":{},"includedScopes":[]},"contributions":{},"includedScopes":[]},"contributions":{},"includedScopes":[]},"contributions":{},"includedScopes":[]},"contributions":{},"includedScopes":[]},"contributions":{},"includedScopes":[{"containerScope":{"containerScope":{"containerScope":{"contributions":{},"includedScopes":[]},"contributions":{},"includedScopes":[]},"contributions":{},"includedScopes":[]},"contributions":{},"includedScopes":[{"containerScope":{"containerScope":{"containerScope":{"contributions":{},"includedScopes":[]},"contributions":{},"includedScopes":[]},"contributions":{},"includedScopes":[]},"contributions":{},"includedScopes":[]}]},{"containerScope":{"containerScope":{"containerScope":{"contributions":{},"includedScopes":[]},"contributions":{},"includedScopes":[]},"contributions":{},"includedScopes":[]},"contributions":{},"includedScopes":[]}]},"contributions":{},"includedScopes":[]},"contributions":{},"includedScopes":[]},"contributions":{},"includedScopes":[]},"contributions":{},"includedScopes":[]},"contributions":{},"includedScopes":[]},"sourceMap":{"end":{"column":37,"line":61,"offset":1417},"start":{"column":33,"line":61,"offset":1413}}},"scope":{"containerScope":{"containerScope":{"containerScope":{"containerScope":{"containerScope":{"containerScope":{"containerScope":{"containerScope":{"containerScope":{"containerScope":{"containerScope":{"containerScope":{"containerScope":{"contributions":{},"includedScopes":[]},"contributions":{},"includedScopes":[]},"contributions":{},"includedScopes":[]},"contributions":{},"includedScopes":[{"containerScope":{"containerScope":{"containerScope":{"contributions":{},"includedScopes":[]},"contributions":{},"includedScopes":[]},"contributions":{},"includedScopes":[]},"contributions":{},"includedScopes":[]}]},"contributions":{},"includedScopes":[]},"contributions":{},"includedScopes":[]},"contributions":{},"includedScopes":[]},"contributions":{},"includedScopes":[]},"contributions":{},"includedScopes":[]},"contributions":{},"includedScopes":[{"containerScope":{"containerScope":{"containerScope":{"contributions":{},"includedScopes":[]},"contributions":{},"includedScopes":[]},"contributions":{},"includedScopes":[]},"contributions":{},"includedScopes":[{"containerScope":{"containerScope":{"containerScope":{"contributions":{},"includedScopes":[]},"contributions":{},"includedScopes":[]},"contributions":{},"includedScopes":[]},"contributions":{},"includedScopes":[]}]},{"containerScope":{"containerScope":{"containerScope":{"contributions":{},"includedScopes":[]},"contributions":{},"includedScopes":[]},"contributions":{},"includedScopes":[]},"contributions":{},"includedScopes":[]}]},"contributions":{},"includedScopes":[]},"contributions":{},"includedScopes":[]},"contributions":{},"includedScopes":[]},"contributions":{},"includedScopes":[]},"sourceMap":{"end":{"column":44,"line":61,"offset":1424},"start":{"column":33,"line":61,"offset":1413}}}}]},"compiled":false,"id":"bf3ccaaa-a0c8-407d-bc77-76e47e343858","isOverride":false,"metadata":[],"name":"<apply>","parameters":[{"id":"60522d8f-dc9b-4545-a185-6c31cf0ac620","isVarArg":false,"metadata":[],"name":"cosa","scope":{"containerScope":{"containerScope":{"containerScope":{"containerScope":{"containerScope":{"containerScope":{"containerScope":{"containerScope":{"containerScope":{"containerScope":{"containerScope":{"contributions":{},"includedScopes":[]},"contributions":{},"includedScopes":[]},"contributions":{},"includedScopes":[]},"contributions":{},"includedScopes":[{"containerScope":{"containerScope":{"containerScope":{"contributions":{},"includedScopes":[]},"contributions":{},"includedScopes":[]},"contributions":{},"includedScopes":[]},"contributions":{},"includedScopes":[]}]},"contributions":{},"includedScopes":[]},"contributions":{},"includedScopes":[]},"contributions":{},"includedScopes":[]},"contributions":{},"includedScopes":[]},"contributions":{},"includedScopes":[]},"contributions":{},"includedScopes":[{"containerScope":{"containerScope":{"containerScope":{"contributions":{},"includedScopes":[]},"contributions":{},"includedScopes":[]},"contributions":{},"includedScopes":[]},"contributions":{},"includedScopes":[{"containerScope":{"containerScope":{"containerScope":{"contributions":{},"includedScopes":[]},"contributions":{},"includedScopes":[]},"contributions":{},"includedScopes":[]},"contributions":{},"includedScopes":[]}]},{"containerScope":{"containerScope":{"containerScope":{"contributions":{},"includedScopes":[]},"contributions":{},"includedScopes":[]},"contributions":{},"includedScopes":[]},"contributions":{},"includedScopes":[]}]},"contributions":{},"includedScopes":[]},"contributions":{},"includedScopes":[]},"sourceMap":{"end":{"column":31,"line":61,"offset":1411},"start":{"column":27,"line":61,"offset":1407}}}],"scope":{"containerScope":{"containerScope":{"containerScope":{"containerScope":{"containerScope":{"containerScope":{"containerScope":{"containerScope":{"containerScope":{"containerScope":{"contributions":{},"includedScopes":[]},"contributions":{},"includedScopes":[]},"contributions":{},"includedScopes":[]},"contributions":{},"includedScopes":[{"containerScope":{"containerScope":{"containerScope":{"contributions":{},"includedScopes":[]},"contributions":{},"includedScopes":[]},"contributions":{},"includedScopes":[]},"contributions":{},"includedScopes":[]}]},"contributions":{},"includedScopes":[]},"contributions":{},"includedScopes":[]},"contributions":{},"includedScopes":[]},"contributions":{},"includedScopes":[]},"contributions":{},"includedScopes":[]},"contributions":{},"includedScopes":[{"containerScope":{"containerScope":{"containerScope":{"contributions":{},"includedScopes":[]},"contributions":{},"includedScopes":[]},"contributions":{},"includedScopes":[]},"contributions":{},"includedScopes":[{"containerScope":{"containerScope":{"containerScope":{"contributions":{},"includedScopes":[]},"contributions":{},"includedScopes":[]},"contributions":{},"includedScopes":[]},"contributions":{},"includedScopes":[]}]},{"containerScope":{"containerScope":{"containerScope":{"contributions":{},"includedScopes":[]},"contributions":{},"includedScopes":[]},"contributions":{},"includedScopes":[]},"contributions":{},"includedScopes":[]}]},"contributions":{},"includedScopes":[]}},{"id":"46894f29-c3d0-4ad0-97fe-62128ccf3460","isConstant":true,"isProperty":false,"metadata":[],"name":"<toString>","scope":{"containerScope":{"containerScope":{"containerScope":{"containerScope":{"containerScope":{"containerScope":{"containerScope":{"containerScope":{"containerScope":{"containerScope":{"contributions":{},"includedScopes":[]},"contributions":{},"includedScopes":[]},"contributions":{},"includedScopes":[]},"contributions":{},"includedScopes":[{"containerScope":{"containerScope":{"containerScope":{"contributions":{},"includedScopes":[]},"contributions":{},"includedScopes":[]},"contributions":{},"includedScopes":[]},"contributions":{},"includedScopes":[]}]},"contributions":{},"includedScopes":[]},"contributions":{},"includedScopes":[]},"contributions":{},"includedScopes":[]},"contributions":{},"includedScopes":[]},"contributions":{},"includedScopes":[]},"contributions":{},"includedScopes":[{"containerScope":{"containerScope":{"containerScope":{"contributions":{},"includedScopes":[]},"contributions":{},"includedScopes":[]},"contributions":{},"includedScopes":[]},"contributions":{},"includedScopes":[{"containerScope":{"containerScope":{"containerScope":{"contributions":{},"includedScopes":[]},"contributions":{},"includedScopes":[]},"contributions":{},"includedScopes":[]},"contributions":{},"includedScopes":[]}]},{"containerScope":{"containerScope":{"containerScope":{"contributions":{},"includedScopes":[]},"contributions":{},"includedScopes":[]},"contributions":{},"includedScopes":[]},"contributions":{},"includedScopes":[]}]},"contributions":{},"includedScopes":[]},"value":{"id":"20c5cebc-25fb-4bca-9b5c-733afb6c938d","metadata":[],"scope":{"containerScope":{"containerScope":{"containerScope":{"containerScope":{"containerScope":{"containerScope":{"containerScope":{"containerScope":{"containerScope":{"containerScope":{"containerScope":{"contributions":{},"includedScopes":[]},"contributions":{},"includedScopes":[]},"contributions":{},"includedScopes":[]},"contributions":{},"includedScopes":[{"containerScope":{"containerScope":{"containerScope":{"contributions":{},"includedScopes":[]},"contributions":{},"includedScopes":[]},"contributions":{},"includedScopes":[]},"contributions":{},"includedScopes":[]}]},"contributions":{},"includedScopes":[]},"contributions":{},"includedScopes":[]},"contributions":{},"includedScopes":[]},"contributions":{},"includedScopes":[]},"contributions":{},"includedScopes":[]},"contributions":{},"includedScopes":[{"containerScope":{"containerScope":{"containerScope":{"contributions":{},"includedScopes":[]},"contributions":{},"includedScopes":[]},"contributions":{},"includedScopes":[]},"contributions":{},"includedScopes":[{"containerScope":{"containerScope":{"containerScope":{"contributions":{},"includedScopes":[]},"contributions":{},"includedScopes":[]},"contributions":{},"includedScopes":[]},"contributions":{},"includedScopes":[]}]},{"containerScope":{"containerScope":{"containerScope":{"contributions":{},"includedScopes":[]},"contributions":{},"includedScopes":[]},"contributions":{},"includedScopes":[]},"contributions":{},"includedScopes":[]}]},"contributions":{},"includedScopes":[]},"contributions":{},"includedScopes":[]},"value":"{cosa=>cosa.peso()}"}}],"metadata":[],"scope":{"containerScope":{"containerScope":{"containerScope":{"containerScope":{"containerScope":{"containerScope":{"containerScope":{"containerScope":{"containerScope":{"contributions":{},"includedScopes":[]},"contributions":{},"includedScopes":[]},"contributions":{},"includedScopes":[]},"contributions":{},"includedScopes":[{"containerScope":{"containerScope":{"containerScope":{"contributions":{},"includedScopes":[]},"contributions":{},"includedScopes":[]},"contributions":{},"includedScopes":[]},"contributions":{},"includedScopes":[]}]},"contributions":{},"includedScopes":[]},"contributions":{},"includedScopes":[]},"contributions":{},"includedScopes":[]},"contributions":{},"includedScopes":[]},"contributions":{},"includedScopes":[]},"contributions":{},"includedScopes":[{"containerScope":{"containerScope":{"containerScope":{"contributions":{},"includedScopes":[]},"contributions":{},"includedScopes":[]},"contributions":{},"includedScopes":[]},"contributions":{},"includedScopes":[{"containerScope":{"containerScope":{"containerScope":{"contributions":{},"includedScopes":[]},"contributions":{},"includedScopes":[]},"contributions":{},"includedScopes":[]},"contributions":{},"includedScopes":[]}]},{"containerScope":{"containerScope":{"containerScope":{"contributions":{},"includedScopes":[]},"contributions":{},"includedScopes":[]},"contributions":{},"includedScopes":[]},"contributions":{},"includedScopes":[]}]},"sourceMap":{"end":{"column":45,"line":61,"offset":1425},"start":{"column":26,"line":61,"offset":1406}},"supertypes":[{"args":[],"id":"c4a77343-a501-4169-b357-18811ff5744d","metadata":[],"reference":{"id":"8f0f15aa-8f6c-48d1-bfc0-85f33acf6442","metadata":[],"name":"wollok.lang.Closure","scope":{"containerScope":{"containerScope":{"containerScope":{"containerScope":{"containerScope":{"containerScope":{"containerScope":{"containerScope":{"containerScope":{"containerScope":{"contributions":{},"includedScopes":[]},"contributions":{},"includedScopes":[]},"contributions":{},"includedScopes":[]},"contributions":{},"includedScopes":[{"containerScope":{"containerScope":{"containerScope":{"contributions":{},"includedScopes":[]},"contributions":{},"includedScopes":[]},"contributions":{},"includedScopes":[]},"contributions":{},"includedScopes":[]}]},"contributions":{},"includedScopes":[]},"contributions":{},"includedScopes":[]},"contributions":{},"includedScopes":[]},"contributions":{},"includedScopes":[]},"contributions":{},"includedScopes":[]},"contributions":{},"includedScopes":[{"containerScope":{"containerScope":{"containerScope":{"contributions":{},"includedScopes":[]},"contributions":{},"includedScopes":[]},"contributions":{},"includedScopes":[]},"contributions":{},"includedScopes":[{"containerScope":{"containerScope":{"containerScope":{"contributions":{},"includedScopes":[]},"contributions":{},"includedScopes":[]},"contributions":{},"includedScopes":[]},"contributions":{},"includedScopes":[]}]},{"containerScope":{"containerScope":{"containerScope":{"contributions":{},"includedScopes":[]},"contributions":{},"includedScopes":[]},"contributions":{},"includedScopes":[]},"contributions":{},"includedScopes":[]}]},"contributions":{},"includedScopes":[]}},"scope":{"containerScope":{"containerScope":{"containerScope":{"containerScope":{"containerScope":{"containerScope":{"containerScope":{"containerScope":{"containerScope":{"containerScope":{"contributions":{},"includedScopes":[]},"contributions":{},"includedScopes":[]},"contributions":{},"includedScopes":[]},"contributions":{},"includedScopes":[{"containerScope":{"containerScope":{"containerScope":{"contributions":{},"includedScopes":[]},"contributions":{},"includedScopes":[]},"contributions":{},"includedScopes":[]},"contributions":{},"includedScopes":[]}]},"contributions":{},"includedScopes":[]},"contributions":{},"includedScopes":[]},"contributions":{},"includedScopes":[]},"contributions":{},"includedScopes":[]},"contributions":{},"includedScopes":[]},"contributions":{},"includedScopes":[{"containerScope":{"containerScope":{"containerScope":{"contributions":{},"includedScopes":[]},"contributions":{},"includedScopes":[]},"contributions":{},"includedScopes":[]},"contributions":{},"includedScopes":[{"containerScope":{"containerScope":{"containerScope":{"contributions":{},"includedScopes":[]},"contributions":{},"includedScopes":[]},"contributions":{},"includedScopes":[]},"contributions":{},"includedScopes":[]}]},{"containerScope":{"containerScope":{"containerScope":{"contributions":{},"includedScopes":[]},"contributions":{},"includedScopes":[]},"contributions":{},"includedScopes":[]},"contributions":{},"includedScopes":[]}]},"contributions":{},"includedScopes":[]}}]}],"id":"8a8ce82c-e117-46b8-bb35-045f116228ab","message":"sum","metadata":[],"receiver":{"id":"90a4938d-1aca-4f1a-9f75-6ea1539f484d","metadata":[],"name":"cosas","scope":{"containerScope":{"containerScope":{"containerScope":{"containerScope":{"containerScope":{"containerScope":{"containerScope":{"containerScope":{"containerScope":{"contributions":{},"includedScopes":[]},"contributions":{},"includedScopes":[]},"contributions":{},"includedScopes":[]},"contributions":{},"includedScopes":[{"containerScope":{"containerScope":{"containerScope":{"contributions":{},"includedScopes":[]},"contributions":{},"includedScopes":[]},"contributions":{},"includedScopes":[]},"contributions":{},"includedScopes":[]}]},"contributions":{},"includedScopes":[]},"contributions":{},"includedScopes":[]},"contributions":{},"includedScopes":[]},"contributions":{},"includedScopes":[]},"contributions":{},"includedScopes":[]},"contributions":{},"includedScopes":[]},"sourceMap":{"end":{"column":21,"line":61,"offset":1401},"start":{"column":16,"line":61,"offset":1396}}},"scope":{"containerScope":{"containerScope":{"containerScope":{"containerScope":{"containerScope":{"containerScope":{"containerScope":{"containerScope":{"contributions":{},"includedScopes":[]},"contributions":{},"includedScopes":[]},"contributions":{},"includedScopes":[]},"contributions":{},"includedScopes":[{"containerScope":{"containerScope":{"containerScope":{"contributions":{},"includedScopes":[]},"contributions":{},"includedScopes":[]},"contributions":{},"includedScopes":[]},"contributions":{},"includedScopes":[]}]},"contributions":{},"includedScopes":[]},"contributions":{},"includedScopes":[]},"contributions":{},"includedScopes":[]},"contributions":{},"includedScopes":[]},"contributions":{},"includedScopes":[]},"sourceMap":{"end":{"column":46,"line":61,"offset":1426},"start":{"column":16,"line":61,"offset":1396}}}],"id":"57bd5945-b37c-472b-8ea2-9983d6dd8445","message":"+","metadata":[],"receiver":{"id":"36b7749b-88a3-4235-b1de-64cd6af3eeb0","metadata":[],"scope":{"containerScope":{"containerScope":{"containerScope":{"containerScope":{"containerScope":{"containerScope":{"containerScope":{"containerScope":{"contributions":{},"includedScopes":[]},"contributions":{},"includedScopes":[]},"contributions":{},"includedScopes":[]},"contributions":{},"includedScopes":[{"containerScope":{"containerScope":{"containerScope":{"contributions":{},"includedScopes":[]},"contributions":{},"includedScopes":[]},"contributions":{},"includedScopes":[]},"contributions":{},"includedScopes":[]}]},"contributions":{},"includedScopes":[]},"contributions":{},"includedScopes":[]},"contributions":{},"includedScopes":[]},"contributions":{},"includedScopes":[]},"contributions":{},"includedScopes":[]},"sourceMap":{"end":{"column":13,"line":61,"offset":1393},"start":{"column":10,"line":61,"offset":1390}},"value":100},"scope":{"containerScope":{"containerScope":{"containerScope":{"containerScope":{"containerScope":{"containerScope":{"containerScope":{"contributions":{},"includedScopes":[]},"contributions":{},"includedScopes":[]},"contributions":{},"includedScopes":[]},"contributions":{},"includedScopes":[{"containerScope":{"containerScope":{"containerScope":{"contributions":{},"includedScopes":[]},"contributions":{},"includedScopes":[]},"contributions":{},"includedScopes":[]},"contributions":{},"includedScopes":[]}]},"contributions":{},"includedScopes":[]},"contributions":{},"includedScopes":[]},"contributions":{},"includedScopes":[]},"contributions":{},"includedScopes":[]},"sourceMap":{"end":{"column":46,"line":61,"offset":1426},"start":{"column":10,"line":61,"offset":1390}}}}],"sourceMap":{"end":{"column":3,"line":62,"offset":1429},"start":{"column":15,"line":60,"offset":1379}}},"compiled":false,"id":"bc24316b-7180-4fa5-a3ba-2c6a11ac74cb","isOverride":false,"metadata":[],"name":"peso","parameters":[],"problems":[],"scope":{"containerScope":{"containerScope":{"containerScope":{"containerScope":{"contributions":{},"includedScopes":[]},"contributions":{},"includedScopes":[]},"contributions":{},"includedScopes":[]},"contributions":{},"includedScopes":[{"containerScope":{"containerScope":{"containerScope":{"contributions":{},"includedScopes":[]},"contributions":{},"includedScopes":[]},"contributions":{},"includedScopes":[]},"contributions":{},"includedScopes":[]}]},"contributions":{},"includedScopes":[]},"sourceMap":{"end":{"column":3,"line":62,"offset":1429},"start":{"column":2,"line":60,"offset":1366}}},{"body":{"id":"4eb03d47-6ff2-4ebd-9a80-797753316a71","metadata":[],"problems":[],"scope":{"containerScope":{"containerScope":{"containerScope":{"containerScope":{"containerScope":{"contributions":{},"includedScopes":[]},"contributions":{},"includedScopes":[]},"contributions":{},"includedScopes":[]},"contributions":{},"includedScopes":[{"containerScope":{"containerScope":{"containerScope":{"contributions":{},"includedScopes":[]},"contributions":{},"includedScopes":[]},"contributions":{},"includedScopes":[]},"contributions":{},"includedScopes":[]}]},"contributions":{},"includedScopes":[]},"contributions":{},"includedScopes":[]},"sentences":[{"id":"d44a03ee-27b0-4ace-be64-55020e19abcf","metadata":[],"scope":{"containerScope":{"containerScope":{"containerScope":{"containerScope":{"containerScope":{"containerScope":{"contributions":{},"includedScopes":[]},"contributions":{},"includedScopes":[]},"contributions":{},"includedScopes":[]},"contributions":{},"includedScopes":[{"containerScope":{"containerScope":{"containerScope":{"contributions":{},"includedScopes":[]},"contributions":{},"includedScopes":[]},"contributions":{},"includedScopes":[]},"contributions":{},"includedScopes":[]}]},"contributions":{},"includedScopes":[]},"contributions":{},"includedScopes":[]},"contributions":{},"includedScopes":[]},"sourceMap":{"end":{"column":78,"line":65,"offset":1538},"start":{"column":4,"line":65,"offset":1464}},"value":{"args":[],"id":"8b0eb5a3-bc79-45da-b838-a0acfbc45081","message":"nivelPeligrosidad","metadata":[],"receiver":{"args":[{"id":"8588ea09-e552-4252-b6df-c762996301c2","members":[{"body":{"id":"ba135acf-d4e8-4f07-bd0a-b4162fb05f33","metadata":[],"scope":{"containerScope":{"containerScope":{"containerScope":{"containerScope":{"containerScope":{"containerScope":{"containerScope":{"containerScope":{"containerScope":{"containerScope":{"containerScope":{"contributions":{},"includedScopes":[]},"contributions":{},"includedScopes":[]},"contributions":{},"includedScopes":[]},"contributions":{},"includedScopes":[{"containerScope":{"containerScope":{"containerScope":{"contributions":{},"includedScopes":[]},"contributions":{},"includedScopes":[]},"contributions":{},"includedScopes":[]},"contributions":{},"includedScopes":[]}]},"contributions":{},"includedScopes":[]},"contributions":{},"includedScopes":[]},"contributions":{},"includedScopes":[]},"contributions":{},"includedScopes":[]},"contributions":{},"includedScopes":[]},"contributions":{},"includedScopes":[{"containerScope":{"containerScope":{"containerScope":{"contributions":{},"includedScopes":[]},"contributions":{},"includedScopes":[]},"contributions":{},"includedScopes":[]},"contributions":{},"includedScopes":[{"containerScope":{"containerScope":{"containerScope":{"contributions":{},"includedScopes":[]},"contributions":{},"includedScopes":[]},"contributions":{},"includedScopes":[]},"contributions":{},"includedScopes":[]}]},{"containerScope":{"containerScope":{"containerScope":{"contributions":{},"includedScopes":[]},"contributions":{},"includedScopes":[]},"contributions":{},"includedScopes":[]},"contributions":{},"includedScopes":[]}]},"contributions":{},"includedScopes":[]},"contributions":{},"includedScopes":[]},"sentences":[{"id":"3636610e-639e-4972-bdde-4a38bf6e1fd0","metadata":[],"scope":{"containerScope":{"containerScope":{"containerScope":{"containerScope":{"containerScope":{"containerScope":{"containerScope":{"containerScope":{"containerScope":{"containerScope":{"containerScope":{"containerScope":{"contributions":{},"includedScopes":[]},"contributions":{},"includedScopes":[]},"contributions":{},"includedScopes":[]},"contributions":{},"includedScopes":[{"containerScope":{"containerScope":{"containerScope":{"contributions":{},"includedScopes":[]},"contributions":{},"includedScopes":[]},"contributions":{},"includedScopes":[]},"contributions":{},"includedScopes":[]}]},"contributions":{},"includedScopes":[]},"contributions":{},"includedScopes":[]},"contributions":{},"includedScopes":[]},"contributions":{},"includedScopes":[]},"contributions":{},"includedScopes":[]},"contributions":{},"includedScopes":[{"containerScope":{"containerScope":{"containerScope":{"contributions":{},"includedScopes":[]},"contributions":{},"includedScopes":[]},"contributions":{},"includedScopes":[]},"contributions":{},"includedScopes":[{"containerScope":{"containerScope":{"containerScope":{"contributions":{},"includedScopes":[]},"contributions":{},"includedScopes":[]},"contributions":{},"includedScopes":[]},"contributions":{},"includedScopes":[]}]},{"containerScope":{"containerScope":{"containerScope":{"contributions":{},"includedScopes":[]},"contributions":{},"includedScopes":[]},"contributions":{},"includedScopes":[]},"contributions":{},"includedScopes":[]}]},"contributions":{},"includedScopes":[]},"contributions":{},"includedScopes":[]},"contributions":{},"includedScopes":[]},"value":{"args":[],"id":"74721888-d2a7-42ff-a1a6-37a36ed32d73","message":"nivelPeligrosidad","metadata":[],"receiver":{"id":"00fb4b79-a5f4-4946-8df1-fbe938d4830b","metadata":[],"name":"cosa","scope":{"containerScope":{"containerScope":{"containerScope":{"containerScope":{"containerScope":{"containerScope":{"containerScope":{"containerScope":{"containerScope":{"containerScope":{"containerScope":{"containerScope":{"containerScope":{"containerScope":{"contributions":{},"includedScopes":[]},"contributions":{},"includedScopes":[]},"contributions":{},"includedScopes":[]},"contributions":{},"includedScopes":[{"containerScope":{"containerScope":{"containerScope":{"contributions":{},"includedScopes":[]},"contributions":{},"includedScopes":[]},"contributions":{},"includedScopes":[]},"contributions":{},"includedScopes":[]}]},"contributions":{},"includedScopes":[]},"contributions":{},"includedScopes":[]},"contributions":{},"includedScopes":[]},"contributions":{},"includedScopes":[]},"contributions":{},"includedScopes":[]},"contributions":{},"includedScopes":[{"containerScope":{"containerScope":{"containerScope":{"contributions":{},"includedScopes":[]},"contributions":{},"includedScopes":[]},"contributions":{},"includedScopes":[]},"contributions":{},"includedScopes":[{"containerScope":{"containerScope":{"containerScope":{"contributions":{},"includedScopes":[]},"contributions":{},"includedScopes":[]},"contributions":{},"includedScopes":[]},"contributions":{},"includedScopes":[]}]},{"containerScope":{"containerScope":{"containerScope":{"contributions":{},"includedScopes":[]},"contributions":{},"includedScopes":[]},"contributions":{},"includedScopes":[]},"contributions":{},"includedScopes":[]}]},"contributions":{},"includedScopes":[]},"contributions":{},"includedScopes":[]},"contributions":{},"includedScopes":[]},"contributions":{},"includedScopes":[]},"contributions":{},"includedScopes":[]},"sourceMap":{"end":{"column":35,"line":65,"offset":1495},"start":{"column":31,"line":65,"offset":1491}}},"scope":{"containerScope":{"containerScope":{"containerScope":{"containerScope":{"containerScope":{"containerScope":{"containerScope":{"containerScope":{"containerScope":{"containerScope":{"containerScope":{"containerScope":{"containerScope":{"contributions":{},"includedScopes":[]},"contributions":{},"includedScopes":[]},"contributions":{},"includedScopes":[]},"contributions":{},"includedScopes":[{"containerScope":{"containerScope":{"containerScope":{"contributions":{},"includedScopes":[]},"contributions":{},"includedScopes":[]},"contributions":{},"includedScopes":[]},"contributions":{},"includedScopes":[]}]},"contributions":{},"includedScopes":[]},"contributions":{},"includedScopes":[]},"contributions":{},"includedScopes":[]},"contributions":{},"includedScopes":[]},"contributions":{},"includedScopes":[]},"contributions":{},"includedScopes":[{"containerScope":{"containerScope":{"containerScope":{"contributions":{},"includedScopes":[]},"contributions":{},"includedScopes":[]},"contributions":{},"includedScopes":[]},"contributions":{},"includedScopes":[{"containerScope":{"containerScope":{"containerScope":{"contributions":{},"includedScopes":[]},"contributions":{},"includedScopes":[]},"contributions":{},"includedScopes":[]},"contributions":{},"includedScopes":[]}]},{"containerScope":{"containerScope":{"containerScope":{"contributions":{},"includedScopes":[]},"contributions":{},"includedScopes":[]},"contributions":{},"includedScopes":[]},"contributions":{},"includedScopes":[]}]},"contributions":{},"includedScopes":[]},"contributions":{},"includedScopes":[]},"contributions":{},"includedScopes":[]},"contributions":{},"includedScopes":[]},"sourceMap":{"end":{"column":55,"line":65,"offset":1515},"start":{"column":31,"line":65,"offset":1491}}}}]},"compiled":false,"id":"3e43b83a-f431-45db-a99e-7067e125aa0c","isOverride":false,"metadata":[],"name":"<apply>","parameters":[{"id":"1ee65546-2c8c-428d-bf85-c0171a9545a5","isVarArg":false,"metadata":[],"name":"cosa","scope":{"containerScope":{"containerScope":{"containerScope":{"containerScope":{"containerScope":{"containerScope":{"containerScope":{"containerScope":{"containerScope":{"containerScope":{"containerScope":{"contributions":{},"includedScopes":[]},"contributions":{},"includedScopes":[]},"contributions":{},"includedScopes":[]},"contributions":{},"includedScopes":[{"containerScope":{"containerScope":{"containerScope":{"contributions":{},"includedScopes":[]},"contributions":{},"includedScopes":[]},"contributions":{},"includedScopes":[]},"contributions":{},"includedScopes":[]}]},"contributions":{},"includedScopes":[]},"contributions":{},"includedScopes":[]},"contributions":{},"includedScopes":[]},"contributions":{},"includedScopes":[]},"contributions":{},"includedScopes":[]},"contributions":{},"includedScopes":[{"containerScope":{"containerScope":{"containerScope":{"contributions":{},"includedScopes":[]},"contributions":{},"includedScopes":[]},"contributions":{},"includedScopes":[]},"contributions":{},"includedScopes":[{"containerScope":{"containerScope":{"containerScope":{"contributions":{},"includedScopes":[]},"contributions":{},"includedScopes":[]},"contributions":{},"includedScopes":[]},"contributions":{},"includedScopes":[]}]},{"containerScope":{"containerScope":{"containerScope":{"contributions":{},"includedScopes":[]},"contributions":{},"includedScopes":[]},"contributions":{},"includedScopes":[]},"contributions":{},"includedScopes":[]}]},"contributions":{},"includedScopes":[]},"contributions":{},"includedScopes":[]},"sourceMap":{"end":{"column":27,"line":65,"offset":1487},"start":{"column":23,"line":65,"offset":1483}}}],"scope":{"containerScope":{"containerScope":{"containerScope":{"containerScope":{"containerScope":{"containerScope":{"containerScope":{"containerScope":{"containerScope":{"containerScope":{"contributions":{},"includedScopes":[]},"contributions":{},"includedScopes":[]},"contributions":{},"includedScopes":[]},"contributions":{},"includedScopes":[{"containerScope":{"containerScope":{"containerScope":{"contributions":{},"includedScopes":[]},"contributions":{},"includedScopes":[]},"contributions":{},"includedScopes":[]},"contributions":{},"includedScopes":[]}]},"contributions":{},"includedScopes":[]},"contributions":{},"includedScopes":[]},"contributions":{},"includedScopes":[]},"contributions":{},"includedScopes":[]},"contributions":{},"includedScopes":[]},"contributions":{},"includedScopes":[{"containerScope":{"containerScope":{"containerScope":{"contributions":{},"includedScopes":[]},"contributions":{},"includedScopes":[]},"contributions":{},"includedScopes":[]},"contributions":{},"includedScopes":[{"containerScope":{"containerScope":{"containerScope":{"contributions":{},"includedScopes":[]},"contributions":{},"includedScopes":[]},"contributions":{},"includedScopes":[]},"contributions":{},"includedScopes":[]}]},{"containerScope":{"containerScope":{"containerScope":{"contributions":{},"includedScopes":[]},"contributions":{},"includedScopes":[]},"contributions":{},"includedScopes":[]},"contributions":{},"includedScopes":[]}]},"contributions":{},"includedScopes":[]}},{"id":"be8c6d8a-95d1-4a30-a508-4356b09712e2","isConstant":true,"isProperty":false,"metadata":[],"name":"<toString>","scope":{"containerScope":{"containerScope":{"containerScope":{"containerScope":{"containerScope":{"containerScope":{"containerScope":{"containerScope":{"containerScope":{"containerScope":{"contributions":{},"includedScopes":[]},"contributions":{},"includedScopes":[]},"contributions":{},"includedScopes":[]},"contributions":{},"includedScopes":[{"containerScope":{"containerScope":{"containerScope":{"contributions":{},"includedScopes":[]},"contributions":{},"includedScopes":[]},"contributions":{},"includedScopes":[]},"contributions":{},"includedScopes":[]}]},"contributions":{},"includedScopes":[]},"contributions":{},"includedScopes":[]},"contributions":{},"includedScopes":[]},"contributions":{},"includedScopes":[]},"contributions":{},"includedScopes":[]},"contributions":{},"includedScopes":[{"containerScope":{"containerScope":{"containerScope":{"contributions":{},"includedScopes":[]},"contributions":{},"includedScopes":[]},"contributions":{},"includedScopes":[]},"contributions":{},"includedScopes":[{"containerScope":{"containerScope":{"containerScope":{"contributions":{},"includedScopes":[]},"contributions":{},"includedScopes":[]},"contributions":{},"includedScopes":[]},"contributions":{},"includedScopes":[]}]},{"containerScope":{"containerScope":{"containerScope":{"contributions":{},"includedScopes":[]},"contributions":{},"includedScopes":[]},"contributions":{},"includedScopes":[]},"contributions":{},"includedScopes":[]}]},"contributions":{},"includedScopes":[]},"value":{"id":"94f90a40-5e53-4935-98a2-b1638e326ea5","metadata":[],"scope":{"containerScope":{"containerScope":{"containerScope":{"containerScope":{"containerScope":{"containerScope":{"containerScope":{"containerScope":{"containerScope":{"containerScope":{"containerScope":{"contributions":{},"includedScopes":[]},"contributions":{},"includedScopes":[]},"contributions":{},"includedScopes":[]},"contributions":{},"includedScopes":[{"containerScope":{"containerScope":{"containerScope":{"contributions":{},"includedScopes":[]},"contributions":{},"includedScopes":[]},"contributions":{},"includedScopes":[]},"contributions":{},"includedScopes":[]}]},"contributions":{},"includedScopes":[]},"contributions":{},"includedScopes":[]},"contributions":{},"includedScopes":[]},"contributions":{},"includedScopes":[]},"contributions":{},"includedScopes":[]},"contributions":{},"includedScopes":[{"containerScope":{"containerScope":{"containerScope":{"contributions":{},"includedScopes":[]},"contributions":{},"includedScopes":[]},"contributions":{},"includedScopes":[]},"contributions":{},"includedScopes":[{"containerScope":{"containerScope":{"containerScope":{"contributions":{},"includedScopes":[]},"contributions":{},"includedScopes":[]},"contributions":{},"includedScopes":[]},"contributions":{},"includedScopes":[]}]},{"containerScope":{"containerScope":{"containerScope":{"contributions":{},"includedScopes":[]},"contributions":{},"includedScopes":[]},"contributions":{},"includedScopes":[]},"contributions":{},"includedScopes":[]}]},"contributions":{},"includedScopes":[]},"contributions":{},"includedScopes":[]},"value":"{cosa => cosa.nivelPeligrosidad()}"}}],"metadata":[],"scope":{"containerScope":{"containerScope":{"containerScope":{"containerScope":{"containerScope":{"containerScope":{"containerScope":{"containerScope":{"containerScope":{"contributions":{},"includedScopes":[]},"contributions":{},"includedScopes":[]},"contributions":{},"includedScopes":[]},"contributions":{},"includedScopes":[{"containerScope":{"containerScope":{"containerScope":{"contributions":{},"includedScopes":[]},"contributions":{},"includedScopes":[]},"contributions":{},"includedScopes":[]},"contributions":{},"includedScopes":[]}]},"contributions":{},"includedScopes":[]},"contributions":{},"includedScopes":[]},"contributions":{},"includedScopes":[]},"contributions":{},"includedScopes":[]},"contributions":{},"includedScopes":[]},"contributions":{},"includedScopes":[{"containerScope":{"containerScope":{"containerScope":{"contributions":{},"includedScopes":[]},"contributions":{},"includedScopes":[]},"contributions":{},"includedScopes":[]},"contributions":{},"includedScopes":[{"containerScope":{"containerScope":{"containerScope":{"contributions":{},"includedScopes":[]},"contributions":{},"includedScopes":[]},"contributions":{},"includedScopes":[]},"contributions":{},"includedScopes":[]}]},{"containerScope":{"containerScope":{"containerScope":{"contributions":{},"includedScopes":[]},"contributions":{},"includedScopes":[]},"contributions":{},"includedScopes":[]},"contributions":{},"includedScopes":[]}]},"sourceMap":{"end":{"column":56,"line":65,"offset":1516},"start":{"column":22,"line":65,"offset":1482}},"supertypes":[{"args":[],"id":"f5c03ad5-5101-41e3-b043-1c0611741171","metadata":[],"reference":{"id":"79e6166c-c3ff-43c2-a881-2e276c6a7262","metadata":[],"name":"wollok.lang.Closure","scope":{"containerScope":{"containerScope":{"containerScope":{"containerScope":{"containerScope":{"containerScope":{"containerScope":{"containerScope":{"containerScope":{"containerScope":{"contributions":{},"includedScopes":[]},"contributions":{},"includedScopes":[]},"contributions":{},"includedScopes":[]},"contributions":{},"includedScopes":[{"containerScope":{"containerScope":{"containerScope":{"contributions":{},"includedScopes":[]},"contributions":{},"includedScopes":[]},"contributions":{},"includedScopes":[]},"contributions":{},"includedScopes":[]}]},"contributions":{},"includedScopes":[]},"contributions":{},"includedScopes":[]},"contributions":{},"includedScopes":[]},"contributions":{},"includedScopes":[]},"contributions":{},"includedScopes":[]},"contributions":{},"includedScopes":[{"containerScope":{"containerScope":{"containerScope":{"contributions":{},"includedScopes":[]},"contributions":{},"includedScopes":[]},"contributions":{},"includedScopes":[]},"contributions":{},"includedScopes":[{"containerScope":{"containerScope":{"containerScope":{"contributions":{},"includedScopes":[]},"contributions":{},"includedScopes":[]},"contributions":{},"includedScopes":[]},"contributions":{},"includedScopes":[]}]},{"containerScope":{"containerScope":{"containerScope":{"contributions":{},"includedScopes":[]},"contributions":{},"includedScopes":[]},"contributions":{},"includedScopes":[]},"contributions":{},"includedScopes":[]}]},"contributions":{},"includedScopes":[]}},"scope":{"containerScope":{"containerScope":{"containerScope":{"containerScope":{"containerScope":{"containerScope":{"containerScope":{"containerScope":{"containerScope":{"containerScope":{"contributions":{},"includedScopes":[]},"contributions":{},"includedScopes":[]},"contributions":{},"includedScopes":[]},"contributions":{},"includedScopes":[{"containerScope":{"containerScope":{"containerScope":{"contributions":{},"includedScopes":[]},"contributions":{},"includedScopes":[]},"contributions":{},"includedScopes":[]},"contributions":{},"includedScopes":[]}]},"contributions":{},"includedScopes":[]},"contributions":{},"includedScopes":[]},"contributions":{},"includedScopes":[]},"contributions":{},"includedScopes":[]},"contributions":{},"includedScopes":[]},"contributions":{},"includedScopes":[{"containerScope":{"containerScope":{"containerScope":{"contributions":{},"includedScopes":[]},"contributions":{},"includedScopes":[]},"contributions":{},"includedScopes":[]},"contributions":{},"includedScopes":[{"containerScope":{"containerScope":{"containerScope":{"contributions":{},"includedScopes":[]},"contributions":{},"includedScopes":[]},"contributions":{},"includedScopes":[]},"contributions":{},"includedScopes":[]}]},{"containerScope":{"containerScope":{"containerScope":{"contributions":{},"includedScopes":[]},"contributions":{},"includedScopes":[]},"contributions":{},"includedScopes":[]},"contributions":{},"includedScopes":[]}]},"contributions":{},"includedScopes":[]}}]}],"id":"607c0595-5c1a-429f-ba20-65abb99c9318","message":"max","metadata":[],"receiver":{"id":"25ff1cd8-dcfc-4ede-9af9-deedf8035930","metadata":[],"name":"cosas","scope":{"containerScope":{"containerScope":{"containerScope":{"containerScope":{"containerScope":{"containerScope":{"containerScope":{"containerScope":{"containerScope":{"contributions":{},"includedScopes":[]},"contributions":{},"includedScopes":[]},"contributions":{},"includedScopes":[]},"contributions":{},"includedScopes":[{"containerScope":{"containerScope":{"containerScope":{"contributions":{},"includedScopes":[]},"contributions":{},"includedScopes":[]},"contributions":{},"includedScopes":[]},"contributions":{},"includedScopes":[]}]},"contributions":{},"includedScopes":[]},"contributions":{},"includedScopes":[]},"contributions":{},"includedScopes":[]},"contributions":{},"includedScopes":[]},"contributions":{},"includedScopes":[]},"contributions":{},"includedScopes":[]},"sourceMap":{"end":{"column":17,"line":65,"offset":1477},"start":{"column":12,"line":65,"offset":1472}}},"scope":{"containerScope":{"containerScope":{"containerScope":{"containerScope":{"containerScope":{"containerScope":{"containerScope":{"containerScope":{"contributions":{},"includedScopes":[]},"contributions":{},"includedScopes":[]},"contributions":{},"includedScopes":[]},"contributions":{},"includedScopes":[{"containerScope":{"containerScope":{"containerScope":{"contributions":{},"includedScopes":[]},"contributions":{},"includedScopes":[]},"contributions":{},"includedScopes":[]},"contributions":{},"includedScopes":[]}]},"contributions":{},"includedScopes":[]},"contributions":{},"includedScopes":[]},"contributions":{},"includedScopes":[]},"contributions":{},"includedScopes":[]},"contributions":{},"includedScopes":[]},"sourceMap":{"end":{"column":57,"line":65,"offset":1517},"start":{"column":12,"line":65,"offset":1472}}},"scope":{"containerScope":{"containerScope":{"containerScope":{"containerScope":{"containerScope":{"containerScope":{"containerScope":{"contributions":{},"includedScopes":[]},"contributions":{},"includedScopes":[]},"contributions":{},"includedScopes":[]},"contributions":{},"includedScopes":[{"containerScope":{"containerScope":{"containerScope":{"contributions":{},"includedScopes":[]},"contributions":{},"includedScopes":[]},"contributions":{},"includedScopes":[]},"contributions":{},"includedScopes":[]}]},"contributions":{},"includedScopes":[]},"contributions":{},"includedScopes":[]},"contributions":{},"includedScopes":[]},"contributions":{},"includedScopes":[]},"sourceMap":{"end":{"column":78,"line":65,"offset":1538},"start":{"column":11,"line":65,"offset":1471}}}}],"sourceMap":{"end":{"column":3,"line":66,"offset":1541},"start":{"column":29,"line":64,"offset":1459}}},"compiled":false,"id":"9d02c627-cd5a-4ea5-9069-e54bb63940d8","isOverride":false,"metadata":[],"name":"nivelPeligrosidad","parameters":[],"problems":[],"scope":{"containerScope":{"containerScope":{"containerScope":{"containerScope":{"contributions":{},"includedScopes":[]},"contributions":{},"includedScopes":[]},"contributions":{},"includedScopes":[]},"contributions":{},"includedScopes":[{"containerScope":{"containerScope":{"containerScope":{"contributions":{},"includedScopes":[]},"contributions":{},"includedScopes":[]},"contributions":{},"includedScopes":[]},"contributions":{},"includedScopes":[]}]},"contributions":{},"includedScopes":[]},"sourceMap":{"end":{"column":3,"line":66,"offset":1541},"start":{"column":2,"line":64,"offset":1432}}},{"body":{"id":"752bca45-9d52-4079-903e-5dcdfbe1afce","metadata":[],"problems":[],"scope":{"containerScope":{"containerScope":{"containerScope":{"containerScope":{"containerScope":{"contributions":{},"includedScopes":[]},"contributions":{},"includedScopes":[]},"contributions":{},"includedScopes":[]},"contributions":{},"includedScopes":[{"containerScope":{"containerScope":{"containerScope":{"contributions":{},"includedScopes":[]},"contributions":{},"includedScopes":[]},"contributions":{},"includedScopes":[]},"contributions":{},"includedScopes":[]}]},"contributions":{},"includedScopes":[]},"contributions":{},"includedScopes":[]},"sentences":[{"args":[{"id":"e0440d17-dd50-4921-84d7-67dcf407357b","metadata":[],"name":"cosa","scope":{"containerScope":{"containerScope":{"containerScope":{"containerScope":{"containerScope":{"containerScope":{"containerScope":{"contributions":{},"includedScopes":[]},"contributions":{},"includedScopes":[]},"contributions":{},"includedScopes":[]},"contributions":{},"includedScopes":[{"containerScope":{"containerScope":{"containerScope":{"contributions":{},"includedScopes":[]},"contributions":{},"includedScopes":[]},"contributions":{},"includedScopes":[]},"contributions":{},"includedScopes":[]}]},"contributions":{},"includedScopes":[]},"contributions":{},"includedScopes":[]},"contributions":{},"includedScopes":[]},"contributions":{},"includedScopes":[]},"sourceMap":{"end":{"column":18,"line":68,"offset":1587},"start":{"column":14,"line":68,"offset":1583}}}],"id":"70d535fc-d26b-4bf9-acbf-8588965d78a3","message":"add","metadata":[],"receiver":{"id":"4088d527-9491-43ab-abef-89d2cfb003dc","metadata":[],"name":"cosas","scope":{"containerScope":{"containerScope":{"containerScope":{"containerScope":{"containerScope":{"containerScope":{"containerScope":{"contributions":{},"includedScopes":[]},"contributions":{},"includedScopes":[]},"contributions":{},"includedScopes":[]},"contributions":{},"includedScopes":[{"containerScope":{"containerScope":{"containerScope":{"contributions":{},"includedScopes":[]},"contributions":{},"includedScopes":[]},"contributions":{},"includedScopes":[]},"contributions":{},"includedScopes":[]}]},"contributions":{},"includedScopes":[]},"contributions":{},"includedScopes":[]},"contributions":{},"includedScopes":[]},"contributions":{},"includedScopes":[]},"sourceMap":{"end":{"column":9,"line":68,"offset":1578},"start":{"column":4,"line":68,"offset":1573}}},"scope":{"containerScope":{"containerScope":{"containerScope":{"containerScope":{"containerScope":{"containerScope":{"contributions":{},"includedScopes":[]},"contributions":{},"includedScopes":[]},"contributions":{},"includedScopes":[]},"contributions":{},"includedScopes":[{"containerScope":{"containerScope":{"containerScope":{"contributions":{},"includedScopes":[]},"contributions":{},"includedScopes":[]},"contributions":{},"includedScopes":[]},"contributions":{},"includedScopes":[]}]},"contributions":{},"includedScopes":[]},"contributions":{},"includedScopes":[]},"contributions":{},"includedScopes":[]},"sourceMap":{"end":{"column":19,"line":68,"offset":1588},"start":{"column":4,"line":68,"offset":1573}}}],"sourceMap":{"end":{"column":3,"line":69,"offset":1591},"start":{"column":27,"line":67,"offset":1568}}},"compiled":false,"id":"22ab6dcb-7841-4f64-b60c-e71f29c20227","isOverride":false,"metadata":[],"name":"agregarCosa","parameters":[{"id":"81e93882-930a-4050-b1d8-c1bd6f1fa75e","isVarArg":false,"metadata":[],"name":"cosa","scope":{"containerScope":{"containerScope":{"containerScope":{"containerScope":{"containerScope":{"contributions":{},"includedScopes":[]},"contributions":{},"includedScopes":[]},"contributions":{},"includedScopes":[]},"contributions":{},"includedScopes":[{"containerScope":{"containerScope":{"containerScope":{"contributions":{},"includedScopes":[]},"contributions":{},"includedScopes":[]},"contributions":{},"includedScopes":[]},"contributions":{},"includedScopes":[]}]},"contributions":{},"includedScopes":[]},"contributions":{},"includedScopes":[]},"sourceMap":{"end":{"column":25,"line":67,"offset":1566},"start":{"column":21,"line":67,"offset":1562}}}],"problems":[],"scope":{"containerScope":{"containerScope":{"containerScope":{"containerScope":{"contributions":{},"includedScopes":[]},"contributions":{},"includedScopes":[]},"contributions":{},"includedScopes":[]},"contributions":{},"includedScopes":[{"containerScope":{"containerScope":{"containerScope":{"contributions":{},"includedScopes":[]},"contributions":{},"includedScopes":[]},"contributions":{},"includedScopes":[]},"contributions":{},"includedScopes":[]}]},"contributions":{},"includedScopes":[]},"sourceMap":{"end":{"column":3,"line":69,"offset":1591},"start":{"column":2,"line":67,"offset":1543}}},{"body":{"id":"3eac4cb6-df01-4001-a059-84f8341a7763","metadata":[],"problems":[],"scope":{"containerScope":{"containerScope":{"containerScope":{"containerScope":{"containerScope":{"contributions":{},"includedScopes":[]},"contributions":{},"includedScopes":[]},"contributions":{},"includedScopes":[]},"contributions":{},"includedScopes":[{"containerScope":{"containerScope":{"containerScope":{"contributions":{},"includedScopes":[]},"contributions":{},"includedScopes":[]},"contributions":{},"includedScopes":[]},"contributions":{},"includedScopes":[]}]},"contributions":{},"includedScopes":[]},"contributions":{},"includedScopes":[]},"sentences":[{"id":"a64f0bf7-5605-472a-a71b-7dac419b1ba1","metadata":[],"scope":{"containerScope":{"containerScope":{"containerScope":{"containerScope":{"containerScope":{"containerScope":{"contributions":{},"includedScopes":[]},"contributions":{},"includedScopes":[]},"contributions":{},"includedScopes":[]},"contributions":{},"includedScopes":[{"containerScope":{"containerScope":{"containerScope":{"contributions":{},"includedScopes":[]},"contributions":{},"includedScopes":[]},"contributions":{},"includedScopes":[]},"contributions":{},"includedScopes":[]}]},"contributions":{},"includedScopes":[]},"contributions":{},"includedScopes":[]},"contributions":{},"includedScopes":[]},"value":{"args":[{"id":"12753b5f-4e5e-4c82-928a-3933c2aacfda","metadata":[],"name":"cosas","scope":{"containerScope":{"containerScope":{"containerScope":{"containerScope":{"containerScope":{"containerScope":{"containerScope":{"containerScope":{"contributions":{},"includedScopes":[]},"contributions":{},"includedScopes":[]},"contributions":{},"includedScopes":[]},"contributions":{},"includedScopes":[{"containerScope":{"containerScope":{"containerScope":{"contributions":{},"includedScopes":[]},"contributions":{},"includedScopes":[]},"contributions":{},"includedScopes":[]},"contributions":{},"includedScopes":[]}]},"contributions":{},"includedScopes":[]},"contributions":{},"includedScopes":[]},"contributions":{},"includedScopes":[]},"contributions":{},"includedScopes":[]},"contributions":{},"includedScopes":[]},"sourceMap":{"end":{"column":29,"line":70,"offset":1620},"start":{"column":24,"line":70,"offset":1615}}}],"id":"a839a023-d43d-4508-90a4-5d90dd40fb98","message":"+","metadata":[],"receiver":{"id":"e3b2d26f-c5ef-4671-9f2f-37345b11cfb9","metadata":[],"scope":{"containerScope":{"containerScope":{"containerScope":{"containerScope":{"containerScope":{"containerScope":{"containerScope":{"containerScope":{"contributions":{},"includedScopes":[]},"contributions":{},"includedScopes":[]},"contributions":{},"includedScopes":[]},"contributions":{},"includedScopes":[{"containerScope":{"containerScope":{"containerScope":{"contributions":{},"includedScopes":[]},"contributions":{},"includedScopes":[]},"contributions":{},"includedScopes":[]},"contributions":{},"includedScopes":[]}]},"contributions":{},"includedScopes":[]},"contributions":{},"includedScopes":[]},"contributions":{},"includedScopes":[]},"contributions":{},"includedScopes":[]},"contributions":{},"includedScopes":[]},"sourceMap":{"end":{"column":21,"line":70,"offset":1612},"start":{"column":20,"line":70,"offset":1611}},"value":1},"scope":{"containerScope":{"containerScope":{"containerScope":{"containerScope":{"containerScope":{"containerScope":{"containerScope":{"contributions":{},"includedScopes":[]},"contributions":{},"includedScopes":[]},"contributions":{},"includedScopes":[]},"contributions":{},"includedScopes":[{"containerScope":{"containerScope":{"containerScope":{"contributions":{},"includedScopes":[]},"contributions":{},"includedScopes":[]},"contributions":{},"includedScopes":[]},"contributions":{},"includedScopes":[]}]},"contributions":{},"includedScopes":[]},"contributions":{},"includedScopes":[]},"contributions":{},"includedScopes":[]},"contributions":{},"includedScopes":[]},"sourceMap":{"end":{"column":29,"line":70,"offset":1620},"start":{"column":20,"line":70,"offset":1611}}}}],"sourceMap":{"end":{"column":29,"line":70,"offset":1620},"start":{"column":20,"line":70,"offset":1611}}},"compiled":false,"id":"42d1d83e-2f56-4003-81c6-4cd25c7f4e95","isOverride":false,"metadata":[],"name":"bultos","parameters":[],"problems":[],"scope":{"containerScope":{"containerScope":{"containerScope":{"containerScope":{"contributions":{},"includedScopes":[]},"contributions":{},"includedScopes":[]},"contributions":{},"includedScopes":[]},"contributions":{},"includedScopes":[{"containerScope":{"containerScope":{"containerScope":{"contributions":{},"includedScopes":[]},"contributions":{},"includedScopes":[]},"contributions":{},"includedScopes":[]},"contributions":{},"includedScopes":[]}]},"contributions":{},"includedScopes":[]},"sourceMap":{"end":{"column":29,"line":70,"offset":1620},"start":{"column":2,"line":70,"offset":1593}}},{"body":{"id":"833a7dc5-7174-4eb1-a5b4-9efa56dbf86f","metadata":[],"scope":{"containerScope":{"containerScope":{"containerScope":{"containerScope":{"containerScope":{"contributions":{},"includedScopes":[]},"contributions":{},"includedScopes":[]},"contributions":{},"includedScopes":[]},"contributions":{},"includedScopes":[{"containerScope":{"containerScope":{"containerScope":{"contributions":{},"includedScopes":[]},"contributions":{},"includedScopes":[]},"contributions":{},"includedScopes":[]},"contributions":{},"includedScopes":[]}]},"contributions":{},"includedScopes":[]},"contributions":{},"includedScopes":[]},"sentences":[{"id":"7df796e4-d30b-42a9-9522-94a3538c9abd","metadata":[],"scope":{"containerScope":{"containerScope":{"containerScope":{"containerScope":{"containerScope":{"containerScope":{"contributions":{},"includedScopes":[]},"contributions":{},"includedScopes":[]},"contributions":{},"includedScopes":[]},"contributions":{},"includedScopes":[{"containerScope":{"containerScope":{"containerScope":{"contributions":{},"includedScopes":[]},"contributions":{},"includedScopes":[]},"contributions":{},"includedScopes":[]},"contributions":{},"includedScopes":[]}]},"contributions":{},"includedScopes":[]},"contributions":{},"includedScopes":[]},"contributions":{},"includedScopes":[]},"value":{"id":"a1e06789-5e10-4711-a0e9-589ff77a4d77","metadata":[],"name":"cosas","scope":{"containerScope":{"containerScope":{"containerScope":{"containerScope":{"containerScope":{"containerScope":{"containerScope":{"contributions":{},"includedScopes":[]},"contributions":{},"includedScopes":[]},"contributions":{},"includedScopes":[]},"contributions":{},"includedScopes":[{"containerScope":{"containerScope":{"containerScope":{"contributions":{},"includedScopes":[]},"contributions":{},"includedScopes":[]},"contributions":{},"includedScopes":[]},"contributions":{},"includedScopes":[]}]},"contributions":{},"includedScopes":[]},"contributions":{},"includedScopes":[]},"contributions":{},"includedScopes":[]},"contributions":{},"includedScopes":[]}}}]},"compiled":false,"id":"c222f731-810c-4586-bdd2-0cbfb6560afb","isOverride":false,"metadata":[],"name":"cosas","parameters":[],"scope":{"containerScope":{"containerScope":{"containerScope":{"containerScope":{"contributions":{},"includedScopes":[]},"contributions":{},"includedScopes":[]},"contributions":{},"includedScopes":[]},"contributions":{},"includedScopes":[{"containerScope":{"containerScope":{"containerScope":{"contributions":{},"includedScopes":[]},"contributions":{},"includedScopes":[]},"contributions":{},"includedScopes":[]},"contributions":{},"includedScopes":[]}]},"contributions":{},"includedScopes":[]}},{"body":{"id":"b6ec71ac-adee-488c-861e-b24440b329c2","metadata":[],"scope":{"containerScope":{"containerScope":{"containerScope":{"containerScope":{"containerScope":{"contributions":{},"includedScopes":[]},"contributions":{},"includedScopes":[]},"contributions":{},"includedScopes":[]},"contributions":{},"includedScopes":[{"containerScope":{"containerScope":{"containerScope":{"contributions":{},"includedScopes":[]},"contributions":{},"includedScopes":[]},"contributions":{},"includedScopes":[]},"contributions":{},"includedScopes":[]}]},"contributions":{},"includedScopes":[]},"contributions":{},"includedScopes":[]},"sentences":[{"id":"e38b7753-f335-4397-8fef-1173fb4395d2","metadata":[],"scope":{"containerScope":{"containerScope":{"containerScope":{"containerScope":{"containerScope":{"containerScope":{"contributions":{},"includedScopes":[]},"contributions":{},"includedScopes":[]},"contributions":{},"includedScopes":[]},"contributions":{},"includedScopes":[{"containerScope":{"containerScope":{"containerScope":{"contributions":{},"includedScopes":[]},"contributions":{},"includedScopes":[]},"contributions":{},"includedScopes":[]},"contributions":{},"includedScopes":[]}]},"contributions":{},"includedScopes":[]},"contributions":{},"includedScopes":[]},"contributions":{},"includedScopes":[]},"value":{"id":"480bb224-a1b7-4bec-be33-a305a0016e98","metadata":[],"name":"<value>","scope":{"containerScope":{"containerScope":{"containerScope":{"containerScope":{"containerScope":{"containerScope":{"containerScope":{"contributions":{},"includedScopes":[]},"contributions":{},"includedScopes":[]},"contributions":{},"includedScopes":[]},"contributions":{},"includedScopes":[{"containerScope":{"containerScope":{"containerScope":{"contributions":{},"includedScopes":[]},"contributions":{},"includedScopes":[]},"contributions":{},"includedScopes":[]},"contributions":{},"includedScopes":[]}]},"contributions":{},"includedScopes":[]},"contributions":{},"includedScopes":[]},"contributions":{},"includedScopes":[]},"contributions":{},"includedScopes":[]}},"variable":{"id":"ee5e4a27-f42b-4317-bf2d-06d3cf27f671","metadata":[],"name":"cosas","scope":{"containerScope":{"containerScope":{"containerScope":{"containerScope":{"containerScope":{"containerScope":{"containerScope":{"contributions":{},"includedScopes":[]},"contributions":{},"includedScopes":[]},"contributions":{},"includedScopes":[]},"contributions":{},"includedScopes":[{"containerScope":{"containerScope":{"containerScope":{"contributions":{},"includedScopes":[]},"contributions":{},"includedScopes":[]},"contributions":{},"includedScopes":[]},"contributions":{},"includedScopes":[]}]},"contributions":{},"includedScopes":[]},"contributions":{},"includedScopes":[]},"contributions":{},"includedScopes":[]},"contributions":{},"includedScopes":[]}}}]},"compiled":false,"id":"4a88f67c-cfb8-427e-bb19-2915e13e7ccc","isOverride":false,"metadata":[],"name":"cosas","parameters":[{"id":"6809620e-3fa0-4901-b3c8-264c2a0b23ea","isVarArg":false,"metadata":[],"name":"<value>","scope":{"containerScope":{"containerScope":{"containerScope":{"containerScope":{"containerScope":{"contributions":{},"includedScopes":[]},"contributions":{},"includedScopes":[]},"contributions":{},"includedScopes":[]},"contributions":{},"includedScopes":[{"containerScope":{"containerScope":{"containerScope":{"contributions":{},"includedScopes":[]},"contributions":{},"includedScopes":[]},"contributions":{},"includedScopes":[]},"contributions":{},"includedScopes":[]}]},"contributions":{},"includedScopes":[]},"contributions":{},"includedScopes":[]}}],"scope":{"containerScope":{"containerScope":{"containerScope":{"containerScope":{"contributions":{},"includedScopes":[]},"contributions":{},"includedScopes":[]},"contributions":{},"includedScopes":[]},"contributions":{},"includedScopes":[{"containerScope":{"containerScope":{"containerScope":{"contributions":{},"includedScopes":[]},"contributions":{},"includedScopes":[]},"contributions":{},"includedScopes":[]},"contributions":{},"includedScopes":[]}]},"contributions":{},"includedScopes":[]}}],"metadata":[],"name":"contenedorPortuario","problems":[{"code":"malformedMember","sourceMap":{"end":{"column":0,"line":71,"offset":1654},"start":{"column":29,"line":70,"offset":1620}}}],"scope":{"containerScope":{"containerScope":{"containerScope":{"contributions":{},"includedScopes":[]},"contributions":{},"includedScopes":[]},"contributions":{},"includedScopes":[]},"contributions":{},"includedScopes":[{"containerScope":{"containerScope":{"containerScope":{"contributions":{},"includedScopes":[]},"contributions":{},"includedScopes":[]},"contributions":{},"includedScopes":[]},"contributions":{},"includedScopes":[]}]},"sourceMap":{"end":{"column":2,"line":71,"offset":1656},"start":{"column":1,"line":58,"offset":1312}},"supertypes":[]},"stack":"Error: Failed to print, found malformed node\n    at /home/ramiro/.vscode/extensions/uqbar.wollok-lsp-ide-0.5.5/out/server/src/server.js:68:3585\n    at Ybn (/home/ramiro/.vscode/extensions/uqbar.wollok-lsp-ide-0.5.5/out/server/src/server.js:68:3396)\n    at /home/ramiro/.vscode/extensions/uqbar.wollok-lsp-ide-0.5.5/out/server/src/server.js:2430:847\n    at /home/ramiro/.vscode/extensions/uqbar.wollok-lsp-ide-0.5.5/out/server/src/server.js:2430:8440\n    at /home/ramiro/.vscode/extensions/uqbar.wollok-lsp-ide-0.5.5/out/server/src/server.js:37:74770\n    at Ke (/home/ramiro/.vscode/extensions/uqbar.wollok-lsp-ide-0.5.5/out/server/src/server.js:7:8527)\n    at It (/home/ramiro/.vscode/extensions/uqbar.wollok-lsp-ide-0.5.5/out/server/src/server.js:7:6189)\n    at et (/home/ramiro/.vscode/extensions/uqbar.wollok-lsp-ide-0.5.5/out/server/src/server.js:7:6378)\n    at Immediate._onImmediate (/home/ramiro/.vscode/extensions/uqbar.wollok-lsp-ide-0.5.5/out/server/src/server.js:7:6142)\n    at process.processImmediate (node:internal/timers:504:21)","timestamp":"2026-09-17T03:02:41.741Z"}
{"level":"error","message":"✘ Failed to get type description: Error: Failed to print, found malformed node Failed to print, found malformed node","node":{"id":"ec5b7130-dd3a-462e-9254-7a7f4852a7af","members":[{"id":"a6099b69-3c92-4e51-a9b3-d13eb998a87f","isConstant":false,"isProperty":true,"metadata":[],"name":"cosas","scope":{"containerScope":{"containerScope":{"containerScope":{"containerScope":{"contributions":{},"includedScopes":[]},"contributions":{},"includedScopes":[]},"contributions":{},"includedScopes":[]},"contributions":{},"includedScopes":[{"containerScope":{"containerScope":{"containerScope":{"contributions":{},"includedScopes":[]},"contributions":{},"includedScopes":[]},"contributions":{},"includedScopes":[]},"contributions":{},"includedScopes":[]}]},"contributions":{},"includedScopes":[]},"sourceMap":{"end":{"column":25,"line":59,"offset":1364},"start":{"column":2,"line":59,"offset":1341}},"value":{"id":"b33c6150-2b96-4acf-bc8f-e627732db385","metadata":[],"scope":{"containerScope":{"containerScope":{"containerScope":{"containerScope":{"containerScope":{"contributions":{},"includedScopes":[]},"contributions":{},"includedScopes":[]},"contributions":{},"includedScopes":[]},"contributions":{},"includedScopes":[{"containerScope":{"containerScope":{"containerScope":{"contributions":{},"includedScopes":[]},"contributions":{},"includedScopes":[]},"contributions":{},"includedScopes":[]},"contributions":{},"includedScopes":[]}]},"contributions":{},"includedScopes":[]},"contributions":{},"includedScopes":[]},"sourceMap":{"end":{"column":25,"line":59,"offset":1364},"start":{"column":23,"line":59,"offset":1362}},"value":[{"id":"b0cc3537-4d3f-4fb4-9779-f1f75ba21a43","metadata":[],"name":"wollok.lang.List","scope":{"containerScope":{"containerScope":{"containerScope":{"containerScope":{"containerScope":{"containerScope":{"contributions":{},"includedScopes":[]},"contributions":{},"includedScopes":[]},"contributions":{},"includedScopes":[]},"contributions":{},"includedScopes":[{"containerScope":{"containerScope":{"containerScope":{"contributions":{},"includedScopes":[]},"contributions":{},"includedScopes":[]},"contributions":{},"includedScopes":[]},"contributions":{},"includedScopes":[]}]},"contributions":{},"includedScopes":[]},"contributions":{},"includedScopes":[]},"contributions":{},"includedScopes":[]}},[]]}},{"body":{"id":"231f2de0-25c7-4a05-81bc-4a796edc5402","metadata":[],"problems":[],"scope":{"containerScope":{"containerScope":{"containerScope":{"containerScope":{"containerScope":{"contributions":{},"includedScopes":[]},"contributions":{},"includedScopes":[]},"contributions":{},"includedScopes":[]},"contributions":{},"includedScopes":[{"containerScope":{"containerScope":{"containerScope":{"contributions":{},"includedScopes":[]},"contributions":{},"includedScopes":[]},"contributions":{},"includedScopes":[]},"contributions":{},"includedScopes":[]}]},"contributions":{},"includedScopes":[]},"contributions":{},"includedScopes":[]},"sentences":[{"id":"68100748-faa6-42b8-bc84-e0b2d2fdce82","metadata":[],"scope":{"containerScope":{"containerScope":{"containerScope":{"containerScope":{"containerScope":{"containerScope":{"contributions":{},"includedScopes":[]},"contributions":{},"includedScopes":[]},"contributions":{},"includedScopes":[]},"contributions":{},"includedScopes":[{"containerScope":{"containerScope":{"containerScope":{"contributions":{},"includedScopes":[]},"contributions":{},"includedScopes":[]},"contributions":{},"includedScopes":[]},"contributions":{},"includedScopes":[]}]},"contributions":{},"includedScopes":[]},"contributions":{},"includedScopes":[]},"contributions":{},"includedScopes":[]},"sourceMap":{"end":{"column":46,"line":61,"offset":1426},"start":{"column":3,"line":61,"offset":1383}},"value":{"args":[{"args":[{"id":"10d87890-4f26-4947-bc06-f7263f8a7d44","members":[{"body":{"id":"367312f8-7739-4131-917d-81a9a4735f37","metadata":[],"scope":{"containerScope":{"containerScope":{"containerScope":{"containerScope":{"containerScope":{"containerScope":{"containerScope":{"containerScope":{"containerScope":{"containerScope":{"containerScope":{"contributions":{},"includedScopes":[]},"contributions":{},"includedScopes":[]},"contributions":{},"includedScopes":[]},"contributions":{},"includedScopes":[{"containerScope":{"containerScope":{"containerScope":{"contributions":{},"includedScopes":[]},"contributions":{},"includedScopes":[]},"contributions":{},"includedScopes":[]},"contributions":{},"includedScopes":[]}]},"contributions":{},"includedScopes":[]},"contributions":{},"includedScopes":[]},"contributions":{},"includedScopes":[]},"contributions":{},"includedScopes":[]},"contributions":{},"includedScopes":[]},"contributions":{},"includedScopes":[{"containerScope":{"containerScope":{"containerScope":{"contributions":{},"includedScopes":[]},"contributions":{},"includedScopes":[]},"contributions":{},"includedScopes":[]},"contributions":{},"includedScopes":[{"containerScope":{"containerScope":{"containerScope":{"contributions":{},"includedScopes":[]},"contributions":{},"includedScopes":[]},"contributions":{},"includedScopes":[]},"contributions":{},"includedScopes":[]}]},{"containerScope":{"containerScope":{"containerScope":{"contributions":{},"includedScopes":[]},"contributions":{},"includedScopes":[]},"contributions":{},"includedScopes":[]},"contributions":{},"includedScopes":[]}]},"contributions":{},"includedScopes":[]},"contributions":{},"includedScopes":[]},"sentences":[{"id":"f28dc937-029a-48df-aecf-fd82e826f357","metadata":[],"scope":{"containerScope":{"containerScope":{"containerScope":{"containerScope":{"containerScope":{"containerScope":{"containerScope":{"containerScope":{"containerScope":{"containerScope":{"containerScope":{"containerScope":{"contributions":{},"includedScopes":[]},"contributions":{},"includedScopes":[]},"contributions":{},"includedScopes":[]},"contributions":{},"includedScopes":[{"containerScope":{"containerScope":{"containerScope":{"contributions":{},"includedScopes":[]},"contributions":{},"includedScopes":[]},"contributions":{},"includedScopes":[]},"contributions":{},"includedScopes":[]}]},"contributions":{},"includedScopes":[]},"contributions":{},"includedScopes":[]},"contributions":{},"includedScopes":[]},"contributions":{},"includedScopes":[]},"contributions":{},"includedScopes":[]},"contributions":{},"includedScopes":[{"containerScope":{"containerScope":{"containerScope":{"contributions":{},"includedScopes":[]},"contributions":{},"includedScopes":[]},"contributions":{},"includedScopes":[]},"contributions":{},"includedScopes":[{"containerScope":{"containerScope":{"containerScope":{"contributions":{},"includedScopes":[]},"contributions":{},"includedScopes":[]},"contributions":{},"includedScopes":[]},"contributions":{},"includedScopes":[]}]},{"containerScope":{"containerScope":{"containerScope":{"contributions":{},"includedScopes":[]},"contributions":{},"includedScopes":[]},"contributions":{},"includedScopes":[]},"contributions":{},"includedScopes":[]}]},"contributions":{},"includedScopes":[]},"contributions":{},"includedScopes":[]},"contributions":{},"includedScopes":[]},"value":{"args":[],"id":"f560056b-c569-42a1-a959-ccec8f246263","message":"peso","metadata":[],"receiver":{"id":"b74a6e14-1608-41de-abd7-0aa6522b108e","metadata":[],"name":"cosa","scope":{"containerScope":{"containerScope":{"containerScope":{"containerScope":{"containerScope":{"containerScope":{"containerScope":{"containerScope":{"containerScope":{"containerScope":{"containerScope":{"containerScope":{"containerScope":{"containerScope":{"contributions":{},"includedScopes":[]},"contributions":{},"includedScopes":[]},"contributions":{},"includedScopes":[]},"contributions":{},"includedScopes":[{"containerScope":{"containerScope":{"containerScope":{"contributions":{},"includedScopes":[]},"contributions":{},"includedScopes":[]},"contributions":{},"includedScopes":[]},"contributions":{},"includedScopes":[]}]},"contributions":{},"includedScopes":[]},"contributions":{},"includedScopes":[]},"contributions":{},"includedScopes":[]},"contributions":{},"includedScopes":[]},"contributions":{},"includedScopes":[]},"contributions":{},"includedScopes":[{"containerScope":{"containerScope":{"containerScope":{"contributions":{},"includedScopes":[]},"contributions":{},"includedScopes":[]},"contributions":{},"includedScopes":[]},"contributions":{},"includedScopes":[{"containerScope":{"containerScope":{"containerScope":{"contributions":{},"includedScopes":[]},"contributions":{},"includedScopes":[]},"contributions":{},"includedScopes":[]},"contributions":{},"includedScopes":[]}]},{"containerScope":{"containerScope":{"containerScope":{"contributions":{},"includedScopes":[]},"contributions":{},"includedScopes":[]},"contributions":{},"includedScopes":[]},"contributions":{},"includedScopes":[]}]},"contributions":{},"includedScopes":[]},"contributions":{},"includedScopes":[]},"contributions":{},"includedScopes":[]},"contributions":{},"includedScopes":[]},"contributions":{},"includedScopes":[]},"sourceMap":{"end":{"column":37,"line":61,"offset":1417},"start":{"column":33,"line":61,"offset":1413}}},"scope":{"containerScope":{"containerScope":{"containerScope":{"containerScope":{"containerScope":{"containerScope":{"containerScope":{"containerScope":{"containerScope":{"containerScope":{"containerScope":{"containerScope":{"containerScope":{"contributions":{},"includedScopes":[]},"contributions":{},"includedScopes":[]},"contributions":{},"includedScopes":[]},"contributions":{},"includedScopes":[{"containerScope":{"containerScope":{"containerScope":{"contributions":{},"includedScopes":[]},"contributions":{},"includedScopes":[]},"contributions":{},"includedScopes":[]},"contributions":{},"includedScopes":[]}]},"contributions":{},"includedScopes":[]},"contributions":{},"includedScopes":[]},"contributions":{},"includedScopes":[]},"contributions":{},"includedScopes":[]},"contributions":{},"includedScopes":[]},"contributions":{},"includedScopes":[{"containerScope":{"containerScope":{"containerScope":{"contributions":{},"includedScopes":[]},"contributions":{},"includedScopes":[]},"contributions":{},"includedScopes":[]},"contributions":{},"includedScopes":[{"containerScope":{"containerScope":{"containerScope":{"contributions":{},"includedScopes":[]},"contributions":{},"includedScopes":[]},"contributions":{},"includedScopes":[]},"contributions":{},"includedScopes":[]}]},{"containerScope":{"containerScope":{"containerScope":{"contributions":{},"includedScopes":[]},"contributions":{},"includedScopes":[]},"contributions":{},"includedScopes":[]},"contributions":{},"includedScopes":[]}]},"contributions":{},"includedScopes":[]},"contributions":{},"includedScopes":[]},"contributions":{},"includedScopes":[]},"contributions":{},"includedScopes":[]},"sourceMap":{"end":{"column":44,"line":61,"offset":1424},"start":{"column":33,"line":61,"offset":1413}}}}]},"compiled":false,"id":"bf3ccaaa-a0c8-407d-bc77-76e47e343858","isOverride":false,"metadata":[],"name":"<apply>","parameters":[{"id":"60522d8f-dc9b-4545-a185-6c31cf0ac620","isVarArg":false,"metadata":[],"name":"cosa","scope":{"containerScope":{"containerScope":{"containerScope":{"containerScope":{"containerScope":{"containerScope":{"containerScope":{"containerScope":{"containerScope":{"containerScope":{"containerScope":{"contributions":{},"includedScopes":[]},"contributions":{},"includedScopes":[]},"contributions":{},"includedScopes":[]},"contributions":{},"includedScopes":[{"containerScope":{"containerScope":{"containerScope":{"contributions":{},"includedScopes":[]},"contributions":{},"includedScopes":[]},"contributions":{},"includedScopes":[]},"contributions":{},"includedScopes":[]}]},"contributions":{},"includedScopes":[]},"contributions":{},"includedScopes":[]},"contributions":{},"includedScopes":[]},"contributions":{},"includedScopes":[]},"contributions":{},"includedScopes":[]},"contributions":{},"includedScopes":[{"containerScope":{"containerScope":{"containerScope":{"contributions":{},"includedScopes":[]},"contributions":{},"includedScopes":[]},"contributions":{},"includedScopes":[]},"contributions":{},"includedScopes":[{"containerScope":{"containerScope":{"containerScope":{"contributions":{},"includedScopes":[]},"contributions":{},"includedScopes":[]},"contributions":{},"includedScopes":[]},"contributions":{},"includedScopes":[]}]},{"containerScope":{"containerScope":{"containerScope":{"contributions":{},"includedScopes":[]},"contributions":{},"includedScopes":[]},"contributions":{},"includedScopes":[]},"contributions":{},"includedScopes":[]}]},"contributions":{},"includedScopes":[]},"contributions":{},"includedScopes":[]},"sourceMap":{"end":{"column":31,"line":61,"offset":1411},"start":{"column":27,"line":61,"offset":1407}}}],"scope":{"containerScope":{"containerScope":{"containerScope":{"containerScope":{"containerScope":{"containerScope":{"containerScope":{"containerScope":{"containerScope":{"containerScope":{"contributions":{},"includedScopes":[]},"contributions":{},"includedScopes":[]},"contributions":{},"includedScopes":[]},"contributions":{},"includedScopes":[{"containerScope":{"containerScope":{"containerScope":{"contributions":{},"includedScopes":[]},"contributions":{},"includedScopes":[]},"contributions":{},"includedScopes":[]},"contributions":{},"includedScopes":[]}]},"contributions":{},"includedScopes":[]},"contributions":{},"includedScopes":[]},"contributions":{},"includedScopes":[]},"contributions":{},"includedScopes":[]},"contributions":{},"includedScopes":[]},"contributions":{},"includedScopes":[{"containerScope":{"containerScope":{"containerScope":{"contributions":{},"includedScopes":[]},"contributions":{},"includedScopes":[]},"contributions":{},"includedScopes":[]},"contributions":{},"includedScopes":[{"containerScope":{"containerScope":{"containerScope":{"contributions":{},"includedScopes":[]},"contributions":{},"includedScopes":[]},"contributions":{},"includedScopes":[]},"contributions":{},"includedScopes":[]}]},{"containerScope":{"containerScope":{"containerScope":{"contributions":{},"includedScopes":[]},"contributions":{},"includedScopes":[]},"contributions":{},"includedScopes":[]},"contributions":{},"includedScopes":[]}]},"contributions":{},"includedScopes":[]}},{"id":"46894f29-c3d0-4ad0-97fe-62128ccf3460","isConstant":true,"isProperty":false,"metadata":[],"name":"<toString>","scope":{"containerScope":{"containerScope":{"containerScope":{"containerScope":{"containerScope":{"containerScope":{"containerScope":{"containerScope":{"containerScope":{"containerScope":{"contributions":{},"includedScopes":[]},"contributions":{},"includedScopes":[]},"contributions":{},"includedScopes":[]},"contributions":{},"includedScopes":[{"containerScope":{"containerScope":{"containerScope":{"contributions":{},"includedScopes":[]},"contributions":{},"includedScopes":[]},"contributions":{},"includedScopes":[]},"contributions":{},"includedScopes":[]}]},"contributions":{},"includedScopes":[]},"contributions":{},"includedScopes":[]},"contributions":{},"includedScopes":[]},"contributions":{},"includedScopes":[]},"contributions":{},"includedScopes":[]},"contributions":{},"includedScopes":[{"containerScope":{"containerScope":{"containerScope":{"contributions":{},"includedScopes":[]},"contributions":{},"includedScopes":[]},"contributions":{},"includedScopes":[]},"contributions":{},"includedScopes":[{"containerScope":{"containerScope":{"containerScope":{"contributions":{},"includedScopes":[]},"contributions":{},"includedScopes":[]},"contributions":{},"includedScopes":[]},"contributions":{},"includedScopes":[]}]},{"containerScope":{"containerScope":{"containerScope":{"contributions":{},"includedScopes":[]},"contributions":{},"includedScopes":[]},"contributions":{},"includedScopes":[]},"contributions":{},"includedScopes":[]}]},"contributions":{},"includedScopes":[]},"value":{"id":"20c5cebc-25fb-4bca-9b5c-733afb6c938d","metadata":[],"scope":{"containerScope":{"containerScope":{"containerScope":{"containerScope":{"containerScope":{"containerScope":{"containerScope":{"containerScope":{"containerScope":{"containerScope":{"containerScope":{"contributions":{},"includedScopes":[]},"contributions":{},"includedScopes":[]},"contributions":{},"includedScopes":[]},"contributions":{},"includedScopes":[{"containerScope":{"containerScope":{"containerScope":{"contributions":{},"includedScopes":[]},"contributions":{},"includedScopes":[]},"contributions":{},"includedScopes":[]},"contributions":{},"includedScopes":[]}]},"contributions":{},"includedScopes":[]},"contributions":{},"includedScopes":[]},"contributions":{},"includedScopes":[]},"contributions":{},"includedScopes":[]},"contributions":{},"includedScopes":[]},"contributions":{},"includedScopes":[{"containerScope":{"containerScope":{"containerScope":{"contributions":{},"includedScopes":[]},"contributions":{},"includedScopes":[]},"contributions":{},"includedScopes":[]},"contributions":{},"includedScopes":[{"containerScope":{"containerScope":{"containerScope":{"contributions":{},"includedScopes":[]},"contributions":{},"includedScopes":[]},"contributions":{},"includedScopes":[]},"contributions":{},"includedScopes":[]}]},{"containerScope":{"containerScope":{"containerScope":{"contributions":{},"includedScopes":[]},"contributions":{},"includedScopes":[]},"contributions":{},"includedScopes":[]},"contributions":{},"includedScopes":[]}]},"contributions":{},"includedScopes":[]},"contributions":{},"includedScopes":[]},"value":"{cosa=>cosa.peso()}"}}],"metadata":[],"scope":{"containerScope":{"containerScope":{"containerScope":{"containerScope":{"containerScope":{"containerScope":{"containerScope":{"containerScope":{"containerScope":{"contributions":{},"includedScopes":[]},"contributions":{},"includedScopes":[]},"contributions":{},"includedScopes":[]},"contributions":{},"includedScopes":[{"containerScope":{"containerScope":{"containerScope":{"contributions":{},"includedScopes":[]},"contributions":{},"includedScopes":[]},"contributions":{},"includedScopes":[]},"contributions":{},"includedScopes":[]}]},"contributions":{},"includedScopes":[]},"contributions":{},"includedScopes":[]},"contributions":{},"includedScopes":[]},"contributions":{},"includedScopes":[]},"contributions":{},"includedScopes":[]},"contributions":{},"includedScopes":[{"containerScope":{"containerScope":{"containerScope":{"contributions":{},"includedScopes":[]},"contributions":{},"includedScopes":[]},"contributions":{},"includedScopes":[]},"contributions":{},"includedScopes":[{"containerScope":{"containerScope":{"containerScope":{"contributions":{},"includedScopes":[]},"contributions":{},"includedScopes":[]},"contributions":{},"includedScopes":[]},"contributions":{},"includedScopes":[]}]},{"containerScope":{"containerScope":{"containerScope":{"contributions":{},"includedScopes":[]},"contributions":{},"includedScopes":[]},"contributions":{},"includedScopes":[]},"contributions":{},"includedScopes":[]}]},"sourceMap":{"end":{"column":45,"line":61,"offset":1425},"start":{"column":26,"line":61,"offset":1406}},"supertypes":[{"args":[],"id":"c4a77343-a501-4169-b357-18811ff5744d","metadata":[],"reference":{"id":"8f0f15aa-8f6c-48d1-bfc0-85f33acf6442","metadata":[],"name":"wollok.lang.Closure","scope":{"containerScope":{"containerScope":{"containerScope":{"containerScope":{"containerScope":{"containerScope":{"containerScope":{"containerScope":{"containerScope":{"containerScope":{"contributions":{},"includedScopes":[]},"contributions":{},"includedScopes":[]},"contributions":{},"includedScopes":[]},"contributions":{},"includedScopes":[{"containerScope":{"containerScope":{"containerScope":{"contributions":{},"includedScopes":[]},"contributions":{},"includedScopes":[]},"contributions":{},"includedScopes":[]},"contributions":{},"includedScopes":[]}]},"contributions":{},"includedScopes":[]},"contributions":{},"includedScopes":[]},"contributions":{},"includedScopes":[]},"contributions":{},"includedScopes":[]},"contributions":{},"includedScopes":[]},"contributions":{},"includedScopes":[{"containerScope":{"containerScope":{"containerScope":{"contributions":{},"includedScopes":[]},"contributions":{},"includedScopes":[]},"contributions":{},"includedScopes":[]},"contributions":{},"includedScopes":[{"containerScope":{"containerScope":{"containerScope":{"contributions":{},"includedScopes":[]},"contributions":{},"includedScopes":[]},"contributions":{},"includedScopes":[]},"contributions":{},"includedScopes":[]}]},{"containerScope":{"containerScope":{"containerScope":{"contributions":{},"includedScopes":[]},"contributions":{},"includedScopes":[]},"contributions":{},"includedScopes":[]},"contributions":{},"includedScopes":[]}]},"contributions":{},"includedScopes":[]}},"scope":{"containerScope":{"containerScope":{"containerScope":{"containerScope":{"containerScope":{"containerScope":{"containerScope":{"containerScope":{"containerScope":{"containerScope":{"contributions":{},"includedScopes":[]},"contributions":{},"includedScopes":[]},"contributions":{},"includedScopes":[]},"contributions":{},"includedScopes":[{"containerScope":{"containerScope":{"containerScope":{"contributions":{},"includedScopes":[]},"contributions":{},"includedScopes":[]},"contributions":{},"includedScopes":[]},"contributions":{},"includedScopes":[]}]},"contributions":{},"includedScopes":[]},"contributions":{},"includedScopes":[]},"contributions":{},"includedScopes":[]},"contributions":{},"includedScopes":[]},"contributions":{},"includedScopes":[]},"contributions":{},"includedScopes":[{"containerScope":{"containerScope":{"containerScope":{"contributions":{},"includedScopes":[]},"contributions":{},"includedScopes":[]},"contributions":{},"includedScopes":[]},"contributions":{},"includedScopes":[{"containerScope":{"containerScope":{"containerScope":{"contributions":{},"includedScopes":[]},"contributions":{},"includedScopes":[]},"contributions":{},"includedScopes":[]},"contributions":{},"includedScopes":[]}]},{"containerScope":{"containerScope":{"containerScope":{"contributions":{},"includedScopes":[]},"contributions":{},"includedScopes":[]},"contributions":{},"includedScopes":[]},"contributions":{},"includedScopes":[]}]},"contributions":{},"includedScopes":[]}}]}],"id":"8a8ce82c-e117-46b8-bb35-045f116228ab","message":"sum","metadata":[],"receiver":{"id":"90a4938d-1aca-4f1a-9f75-6ea1539f484d","metadata":[],"name":"cosas","scope":{"containerScope":{"containerScope":{"containerScope":{"containerScope":{"containerScope":{"containerScope":{"containerScope":{"containerScope":{"containerScope":{"contributions":{},"includedScopes":[]},"contributions":{},"includedScopes":[]},"contributions":{},"includedScopes":[]},"contributions":{},"includedScopes":[{"containerScope":{"containerScope":{"containerScope":{"contributions":{},"includedScopes":[]},"contributions":{},"includedScopes":[]},"contributions":{},"includedScopes":[]},"contributions":{},"includedScopes":[]}]},"contributions":{},"includedScopes":[]},"contributions":{},"includedScopes":[]},"contributions":{},"includedScopes":[]},"contributions":{},"includedScopes":[]},"contributions":{},"includedScopes":[]},"contributions":{},"includedScopes":[]},"sourceMap":{"end":{"column":21,"line":61,"offset":1401},"start":{"column":16,"line":61,"offset":1396}}},"scope":{"containerScope":{"containerScope":{"containerScope":{"containerScope":{"containerScope":{"containerScope":{"containerScope":{"containerScope":{"contributions":{},"includedScopes":[]},"contributions":{},"includedScopes":[]},"contributions":{},"includedScopes":[]},"contributions":{},"includedScopes":[{"containerScope":{"containerScope":{"containerScope":{"contributions":{},"includedScopes":[]},"contributions":{},"includedScopes":[]},"contributions":{},"includedScopes":[]},"contributions":{},"includedScopes":[]}]},"contributions":{},"includedScopes":[]},"contributions":{},"includedScopes":[]},"contributions":{},"includedScopes":[]},"contributions":{},"includedScopes":[]},"contributions":{},"includedScopes":[]},"sourceMap":{"end":{"column":46,"line":61,"offset":1426},"start":{"column":16,"line":61,"offset":1396}}}],"id":"57bd5945-b37c-472b-8ea2-9983d6dd8445","message":"+","metadata":[],"receiver":{"id":"36b7749b-88a3-4235-b1de-64cd6af3eeb0","metadata":[],"scope":{"containerScope":{"containerScope":{"containerScope":{"containerScope":{"containerScope":{"containerScope":{"containerScope":{"containerScope":{"contributions":{},"includedScopes":[]},"contributions":{},"includedScopes":[]},"contributions":{},"includedScopes":[]},"contributions":{},"includedScopes":[{"containerScope":{"containerScope":{"containerScope":{"contributions":{},"includedScopes":[]},"contributions":{},"includedScopes":[]},"contributions":{},"includedScopes":[]},"contributions":{},"includedScopes":[]}]},"contributions":{},"includedScopes":[]},"contributions":{},"includedScopes":[]},"contributions":{},"includedScopes":[]},"contributions":{},"includedScopes":[]},"contributions":{},"includedScopes":[]},"sourceMap":{"end":{"column":13,"line":61,"offset":1393},"start":{"column":10,"line":61,"offset":1390}},"value":100},"scope":{"containerScope":{"containerScope":{"containerScope":{"containerScope":{"containerScope":{"containerScope":{"containerScope":{"contributions":{},"includedScopes":[]},"contributions":{},"includedScopes":[]},"contributions":{},"includedScopes":[]},"contributions":{},"includedScopes":[{"containerScope":{"containerScope":{"containerScope":{"contributions":{},"includedScopes":[]},"contributions":{},"includedScopes":[]},"contributions":{},"includedScopes":[]},"contributions":{},"includedScopes":[]}]},"contributions":{},"includedScopes":[]},"contributions":{},"includedScopes":[]},"contributions":{},"includedScopes":[]},"contributions":{},"includedScopes":[]},"sourceMap":{"end":{"column":46,"line":61,"offset":1426},"start":{"column":10,"line":61,"offset":1390}}}}],"sourceMap":{"end":{"column":3,"line":62,"offset":1429},"start":{"column":15,"line":60,"offset":1379}}},"compiled":false,"id":"bc24316b-7180-4fa5-a3ba-2c6a11ac74cb","isOverride":false,"metadata":[],"name":"peso","parameters":[],"problems":[],"scope":{"containerScope":{"containerScope":{"containerScope":{"containerScope":{"contributions":{},"includedScopes":[]},"contributions":{},"includedScopes":[]},"contributions":{},"includedScopes":[]},"contributions":{},"includedScopes":[{"containerScope":{"containerScope":{"containerScope":{"contributions":{},"includedScopes":[]},"contributions":{},"includedScopes":[]},"contributions":{},"includedScopes":[]},"contributions":{},"includedScopes":[]}]},"contributions":{},"includedScopes":[]},"sourceMap":{"end":{"column":3,"line":62,"offset":1429},"start":{"column":2,"line":60,"offset":1366}}},{"body":{"id":"4eb03d47-6ff2-4ebd-9a80-797753316a71","metadata":[],"problems":[],"scope":{"containerScope":{"containerScope":{"containerScope":{"containerScope":{"containerScope":{"contributions":{},"includedScopes":[]},"contributions":{},"includedScopes":[]},"contributions":{},"includedScopes":[]},"contributions":{},"includedScopes":[{"containerScope":{"containerScope":{"containerScope":{"contributions":{},"includedScopes":[]},"contributions":{},"includedScopes":[]},"contributions":{},"includedScopes":[]},"contributions":{},"includedScopes":[]}]},"contributions":{},"includedScopes":[]},"contributions":{},"includedScopes":[]},"sentences":[{"id":"d44a03ee-27b0-4ace-be64-55020e19abcf","metadata":[],"scope":{"containerScope":{"containerScope":{"containerScope":{"containerScope":{"containerScope":{"containerScope":{"contributions":{},"includedScopes":[]},"contributions":{},"includedScopes":[]},"contributions":{},"includedScopes":[]},"contributions":{},"includedScopes":[{"containerScope":{"containerScope":{"containerScope":{"contributions":{},"includedScopes":[]},"contributions":{},"includedScopes":[]},"contributions":{},"includedScopes":[]},"contributions":{},"includedScopes":[]}]},"contributions":{},"includedScopes":[]},"contributions":{},"includedScopes":[]},"contributions":{},"includedScopes":[]},"sourceMap":{"end":{"column":78,"line":65,"offset":1538},"start":{"column":4,"line":65,"offset":1464}},"value":{"args":[],"id":"8b0eb5a3-bc79-45da-b838-a0acfbc45081","message":"nivelPeligrosidad","metadata":[],"receiver":{"args":[{"id":"8588ea09-e552-4252-b6df-c762996301c2","members":[{"body":{"id":"ba135acf-d4e8-4f07-bd0a-b4162fb05f33","metadata":[],"scope":{"containerScope":{"containerScope":{"containerScope":{"containerScope":{"containerScope":{"containerScope":{"containerScope":{"containerScope":{"containerScope":{"containerScope":{"containerScope":{"contributions":{},"includedScopes":[]},"contributions":{},"includedScopes":[]},"contributions":{},"includedScopes":[]},"contributions":{},"includedScopes":[{"containerScope":{"containerScope":{"containerScope":{"contributions":{},"includedScopes":[]},"contributions":{},"includedScopes":[]},"contributions":{},"includedScopes":[]},"contributions":{},"includedScopes":[]}]},"contributions":{},"includedScopes":[]},"contributions":{},"includedScopes":[]},"contributions":{},"includedScopes":[]},"contributions":{},"includedScopes":[]},"contributions":{},"includedScopes":[]},"contributions":{},"includedScopes":[{"containerScope":{"containerScope":{"containerScope":{"contributions":{},"includedScopes":[]},"contributions":{},"includedScopes":[]},"contributions":{},"includedScopes":[]},"contributions":{},"includedScopes":[{"containerScope":{"containerScope":{"containerScope":{"contributions":{},"includedScopes":[]},"contributions":{},"includedScopes":[]},"contributions":{},"includedScopes":[]},"contributions":{},"includedScopes":[]}]},{"containerScope":{"containerScope":{"containerScope":{"contributions":{},"includedScopes":[]},"contributions":{},"includedScopes":[]},"contributions":{},"includedScopes":[]},"contributions":{},"includedScopes":[]}]},"contributions":{},"includedScopes":[]},"contributions":{},"includedScopes":[]},"sentences":[{"id":"3636610e-639e-4972-bdde-4a38bf6e1fd0","metadata":[],"scope":{"containerScope":{"containerScope":{"containerScope":{"containerScope":{"containerScope":{"containerScope":{"containerScope":{"containerScope":{"containerScope":{"containerScope":{"containerScope":{"containerScope":{"contributions":{},"includedScopes":[]},"contributions":{},"includedScopes":[]},"contributions":{},"includedScopes":[]},"contributions":{},"includedScopes":[{"containerScope":{"containerScope":{"containerScope":{"contributions":{},"includedScopes":[]},"contributions":{},"includedScopes":[]},"contributions":{},"includedScopes":[]},"contributions":{},"includedScopes":[]}]},"contributions":{},"includedScopes":[]},"contributions":{},"includedScopes":[]},"contributions":{},"includedScopes":[]},"contributions":{},"includedScopes":[]},"contributions":{},"includedScopes":[]},"contributions":{},"includedScopes":[{"containerScope":{"containerScope":{"containerScope":{"contributions":{},"includedScopes":[]},"contributions":{},"includedScopes":[]},"contributions":{},"includedScopes":[]},"contributions":{},"includedScopes":[{"containerScope":{"containerScope":{"containerScope":{"contributions":{},"includedScopes":[]},"contributions":{},"includedScopes":[]},"contributions":{},"includedScopes":[]},"contributions":{},"includedScopes":[]}]},{"containerScope":{"containerScope":{"containerScope":{"contributions":{},"includedScopes":[]},"contributions":{},"includedScopes":[]},"contributions":{},"includedScopes":[]},"contributions":{},"includedScopes":[]}]},"contributions":{},"includedScopes":[]},"contributions":{},"includedScopes":[]},"contributions":{},"includedScopes":[]},"value":{"args":[],"id":"74721888-d2a7-42ff-a1a6-37a36ed32d73","message":"nivelPeligrosidad","metadata":[],"receiver":{"id":"00fb4b79-a5f4-4946-8df1-fbe938d4830b","metadata":[],"name":"cosa","scope":{"containerScope":{"containerScope":{"containerScope":{"containerScope":{"containerScope":{"containerScope":{"containerScope":{"containerScope":{"containerScope":{"containerScope":{"containerScope":{"containerScope":{"containerScope":{"containerScope":{"contributions":{},"includedScopes":[]},"contributions":{},"includedScopes":[]},"contributions":{},"includedScopes":[]},"contributions":{},"includedScopes":[{"containerScope":{"containerScope":{"containerScope":{"contributions":{},"includedScopes":[]},"contributions":{},"includedScopes":[]},"contributions":{},"includedScopes":[]},"contributions":{},"includedScopes":[]}]},"contributions":{},"includedScopes":[]},"contributions":{},"includedScopes":[]},"contributions":{},"includedScopes":[]},"contributions":{},"includedScopes":[]},"contributions":{},"includedScopes":[]},"contributions":{},"includedScopes":[{"containerScope":{"containerScope":{"containerScope":{"contributions":{},"includedScopes":[]},"contributions":{},"includedScopes":[]},"contributions":{},"includedScopes":[]},"contributions":{},"includedScopes":[{"containerScope":{"containerScope":{"containerScope":{"contributions":{},"includedScopes":[]},"contributions":{},"includedScopes":[]},"contributions":{},"includedScopes":[]},"contributions":{},"includedScopes":[]}]},{"containerScope":{"containerScope":{"containerScope":{"contributions":{},"includedScopes":[]},"contributions":{},"includedScopes":[]},"contributions":{},"includedScopes":[]},"contributions":{},"includedScopes":[]}]},"contributions":{},"includedScopes":[]},"contributions":{},"includedScopes":[]},"contributions":{},"includedScopes":[]},"contributions":{},"includedScopes":[]},"contributions":{},"includedScopes":[]},"sourceMap":{"end":{"column":35,"line":65,"offset":1495},"start":{"column":31,"line":65,"offset":1491}}},"scope":{"containerScope":{"containerScope":{"containerScope":{"containerScope":{"containerScope":{"containerScope":{"containerScope":{"containerScope":{"containerScope":{"containerScope":{"containerScope":{"containerScope":{"containerScope":{"contributions":{},"includedScopes":[]},"contributions":{},"includedScopes":[]},"contributions":{},"includedScopes":[]},"contributions":{},"includedScopes":[{"containerScope":{"containerScope":{"containerScope":{"contributions":{},"includedScopes":[]},"contributions":{},"includedScopes":[]},"contributions":{},"includedScopes":[]},"contributions":{},"includedScopes":[]}]},"contributions":{},"includedScopes":[]},"contributions":{},"includedScopes":[]},"contributions":{},"includedScopes":[]},"contributions":{},"includedScopes":[]},"contributions":{},"includedScopes":[]},"contributions":{},"includedScopes":[{"containerScope":{"containerScope":{"containerScope":{"contributions":{},"includedScopes":[]},"contributions":{},"includedScopes":[]},"contributions":{},"includedScopes":[]},"contributions":{},"includedScopes":[{"containerScope":{"containerScope":{"containerScope":{"contributions":{},"includedScopes":[]},"contributions":{},"includedScopes":[]},"contributions":{},"includedScopes":[]},"contributions":{},"includedScopes":[]}]},{"containerScope":{"containerScope":{"containerScope":{"contributions":{},"includedScopes":[]},"contributions":{},"includedScopes":[]},"contributions":{},"includedScopes":[]},"contributions":{},"includedScopes":[]}]},"contributions":{},"includedScopes":[]},"contributions":{},"includedScopes":[]},"contributions":{},"includedScopes":[]},"contributions":{},"includedScopes":[]},"sourceMap":{"end":{"column":55,"line":65,"offset":1515},"start":{"column":31,"line":65,"offset":1491}}}}]},"compiled":false,"id":"3e43b83a-f431-45db-a99e-7067e125aa0c","isOverride":false,"metadata":[],"name":"<apply>","parameters":[{"id":"1ee65546-2c8c-428d-bf85-c0171a9545a5","isVarArg":false,"metadata":[],"name":"cosa","scope":{"containerScope":{"containerScope":{"containerScope":{"containerScope":{"containerScope":{"containerScope":{"containerScope":{"containerScope":{"containerScope":{"containerScope":{"containerScope":{"contributions":{},"includedScopes":[]},"contributions":{},"includedScopes":[]},"contributions":{},"includedScopes":[]},"contributions":{},"includedScopes":[{"containerScope":{"containerScope":{"containerScope":{"contributions":{},"includedScopes":[]},"contributions":{},"includedScopes":[]},"contributions":{},"includedScopes":[]},"contributions":{},"includedScopes":[]}]},"contributions":{},"includedScopes":[]},"contributions":{},"includedScopes":[]},"contributions":{},"includedScopes":[]},"contributions":{},"includedScopes":[]},"contributions":{},"includedScopes":[]},"contributions":{},"includedScopes":[{"containerScope":{"containerScope":{"containerScope":{"contributions":{},"includedScopes":[]},"contributions":{},"includedScopes":[]},"contributions":{},"includedScopes":[]},"contributions":{},"includedScopes":[{"containerScope":{"containerScope":{"containerScope":{"contributions":{},"includedScopes":[]},"contributions":{},"includedScopes":[]},"contributions":{},"includedScopes":[]},"contributions":{},"includedScopes":[]}]},{"containerScope":{"containerScope":{"containerScope":{"contributions":{},"includedScopes":[]},"contributions":{},"includedScopes":[]},"contributions":{},"includedScopes":[]},"contributions":{},"includedScopes":[]}]},"contributions":{},"includedScopes":[]},"contributions":{},"includedScopes":[]},"sourceMap":{"end":{"column":27,"line":65,"offset":1487},"start":{"column":23,"line":65,"offset":1483}}}],"scope":{"containerScope":{"containerScope":{"containerScope":{"containerScope":{"containerScope":{"containerScope":{"containerScope":{"containerScope":{"containerScope":{"containerScope":{"contributions":{},"includedScopes":[]},"contributions":{},"includedScopes":[]},"contributions":{},"includedScopes":[]},"contributions":{},"includedScopes":[{"containerScope":{"containerScope":{"containerScope":{"contributions":{},"includedScopes":[]},"contributions":{},"includedScopes":[]},"contributions":{},"includedScopes":[]},"contributions":{},"includedScopes":[]}]},"contributions":{},"includedScopes":[]},"contributions":{},"includedScopes":[]},"contributions":{},"includedScopes":[]},"contributions":{},"includedScopes":[]},"contributions":{},"includedScopes":[]},"contributions":{},"includedScopes":[{"containerScope":{"containerScope":{"containerScope":{"contributions":{},"includedScopes":[]},"contributions":{},"includedScopes":[]},"contributions":{},"includedScopes":[]},"contributions":{},"includedScopes":[{"containerScope":{"containerScope":{"containerScope":{"contributions":{},"includedScopes":[]},"contributions":{},"includedScopes":[]},"contributions":{},"includedScopes":[]},"contributions":{},"includedScopes":[]}]},{"containerScope":{"containerScope":{"containerScope":{"contributions":{},"includedScopes":[]},"contributions":{},"includedScopes":[]},"contributions":{},"includedScopes":[]},"contributions":{},"includedScopes":[]}]},"contributions":{},"includedScopes":[]}},{"id":"be8c6d8a-95d1-4a30-a508-4356b09712e2","isConstant":true,"isProperty":false,"metadata":[],"name":"<toString>","scope":{"containerScope":{"containerScope":{"containerScope":{"containerScope":{"containerScope":{"containerScope":{"containerScope":{"containerScope":{"containerScope":{"containerScope":{"contributions":{},"includedScopes":[]},"contributions":{},"includedScopes":[]},"contributions":{},"includedScopes":[]},"contributions":{},"includedScopes":[{"containerScope":{"containerScope":{"containerScope":{"contributions":{},"includedScopes":[]},"contributions":{},"includedScopes":[]},"contributions":{},"includedScopes":[]},"contributions":{},"includedScopes":[]}]},"contributions":{},"includedScopes":[]},"contributions":{},"includedScopes":[]},"contributions":{},"includedScopes":[]},"contributions":{},"includedScopes":[]},"contributions":{},"includedScopes":[]},"contributions":{},"includedScopes":[{"containerScope":{"containerScope":{"containerScope":{"contributions":{},"includedScopes":[]},"contributions":{},"includedScopes":[]},"contributions":{},"includedScopes":[]},"contributions":{},"includedScopes":[{"containerScope":{"containerScope":{"containerScope":{"contributions":{},"includedScopes":[]},"contributions":{},"includedScopes":[]},"contributions":{},"includedScopes":[]},"contributions":{},"includedScopes":[]}]},{"containerScope":{"containerScope":{"containerScope":{"contributions":{},"includedScopes":[]},"contributions":{},"includedScopes":[]},"contributions":{},"includedScopes":[]},"contributions":{},"includedScopes":[]}]},"contributions":{},"includedScopes":[]},"value":{"id":"94f90a40-5e53-4935-98a2-b1638e326ea5","metadata":[],"scope":{"containerScope":{"containerScope":{"containerScope":{"containerScope":{"containerScope":{"containerScope":{"containerScope":{"containerScope":{"containerScope":{"containerScope":{"containerScope":{"contributions":{},"includedScopes":[]},"contributions":{},"includedScopes":[]},"contributions":{},"includedScopes":[]},"contributions":{},"includedScopes":[{"containerScope":{"containerScope":{"containerScope":{"contributions":{},"includedScopes":[]},"contributions":{},"includedScopes":[]},"contributions":{},"includedScopes":[]},"contributions":{},"includedScopes":[]}]},"contributions":{},"includedScopes":[]},"contributions":{},"includedScopes":[]},"contributions":{},"includedScopes":[]},"contributions":{},"includedScopes":[]},"contributions":{},"includedScopes":[]},"contributions":{},"includedScopes":[{"containerScope":{"containerScope":{"containerScope":{"contributions":{},"includedScopes":[]},"contributions":{},"includedScopes":[]},"contributions":{},"includedScopes":[]},"contributions":{},"includedScopes":[{"containerScope":{"containerScope":{"containerScope":{"contributions":{},"includedScopes":[]},"contributions":{},"includedScopes":[]},"contributions":{},"includedScopes":[]},"contributions":{},"includedScopes":[]}]},{"containerScope":{"containerScope":{"containerScope":{"contributions":{},"includedScopes":[]},"contributions":{},"includedScopes":[]},"contributions":{},"includedScopes":[]},"contributions":{},"includedScopes":[]}]},"contributions":{},"includedScopes":[]},"contributions":{},"includedScopes":[]},"value":"{cosa => cosa.nivelPeligrosidad()}"}}],"metadata":[],"scope":{"containerScope":{"containerScope":{"containerScope":{"containerScope":{"containerScope":{"containerScope":{"containerScope":{"containerScope":{"containerScope":{"contributions":{},"includedScopes":[]},"contributions":{},"includedScopes":[]},"contributions":{},"includedScopes":[]},"contributions":{},"includedScopes":[{"containerScope":{"containerScope":{"containerScope":{"contributions":{},"includedScopes":[]},"contributions":{},"includedScopes":[]},"contributions":{},"includedScopes":[]},"contributions":{},"includedScopes":[]}]},"contributions":{},"includedScopes":[]},"contributions":{},"includedScopes":[]},"contributions":{},"includedScopes":[]},"contributions":{},"includedScopes":[]},"contributions":{},"includedScopes":[]},"contributions":{},"includedScopes":[{"containerScope":{"containerScope":{"containerScope":{"contributions":{},"includedScopes":[]},"contributions":{},"includedScopes":[]},"contributions":{},"includedScopes":[]},"contributions":{},"includedScopes":[{"containerScope":{"containerScope":{"containerScope":{"contributions":{},"includedScopes":[]},"contributions":{},"includedScopes":[]},"contributions":{},"includedScopes":[]},"contributions":{},"includedScopes":[]}]},{"containerScope":{"containerScope":{"containerScope":{"contributions":{},"includedScopes":[]},"contributions":{},"includedScopes":[]},"contributions":{},"includedScopes":[]},"contributions":{},"includedScopes":[]}]},"sourceMap":{"end":{"column":56,"line":65,"offset":1516},"start":{"column":22,"line":65,"offset":1482}},"supertypes":[{"args":[],"id":"f5c03ad5-5101-41e3-b043-1c0611741171","metadata":[],"reference":{"id":"79e6166c-c3ff-43c2-a881-2e276c6a7262","metadata":[],"name":"wollok.lang.Closure","scope":{"containerScope":{"containerScope":{"containerScope":{"containerScope":{"containerScope":{"containerScope":{"containerScope":{"containerScope":{"containerScope":{"containerScope":{"contributions":{},"includedScopes":[]},"contributions":{},"includedScopes":[]},"contributions":{},"includedScopes":[]},"contributions":{},"includedScopes":[{"containerScope":{"containerScope":{"containerScope":{"contributions":{},"includedScopes":[]},"contributions":{},"includedScopes":[]},"contributions":{},"includedScopes":[]},"contributions":{},"includedScopes":[]}]},"contributions":{},"includedScopes":[]},"contributions":{},"includedScopes":[]},"contributions":{},"includedScopes":[]},"contributions":{},"includedScopes":[]},"contributions":{},"includedScopes":[]},"contributions":{},"includedScopes":[{"containerScope":{"containerScope":{"containerScope":{"contributions":{},"includedScopes":[]},"contributions":{},"includedScopes":[]},"contributions":{},"includedScopes":[]},"contributions":{},"includedScopes":[{"containerScope":{"containerScope":{"containerScope":{"contributions":{},"includedScopes":[]},"contributions":{},"includedScopes":[]},"contributions":{},"includedScopes":[]},"contributions":{},"includedScopes":[]}]},{"containerScope":{"containerScope":{"containerScope":{"contributions":{},"includedScopes":[]},"contributions":{},"includedScopes":[]},"contributions":{},"includedScopes":[]},"contributions":{},"includedScopes":[]}]},"contributions":{},"includedScopes":[]}},"scope":{"containerScope":{"containerScope":{"containerScope":{"containerScope":{"containerScope":{"containerScope":{"containerScope":{"containerScope":{"containerScope":{"containerScope":{"contributions":{},"includedScopes":[]},"contributions":{},"includedScopes":[]},"contributions":{},"includedScopes":[]},"contributions":{},"includedScopes":[{"containerScope":{"containerScope":{"containerScope":{"contributions":{},"includedScopes":[]},"contributions":{},"includedScopes":[]},"contributions":{},"includedScopes":[]},"contributions":{},"includedScopes":[]}]},"contributions":{},"includedScopes":[]},"contributions":{},"includedScopes":[]},"contributions":{},"includedScopes":[]},"contributions":{},"includedScopes":[]},"contributions":{},"includedScopes":[]},"contributions":{},"includedScopes":[{"containerScope":{"containerScope":{"containerScope":{"contributions":{},"includedScopes":[]},"contributions":{},"includedScopes":[]},"contributions":{},"includedScopes":[]},"contributions":{},"includedScopes":[{"containerScope":{"containerScope":{"containerScope":{"contributions":{},"includedScopes":[]},"contributions":{},"includedScopes":[]},"contributions":{},"includedScopes":[]},"contributions":{},"includedScopes":[]}]},{"containerScope":{"containerScope":{"containerScope":{"contributions":{},"includedScopes":[]},"contributions":{},"includedScopes":[]},"contributions":{},"includedScopes":[]},"contributions":{},"includedScopes":[]}]},"contributions":{},"includedScopes":[]}}]}],"id":"607c0595-5c1a-429f-ba20-65abb99c9318","message":"max","metadata":[],"receiver":{"id":"25ff1cd8-dcfc-4ede-9af9-deedf8035930","metadata":[],"name":"cosas","scope":{"containerScope":{"containerScope":{"containerScope":{"containerScope":{"containerScope":{"containerScope":{"containerScope":{"containerScope":{"containerScope":{"contributions":{},"includedScopes":[]},"contributions":{},"includedScopes":[]},"contributions":{},"includedScopes":[]},"contributions":{},"includedScopes":[{"containerScope":{"containerScope":{"containerScope":{"contributions":{},"includedScopes":[]},"contributions":{},"includedScopes":[]},"contributions":{},"includedScopes":[]},"contributions":{},"includedScopes":[]}]},"contributions":{},"includedScopes":[]},"contributions":{},"includedScopes":[]},"contributions":{},"includedScopes":[]},"contributions":{},"includedScopes":[]},"contributions":{},"includedScopes":[]},"contributions":{},"includedScopes":[]},"sourceMap":{"end":{"column":17,"line":65,"offset":1477},"start":{"column":12,"line":65,"offset":1472}}},"scope":{"containerScope":{"containerScope":{"containerScope":{"containerScope":{"containerScope":{"containerScope":{"containerScope":{"containerScope":{"contributions":{},"includedScopes":[]},"contributions":{},"includedScopes":[]},"contributions":{},"includedScopes":[]},"contributions":{},"includedScopes":[{"containerScope":{"containerScope":{"containerScope":{"contributions":{},"includedScopes":[]},"contributions":{},"includedScopes":[]},"contributions":{},"includedScopes":[]},"contributions":{},"includedScopes":[]}]},"contributions":{},"includedScopes":[]},"contributions":{},"includedScopes":[]},"contributions":{},"includedScopes":[]},"contributions":{},"includedScopes":[]},"contributions":{},"includedScopes":[]},"sourceMap":{"end":{"column":57,"line":65,"offset":1517},"start":{"column":12,"line":65,"offset":1472}}},"scope":{"containerScope":{"containerScope":{"containerScope":{"containerScope":{"containerScope":{"containerScope":{"containerScope":{"contributions":{},"includedScopes":[]},"contributions":{},"includedScopes":[]},"contributions":{},"includedScopes":[]},"contributions":{},"includedScopes":[{"containerScope":{"containerScope":{"containerScope":{"contributions":{},"includedScopes":[]},"contributions":{},"includedScopes":[]},"contributions":{},"includedScopes":[]},"contributions":{},"includedScopes":[]}]},"contributions":{},"includedScopes":[]},"contributions":{},"includedScopes":[]},"contributions":{},"includedScopes":[]},"contributions":{},"includedScopes":[]},"sourceMap":{"end":{"column":78,"line":65,"offset":1538},"start":{"column":11,"line":65,"offset":1471}}}}],"sourceMap":{"end":{"column":3,"line":66,"offset":1541},"start":{"column":29,"line":64,"offset":1459}}},"compiled":false,"id":"9d02c627-cd5a-4ea5-9069-e54bb63940d8","isOverride":false,"metadata":[],"name":"nivelPeligrosidad","parameters":[],"problems":[],"scope":{"containerScope":{"containerScope":{"containerScope":{"containerScope":{"contributions":{},"includedScopes":[]},"contributions":{},"includedScopes":[]},"contributions":{},"includedScopes":[]},"contributions":{},"includedScopes":[{"containerScope":{"containerScope":{"containerScope":{"contributions":{},"includedScopes":[]},"contributions":{},"includedScopes":[]},"contributions":{},"includedScopes":[]},"contributions":{},"includedScopes":[]}]},"contributions":{},"includedScopes":[]},"sourceMap":{"end":{"column":3,"line":66,"offset":1541},"start":{"column":2,"line":64,"offset":1432}}},{"body":{"id":"752bca45-9d52-4079-903e-5dcdfbe1afce","metadata":[],"problems":[],"scope":{"containerScope":{"containerScope":{"containerScope":{"containerScope":{"containerScope":{"contributions":{},"includedScopes":[]},"contributions":{},"includedScopes":[]},"contributions":{},"includedScopes":[]},"contributions":{},"includedScopes":[{"containerScope":{"containerScope":{"containerScope":{"contributions":{},"includedScopes":[]},"contributions":{},"includedScopes":[]},"contributions":{},"includedScopes":[]},"contributions":{},"includedScopes":[]}]},"contributions":{},"includedScopes":[]},"contributions":{},"includedScopes":[]},"sentences":[{"args":[{"id":"e0440d17-dd50-4921-84d7-67dcf407357b","metadata":[],"name":"cosa","scope":{"containerScope":{"containerScope":{"containerScope":{"containerScope":{"containerScope":{"containerScope":{"containerScope":{"contributions":{},"includedScopes":[]},"contributions":{},"includedScopes":[]},"contributions":{},"includedScopes":[]},"contributions":{},"includedScopes":[{"containerScope":{"containerScope":{"containerScope":{"contributions":{},"includedScopes":[]},"contributions":{},"includedScopes":[]},"contributions":{},"includedScopes":[]},"contributions":{},"includedScopes":[]}]},"contributions":{},"includedScopes":[]},"contributions":{},"includedScopes":[]},"contributions":{},"includedScopes":[]},"contributions":{},"includedScopes":[]},"sourceMap":{"end":{"column":18,"line":68,"offset":1587},"start":{"column":14,"line":68,"offset":1583}}}],"id":"70d535fc-d26b-4bf9-acbf-8588965d78a3","message":"add","metadata":[],"receiver":{"id":"4088d527-9491-43ab-abef-89d2cfb003dc","metadata":[],"name":"cosas","scope":{"containerScope":{"containerScope":{"containerScope":{"containerScope":{"containerScope":{"containerScope":{"containerScope":{"contributions":{},"includedScopes":[]},"contributions":{},"includedScopes":[]},"contributions":{},"includedScopes":[]},"contributions":{},"includedScopes":[{"containerScope":{"containerScope":{"containerScope":{"contributions":{},"includedScopes":[]},"contributions":{},"includedScopes":[]},"contributions":{},"includedScopes":[]},"contributions":{},"includedScopes":[]}]},"contributions":{},"includedScopes":[]},"contributions":{},"includedScopes":[]},"contributions":{},"includedScopes":[]},"contributions":{},"includedScopes":[]},"sourceMap":{"end":{"column":9,"line":68,"offset":1578},"start":{"column":4,"line":68,"offset":1573}}},"scope":{"containerScope":{"containerScope":{"containerScope":{"containerScope":{"containerScope":{"containerScope":{"contributions":{},"includedScopes":[]},"contributions":{},"includedScopes":[]},"contributions":{},"includedScopes":[]},"contributions":{},"includedScopes":[{"containerScope":{"containerScope":{"containerScope":{"contributions":{},"includedScopes":[]},"contributions":{},"includedScopes":[]},"contributions":{},"includedScopes":[]},"contributions":{},"includedScopes":[]}]},"contributions":{},"includedScopes":[]},"contributions":{},"includedScopes":[]},"contributions":{},"includedScopes":[]},"sourceMap":{"end":{"column":19,"line":68,"offset":1588},"start":{"column":4,"line":68,"offset":1573}}}],"sourceMap":{"end":{"column":3,"line":69,"offset":1591},"start":{"column":27,"line":67,"offset":1568}}},"compiled":false,"id":"22ab6dcb-7841-4f64-b60c-e71f29c20227","isOverride":false,"metadata":[],"name":"agregarCosa","parameters":[{"id":"81e93882-930a-4050-b1d8-c1bd6f1fa75e","isVarArg":false,"metadata":[],"name":"cosa","scope":{"containerScope":{"containerScope":{"containerScope":{"containerScope":{"containerScope":{"contributions":{},"includedScopes":[]},"contributions":{},"includedScopes":[]},"contributions":{},"includedScopes":[]},"contributions":{},"includedScopes":[{"containerScope":{"containerScope":{"containerScope":{"contributions":{},"includedScopes":[]},"contributions":{},"includedScopes":[]},"contributions":{},"includedScopes":[]},"contributions":{},"includedScopes":[]}]},"contributions":{},"includedScopes":[]},"contributions":{},"includedScopes":[]},"sourceMap":{"end":{"column":25,"line":67,"offset":1566},"start":{"column":21,"line":67,"offset":1562}}}],"problems":[],"scope":{"containerScope":{"containerScope":{"containerScope":{"containerScope":{"contributions":{},"includedScopes":[]},"contributions":{},"includedScopes":[]},"contributions":{},"includedScopes":[]},"contributions":{},"includedScopes":[{"containerScope":{"containerScope":{"containerScope":{"contributions":{},"includedScopes":[]},"contributions":{},"includedScopes":[]},"contributions":{},"includedScopes":[]},"contributions":{},"includedScopes":[]}]},"contributions":{},"includedScopes":[]},"sourceMap":{"end":{"column":3,"line":69,"offset":1591},"start":{"column":2,"line":67,"offset":1543}}},{"body":{"id":"3eac4cb6-df01-4001-a059-84f8341a7763","metadata":[],"problems":[],"scope":{"containerScope":{"containerScope":{"containerScope":{"containerScope":{"containerScope":{"contributions":{},"includedScopes":[]},"contributions":{},"includedScopes":[]},"contributions":{},"includedScopes":[]},"contributions":{},"includedScopes":[{"containerScope":{"containerScope":{"containerScope":{"contributions":{},"includedScopes":[]},"contributions":{},"includedScopes":[]},"contributions":{},"includedScopes":[]},"contributions":{},"includedScopes":[]}]},"contributions":{},"includedScopes":[]},"contributions":{},"includedScopes":[]},"sentences":[{"id":"a64f0bf7-5605-472a-a71b-7dac419b1ba1","metadata":[],"scope":{"containerScope":{"containerScope":{"containerScope":{"containerScope":{"containerScope":{"containerScope":{"contributions":{},"includedScopes":[]},"contributions":{},"includedScopes":[]},"contributions":{},"includedScopes":[]},"contributions":{},"includedScopes":[{"containerScope":{"containerScope":{"containerScope":{"contributions":{},"includedScopes":[]},"contributions":{},"includedScopes":[]},"contributions":{},"includedScopes":[]},"contributions":{},"includedScopes":[]}]},"contributions":{},"includedScopes":[]},"contributions":{},"includedScopes":[]},"contributions":{},"includedScopes":[]},"value":{"args":[{"id":"12753b5f-4e5e-4c82-928a-3933c2aacfda","metadata":[],"name":"cosas","scope":{"containerScope":{"containerScope":{"containerScope":{"containerScope":{"containerScope":{"containerScope":{"containerScope":{"containerScope":{"contributions":{},"includedScopes":[]},"contributions":{},"includedScopes":[]},"contributions":{},"includedScopes":[]},"contributions":{},"includedScopes":[{"containerScope":{"containerScope":{"containerScope":{"contributions":{},"includedScopes":[]},"contributions":{},"includedScopes":[]},"contributions":{},"includedScopes":[]},"contributions":{},"includedScopes":[]}]},"contributions":{},"includedScopes":[]},"contributions":{},"includedScopes":[]},"contributions":{},"includedScopes":[]},"contributions":{},"includedScopes":[]},"contributions":{},"includedScopes":[]},"sourceMap":{"end":{"column":29,"line":70,"offset":1620},"start":{"column":24,"line":70,"offset":1615}}}],"id":"a839a023-d43d-4508-90a4-5d90dd40fb98","message":"+","metadata":[],"receiver":{"id":"e3b2d26f-c5ef-4671-9f2f-37345b11cfb9","metadata":[],"scope":{"containerScope":{"containerScope":{"containerScope":{"containerScope":{"containerScope":{"containerScope":{"containerScope":{"containerScope":{"contributions":{},"includedScopes":[]},"contributions":{},"includedScopes":[]},"contributions":{},"includedScopes":[]},"contributions":{},"includedScopes":[{"containerScope":{"containerScope":{"containerScope":{"contributions":{},"includedScopes":[]},"contributions":{},"includedScopes":[]},"contributions":{},"includedScopes":[]},"contributions":{},"includedScopes":[]}]},"contributions":{},"includedScopes":[]},"contributions":{},"includedScopes":[]},"contributions":{},"includedScopes":[]},"contributions":{},"includedScopes":[]},"contributions":{},"includedScopes":[]},"sourceMap":{"end":{"column":21,"line":70,"offset":1612},"start":{"column":20,"line":70,"offset":1611}},"value":1},"scope":{"containerScope":{"containerScope":{"containerScope":{"containerScope":{"containerScope":{"containerScope":{"containerScope":{"contributions":{},"includedScopes":[]},"contributions":{},"includedScopes":[]},"contributions":{},"includedScopes":[]},"contributions":{},"includedScopes":[{"containerScope":{"containerScope":{"containerScope":{"contributions":{},"includedScopes":[]},"contributions":{},"includedScopes":[]},"contributions":{},"includedScopes":[]},"contributions":{},"includedScopes":[]}]},"contributions":{},"includedScopes":[]},"contributions":{},"includedScopes":[]},"contributions":{},"includedScopes":[]},"contributions":{},"includedScopes":[]},"sourceMap":{"end":{"column":29,"line":70,"offset":1620},"start":{"column":20,"line":70,"offset":1611}}}}],"sourceMap":{"end":{"column":29,"line":70,"offset":1620},"start":{"column":20,"line":70,"offset":1611}}},"compiled":false,"id":"42d1d83e-2f56-4003-81c6-4cd25c7f4e95","isOverride":false,"metadata":[],"name":"bultos","parameters":[],"problems":[],"scope":{"containerScope":{"containerScope":{"containerScope":{"containerScope":{"contributions":{},"includedScopes":[]},"contributions":{},"includedScopes":[]},"contributions":{},"includedScopes":[]},"contributions":{},"includedScopes":[{"containerScope":{"containerScope":{"containerScope":{"contributions":{},"includedScopes":[]},"contributions":{},"includedScopes":[]},"contributions":{},"includedScopes":[]},"contributions":{},"includedScopes":[]}]},"contributions":{},"includedScopes":[]},"sourceMap":{"end":{"column":29,"line":70,"offset":1620},"start":{"column":2,"line":70,"offset":1593}}},{"body":{"id":"833a7dc5-7174-4eb1-a5b4-9efa56dbf86f","metadata":[],"scope":{"containerScope":{"containerScope":{"containerScope":{"containerScope":{"containerScope":{"contributions":{},"includedScopes":[]},"contributions":{},"includedScopes":[]},"contributions":{},"includedScopes":[]},"contributions":{},"includedScopes":[{"containerScope":{"containerScope":{"containerScope":{"contributions":{},"includedScopes":[]},"contributions":{},"includedScopes":[]},"contributions":{},"includedScopes":[]},"contributions":{},"includedScopes":[]}]},"contributions":{},"includedScopes":[]},"contributions":{},"includedScopes":[]},"sentences":[{"id":"7df796e4-d30b-42a9-9522-94a3538c9abd","metadata":[],"scope":{"containerScope":{"containerScope":{"containerScope":{"containerScope":{"containerScope":{"containerScope":{"contributions":{},"includedScopes":[]},"contributions":{},"includedScopes":[]},"contributions":{},"includedScopes":[]},"contributions":{},"includedScopes":[{"containerScope":{"containerScope":{"containerScope":{"contributions":{},"includedScopes":[]},"contributions":{},"includedScopes":[]},"contributions":{},"includedScopes":[]},"contributions":{},"includedScopes":[]}]},"contributions":{},"includedScopes":[]},"contributions":{},"includedScopes":[]},"contributions":{},"includedScopes":[]},"value":{"id":"a1e06789-5e10-4711-a0e9-589ff77a4d77","metadata":[],"name":"cosas","scope":{"containerScope":{"containerScope":{"containerScope":{"containerScope":{"containerScope":{"containerScope":{"containerScope":{"contributions":{},"includedScopes":[]},"contributions":{},"includedScopes":[]},"contributions":{},"includedScopes":[]},"contributions":{},"includedScopes":[{"containerScope":{"containerScope":{"containerScope":{"contributions":{},"includedScopes":[]},"contributions":{},"includedScopes":[]},"contributions":{},"includedScopes":[]},"contributions":{},"includedScopes":[]}]},"contributions":{},"includedScopes":[]},"contributions":{},"includedScopes":[]},"contributions":{},"includedScopes":[]},"contributions":{},"includedScopes":[]}}}]},"compiled":false,"id":"c222f731-810c-4586-bdd2-0cbfb6560afb","isOverride":false,"metadata":[],"name":"cosas","parameters":[],"scope":{"containerScope":{"containerScope":{"containerScope":{"containerScope":{"contributions":{},"includedScopes":[]},"contributions":{},"includedScopes":[]},"contributions":{},"includedScopes":[]},"contributions":{},"includedScopes":[{"containerScope":{"containerScope":{"containerScope":{"contributions":{},"includedScopes":[]},"contributions":{},"includedScopes":[]},"contributions":{},"includedScopes":[]},"contributions":{},"includedScopes":[]}]},"contributions":{},"includedScopes":[]}},{"body":{"id":"b6ec71ac-adee-488c-861e-b24440b329c2","metadata":[],"scope":{"containerScope":{"containerScope":{"containerScope":{"containerScope":{"containerScope":{"contributions":{},"includedScopes":[]},"contributions":{},"includedScopes":[]},"contributions":{},"includedScopes":[]},"contributions":{},"includedScopes":[{"containerScope":{"containerScope":{"containerScope":{"contributions":{},"includedScopes":[]},"contributions":{},"includedScopes":[]},"contributions":{},"includedScopes":[]},"contributions":{},"includedScopes":[]}]},"contributions":{},"includedScopes":[]},"contributions":{},"includedScopes":[]},"sentences":[{"id":"e38b7753-f335-4397-8fef-1173fb4395d2","metadata":[],"scope":{"containerScope":{"containerScope":{"containerScope":{"containerScope":{"containerScope":{"containerScope":{"contributions":{},"includedScopes":[]},"contributions":{},"includedScopes":[]},"contributions":{},"includedScopes":[]},"contributions":{},"includedScopes":[{"containerScope":{"containerScope":{"containerScope":{"contributions":{},"includedScopes":[]},"contributions":{},"includedScopes":[]},"contributions":{},"includedScopes":[]},"contributions":{},"includedScopes":[]}]},"contributions":{},"includedScopes":[]},"contributions":{},"includedScopes":[]},"contributions":{},"includedScopes":[]},"value":{"id":"480bb224-a1b7-4bec-be33-a305a0016e98","metadata":[],"name":"<value>","scope":{"containerScope":{"containerScope":{"containerScope":{"containerScope":{"containerScope":{"containerScope":{"containerScope":{"contributions":{},"includedScopes":[]},"contributions":{},"includedScopes":[]},"contributions":{},"includedScopes":[]},"contributions":{},"includedScopes":[{"containerScope":{"containerScope":{"containerScope":{"contributions":{},"includedScopes":[]},"contributions":{},"includedScopes":[]},"contributions":{},"includedScopes":[]},"contributions":{},"includedScopes":[]}]},"contributions":{},"includedScopes":[]},"contributions":{},"includedScopes":[]},"contributions":{},"includedScopes":[]},"contributions":{},"includedScopes":[]}},"variable":{"id":"ee5e4a27-f42b-4317-bf2d-06d3cf27f671","metadata":[],"name":"cosas","scope":{"containerScope":{"containerScope":{"containerScope":{"containerScope":{"containerScope":{"containerScope":{"containerScope":{"contributions":{},"includedScopes":[]},"contributions":{},"includedScopes":[]},"contributions":{},"includedScopes":[]},"contributions":{},"includedScopes":[{"containerScope":{"containerScope":{"containerScope":{"contributions":{},"includedScopes":[]},"contributions":{},"includedScopes":[]},"contributions":{},"includedScopes":[]},"contributions":{},"includedScopes":[]}]},"contributions":{},"includedScopes":[]},"contributions":{},"includedScopes":[]},"contributions":{},"includedScopes":[]},"contributions":{},"includedScopes":[]}}}]},"compiled":false,"id":"4a88f67c-cfb8-427e-bb19-2915e13e7ccc","isOverride":false,"metadata":[],"name":"cosas","parameters":[{"id":"6809620e-3fa0-4901-b3c8-264c2a0b23ea","isVarArg":false,"metadata":[],"name":"<value>","scope":{"containerScope":{"containerScope":{"containerScope":{"containerScope":{"containerScope":{"contributions":{},"includedScopes":[]},"contributions":{},"includedScopes":[]},"contributions":{},"includedScopes":[]},"contributions":{},"includedScopes":[{"containerScope":{"containerScope":{"containerScope":{"contributions":{},"includedScopes":[]},"contributions":{},"includedScopes":[]},"contributions":{},"includedScopes":[]},"contributions":{},"includedScopes":[]}]},"contributions":{},"includedScopes":[]},"contributions":{},"includedScopes":[]}}],"scope":{"containerScope":{"containerScope":{"containerScope":{"containerScope":{"contributions":{},"includedScopes":[]},"contributions":{},"includedScopes":[]},"contributions":{},"includedScopes":[]},"contributions":{},"includedScopes":[{"containerScope":{"containerScope":{"containerScope":{"contributions":{},"includedScopes":[]},"contributions":{},"includedScopes":[]},"contributions":{},"includedScopes":[]},"contributions":{},"includedScopes":[]}]},"contributions":{},"includedScopes":[]}}],"metadata":[],"name":"contenedorPortuario","problems":[{"code":"malformedMember","sourceMap":{"end":{"column":0,"line":71,"offset":1654},"start":{"column":29,"line":70,"offset":1620}}}],"scope":{"containerScope":{"containerScope":{"containerScope":{"contributions":{},"includedScopes":[]},"contributions":{},"includedScopes":[]},"contributions":{},"includedScopes":[]},"contributions":{},"includedScopes":[{"containerScope":{"containerScope":{"containerScope":{"contributions":{},"includedScopes":[]},"contributions":{},"includedScopes":[]},"contributions":{},"includedScopes":[]},"contributions":{},"includedScopes":[]}]},"sourceMap":{"end":{"column":2,"line":71,"offset":1656},"start":{"column":1,"line":58,"offset":1312}},"supertypes":[]},"stack":"Error: Failed to print, found malformed node\n    at /home/ramiro/.vscode/extensions/uqbar.wollok-lsp-ide-0.5.5/out/server/src/server.js:68:3585\n    at Ybn (/home/ramiro/.vscode/extensions/uqbar.wollok-lsp-ide-0.5.5/out/server/src/server.js:68:3396)\n    at /home/ramiro/.vscode/extensions/uqbar.wollok-lsp-ide-0.5.5/out/server/src/server.js:2430:847\n    at /home/ramiro/.vscode/extensions/uqbar.wollok-lsp-ide-0.5.5/out/server/src/server.js:2430:8440\n    at /home/ramiro/.vscode/extensions/uqbar.wollok-lsp-ide-0.5.5/out/server/src/server.js:37:74770\n    at Ke (/home/ramiro/.vscode/extensions/uqbar.wollok-lsp-ide-0.5.5/out/server/src/server.js:7:8527)\n    at It (/home/ramiro/.vscode/extensions/uqbar.wollok-lsp-ide-0.5.5/out/server/src/server.js:7:6189)\n    at et (/home/ramiro/.vscode/extensions/uqbar.wollok-lsp-ide-0.5.5/out/server/src/server.js:7:6378)\n    at Immediate._onImmediate (/home/ramiro/.vscode/extensions/uqbar.wollok-lsp-ide-0.5.5/out/server/src/server.js:7:6142)\n    at process.processImmediate (node:internal/timers:504:21)","timestamp":"2026-09-17T03:02:45.022Z"}
{"level":"error","message":"✘ Failed to get type description: Error: Failed to print, found malformed node Failed to print, found malformed node","node":{"id":"ec5b7130-dd3a-462e-9254-7a7f4852a7af","members":[{"id":"a6099b69-3c92-4e51-a9b3-d13eb998a87f","isConstant":false,"isProperty":true,"metadata":[],"name":"cosas","scope":{"containerScope":{"containerScope":{"containerScope":{"containerScope":{"contributions":{},"includedScopes":[]},"contributions":{},"includedScopes":[]},"contributions":{},"includedScopes":[]},"contributions":{},"includedScopes":[{"containerScope":{"containerScope":{"containerScope":{"contributions":{},"includedScopes":[]},"contributions":{},"includedScopes":[]},"contributions":{},"includedScopes":[]},"contributions":{},"includedScopes":[]}]},"contributions":{},"includedScopes":[]},"sourceMap":{"end":{"column":25,"line":59,"offset":1364},"start":{"column":2,"line":59,"offset":1341}},"value":{"id":"b33c6150-2b96-4acf-bc8f-e627732db385","metadata":[],"scope":{"containerScope":{"containerScope":{"containerScope":{"containerScope":{"containerScope":{"contributions":{},"includedScopes":[]},"contributions":{},"includedScopes":[]},"contributions":{},"includedScopes":[]},"contributions":{},"includedScopes":[{"containerScope":{"containerScope":{"containerScope":{"contributions":{},"includedScopes":[]},"contributions":{},"includedScopes":[]},"contributions":{},"includedScopes":[]},"contributions":{},"includedScopes":[]}]},"contributions":{},"includedScopes":[]},"contributions":{},"includedScopes":[]},"sourceMap":{"end":{"column":25,"line":59,"offset":1364},"start":{"column":23,"line":59,"offset":1362}},"value":[{"id":"b0cc3537-4d3f-4fb4-9779-f1f75ba21a43","metadata":[],"name":"wollok.lang.List","scope":{"containerScope":{"containerScope":{"containerScope":{"containerScope":{"containerScope":{"containerScope":{"contributions":{},"includedScopes":[]},"contributions":{},"includedScopes":[]},"contributions":{},"includedScopes":[]},"contributions":{},"includedScopes":[{"containerScope":{"containerScope":{"containerScope":{"contributions":{},"includedScopes":[]},"contributions":{},"includedScopes":[]},"contributions":{},"includedScopes":[]},"contributions":{},"includedScopes":[]}]},"contributions":{},"includedScopes":[]},"contributions":{},"includedScopes":[]},"contributions":{},"includedScopes":[]}},[]]}},{"body":{"id":"231f2de0-25c7-4a05-81bc-4a796edc5402","metadata":[],"problems":[],"scope":{"containerScope":{"containerScope":{"containerScope":{"containerScope":{"containerScope":{"contributions":{},"includedScopes":[]},"contributions":{},"includedScopes":[]},"contributions":{},"includedScopes":[]},"contributions":{},"includedScopes":[{"containerScope":{"containerScope":{"containerScope":{"contributions":{},"includedScopes":[]},"contributions":{},"includedScopes":[]},"contributions":{},"includedScopes":[]},"contributions":{},"includedScopes":[]}]},"contributions":{},"includedScopes":[]},"contributions":{},"includedScopes":[]},"sentences":[{"id":"68100748-faa6-42b8-bc84-e0b2d2fdce82","metadata":[],"scope":{"containerScope":{"containerScope":{"containerScope":{"containerScope":{"containerScope":{"containerScope":{"contributions":{},"includedScopes":[]},"contributions":{},"includedScopes":[]},"contributions":{},"includedScopes":[]},"contributions":{},"includedScopes":[{"containerScope":{"containerScope":{"containerScope":{"contributions":{},"includedScopes":[]},"contributions":{},"includedScopes":[]},"contributions":{},"includedScopes":[]},"contributions":{},"includedScopes":[]}]},"contributions":{},"includedScopes":[]},"contributions":{},"includedScopes":[]},"contributions":{},"includedScopes":[]},"sourceMap":{"end":{"column":46,"line":61,"offset":1426},"start":{"column":3,"line":61,"offset":1383}},"value":{"args":[{"args":[{"id":"10d87890-4f26-4947-bc06-f7263f8a7d44","members":[{"body":{"id":"367312f8-7739-4131-917d-81a9a4735f37","metadata":[],"scope":{"containerScope":{"containerScope":{"containerScope":{"containerScope":{"containerScope":{"containerScope":{"containerScope":{"containerScope":{"containerScope":{"containerScope":{"containerScope":{"contributions":{},"includedScopes":[]},"contributions":{},"includedScopes":[]},"contributions":{},"includedScopes":[]},"contributions":{},"includedScopes":[{"containerScope":{"containerScope":{"containerScope":{"contributions":{},"includedScopes":[]},"contributions":{},"includedScopes":[]},"contributions":{},"includedScopes":[]},"contributions":{},"includedScopes":[]}]},"contributions":{},"includedScopes":[]},"contributions":{},"includedScopes":[]},"contributions":{},"includedScopes":[]},"contributions":{},"includedScopes":[]},"contributions":{},"includedScopes":[]},"contributions":{},"includedScopes":[{"containerScope":{"containerScope":{"containerScope":{"contributions":{},"includedScopes":[]},"contributions":{},"includedScopes":[]},"contributions":{},"includedScopes":[]},"contributions":{},"includedScopes":[{"containerScope":{"containerScope":{"containerScope":{"contributions":{},"includedScopes":[]},"contributions":{},"includedScopes":[]},"contributions":{},"includedScopes":[]},"contributions":{},"includedScopes":[]}]},{"containerScope":{"containerScope":{"containerScope":{"contributions":{},"includedScopes":[]},"contributions":{},"includedScopes":[]},"contributions":{},"includedScopes":[]},"contributions":{},"includedScopes":[]}]},"contributions":{},"includedScopes":[]},"contributions":{},"includedScopes":[]},"sentences":[{"id":"f28dc937-029a-48df-aecf-fd82e826f357","metadata":[],"scope":{"containerScope":{"containerScope":{"containerScope":{"containerScope":{"containerScope":{"containerScope":{"containerScope":{"containerScope":{"containerScope":{"containerScope":{"containerScope":{"containerScope":{"contributions":{},"includedScopes":[]},"contributions":{},"includedScopes":[]},"contributions":{},"includedScopes":[]},"contributions":{},"includedScopes":[{"containerScope":{"containerScope":{"containerScope":{"contributions":{},"includedScopes":[]},"contributions":{},"includedScopes":[]},"contributions":{},"includedScopes":[]},"contributions":{},"includedScopes":[]}]},"contributions":{},"includedScopes":[]},"contributions":{},"includedScopes":[]},"contributions":{},"includedScopes":[]},"contributions":{},"includedScopes":[]},"contributions":{},"includedScopes":[]},"contributions":{},"includedScopes":[{"containerScope":{"containerScope":{"containerScope":{"contributions":{},"includedScopes":[]},"contributions":{},"includedScopes":[]},"contributions":{},"includedScopes":[]},"contributions":{},"includedScopes":[{"containerScope":{"containerScope":{"containerScope":{"contributions":{},"includedScopes":[]},"contributions":{},"includedScopes":[]},"contributions":{},"includedScopes":[]},"contributions":{},"includedScopes":[]}]},{"containerScope":{"containerScope":{"containerScope":{"contributions":{},"includedScopes":[]},"contributions":{},"includedScopes":[]},"contributions":{},"includedScopes":[]},"contributions":{},"includedScopes":[]}]},"contributions":{},"includedScopes":[]},"contributions":{},"includedScopes":[]},"contributions":{},"includedScopes":[]},"value":{"args":[],"id":"f560056b-c569-42a1-a959-ccec8f246263","message":"peso","metadata":[],"receiver":{"id":"b74a6e14-1608-41de-abd7-0aa6522b108e","metadata":[],"name":"cosa","scope":{"containerScope":{"containerScope":{"containerScope":{"containerScope":{"containerScope":{"containerScope":{"containerScope":{"containerScope":{"containerScope":{"containerScope":{"containerScope":{"containerScope":{"containerScope":{"containerScope":{"contributions":{},"includedScopes":[]},"contributions":{},"includedScopes":[]},"contributions":{},"includedScopes":[]},"contributions":{},"includedScopes":[{"containerScope":{"containerScope":{"containerScope":{"contributions":{},"includedScopes":[]},"contributions":{},"includedScopes":[]},"contributions":{},"includedScopes":[]},"contributions":{},"includedScopes":[]}]},"contributions":{},"includedScopes":[]},"contributions":{},"includedScopes":[]},"contributions":{},"includedScopes":[]},"contributions":{},"includedScopes":[]},"contributions":{},"includedScopes":[]},"contributions":{},"includedScopes":[{"containerScope":{"containerScope":{"containerScope":{"contributions":{},"includedScopes":[]},"contributions":{},"includedScopes":[]},"contributions":{},"includedScopes":[]},"contributions":{},"includedScopes":[{"containerScope":{"containerScope":{"containerScope":{"contributions":{},"includedScopes":[]},"contributions":{},"includedScopes":[]},"contributions":{},"includedScopes":[]},"contributions":{},"includedScopes":[]}]},{"containerScope":{"containerScope":{"containerScope":{"contributions":{},"includedScopes":[]},"contributions":{},"includedScopes":[]},"contributions":{},"includedScopes":[]},"contributions":{},"includedScopes":[]}]},"contributions":{},"includedScopes":[]},"contributions":{},"includedScopes":[]},"contributions":{},"includedScopes":[]},"contributions":{},"includedScopes":[]},"contributions":{},"includedScopes":[]},"sourceMap":{"end":{"column":37,"line":61,"offset":1417},"start":{"column":33,"line":61,"offset":1413}}},"scope":{"containerScope":{"containerScope":{"containerScope":{"containerScope":{"containerScope":{"containerScope":{"containerScope":{"containerScope":{"containerScope":{"containerScope":{"containerScope":{"containerScope":{"containerScope":{"contributions":{},"includedScopes":[]},"contributions":{},"includedScopes":[]},"contributions":{},"includedScopes":[]},"contributions":{},"includedScopes":[{"containerScope":{"containerScope":{"containerScope":{"contributions":{},"includedScopes":[]},"contributions":{},"includedScopes":[]},"contributions":{},"includedScopes":[]},"contributions":{},"includedScopes":[]}]},"contributions":{},"includedScopes":[]},"contributions":{},"includedScopes":[]},"contributions":{},"includedScopes":[]},"contributions":{},"includedScopes":[]},"contributions":{},"includedScopes":[]},"contributions":{},"includedScopes":[{"containerScope":{"containerScope":{"containerScope":{"contributions":{},"includedScopes":[]},"contributions":{},"includedScopes":[]},"contributions":{},"includedScopes":[]},"contributions":{},"includedScopes":[{"containerScope":{"containerScope":{"containerScope":{"contributions":{},"includedScopes":[]},"contributions":{},"includedScopes":[]},"contributions":{},"includedScopes":[]},"contributions":{},"includedScopes":[]}]},{"containerScope":{"containerScope":{"containerScope":{"contributions":{},"includedScopes":[]},"contributions":{},"includedScopes":[]},"contributions":{},"includedScopes":[]},"contributions":{},"includedScopes":[]}]},"contributions":{},"includedScopes":[]},"contributions":{},"includedScopes":[]},"contributions":{},"includedScopes":[]},"contributions":{},"includedScopes":[]},"sourceMap":{"end":{"column":44,"line":61,"offset":1424},"start":{"column":33,"line":61,"offset":1413}}}}]},"compiled":false,"id":"bf3ccaaa-a0c8-407d-bc77-76e47e343858","isOverride":false,"metadata":[],"name":"<apply>","parameters":[{"id":"60522d8f-dc9b-4545-a185-6c31cf0ac620","isVarArg":false,"metadata":[],"name":"cosa","scope":{"containerScope":{"containerScope":{"containerScope":{"containerScope":{"containerScope":{"containerScope":{"containerScope":{"containerScope":{"containerScope":{"containerScope":{"containerScope":{"contributions":{},"includedScopes":[]},"contributions":{},"includedScopes":[]},"contributions":{},"includedScopes":[]},"contributions":{},"includedScopes":[{"containerScope":{"containerScope":{"containerScope":{"contributions":{},"includedScopes":[]},"contributions":{},"includedScopes":[]},"contributions":{},"includedScopes":[]},"contributions":{},"includedScopes":[]}]},"contributions":{},"includedScopes":[]},"contributions":{},"includedScopes":[]},"contributions":{},"includedScopes":[]},"contributions":{},"includedScopes":[]},"contributions":{},"includedScopes":[]},"contributions":{},"includedScopes":[{"containerScope":{"containerScope":{"containerScope":{"contributions":{},"includedScopes":[]},"contributions":{},"includedScopes":[]},"contributions":{},"includedScopes":[]},"contributions":{},"includedScopes":[{"containerScope":{"containerScope":{"containerScope":{"contributions":{},"includedScopes":[]},"contributions":{},"includedScopes":[]},"contributions":{},"includedScopes":[]},"contributions":{},"includedScopes":[]}]},{"containerScope":{"containerScope":{"containerScope":{"contributions":{},"includedScopes":[]},"contributions":{},"includedScopes":[]},"contributions":{},"includedScopes":[]},"contributions":{},"includedScopes":[]}]},"contributions":{},"includedScopes":[]},"contributions":{},"includedScopes":[]},"sourceMap":{"end":{"column":31,"line":61,"offset":1411},"start":{"column":27,"line":61,"offset":1407}}}],"scope":{"containerScope":{"containerScope":{"containerScope":{"containerScope":{"containerScope":{"containerScope":{"containerScope":{"containerScope":{"containerScope":{"containerScope":{"contributions":{},"includedScopes":[]},"contributions":{},"includedScopes":[]},"contributions":{},"includedScopes":[]},"contributions":{},"includedScopes":[{"containerScope":{"containerScope":{"containerScope":{"contributions":{},"includedScopes":[]},"contributions":{},"includedScopes":[]},"contributions":{},"includedScopes":[]},"contributions":{},"includedScopes":[]}]},"contributions":{},"includedScopes":[]},"contributions":{},"includedScopes":[]},"contributions":{},"includedScopes":[]},"contributions":{},"includedScopes":[]},"contributions":{},"includedScopes":[]},"contributions":{},"includedScopes":[{"containerScope":{"containerScope":{"containerScope":{"contributions":{},"includedScopes":[]},"contributions":{},"includedScopes":[]},"contributions":{},"includedScopes":[]},"contributions":{},"includedScopes":[{"containerScope":{"containerScope":{"containerScope":{"contributions":{},"includedScopes":[]},"contributions":{},"includedScopes":[]},"contributions":{},"includedScopes":[]},"contributions":{},"includedScopes":[]}]},{"containerScope":{"containerScope":{"containerScope":{"contributions":{},"includedScopes":[]},"contributions":{},"includedScopes":[]},"contributions":{},"includedScopes":[]},"contributions":{},"includedScopes":[]}]},"contributions":{},"includedScopes":[]}},{"id":"46894f29-c3d0-4ad0-97fe-62128ccf3460","isConstant":true,"isProperty":false,"metadata":[],"name":"<toString>","scope":{"containerScope":{"containerScope":{"containerScope":{"containerScope":{"containerScope":{"containerScope":{"containerScope":{"containerScope":{"containerScope":{"containerScope":{"contributions":{},"includedScopes":[]},"contributions":{},"includedScopes":[]},"contributions":{},"includedScopes":[]},"contributions":{},"includedScopes":[{"containerScope":{"containerScope":{"containerScope":{"contributions":{},"includedScopes":[]},"contributions":{},"includedScopes":[]},"contributions":{},"includedScopes":[]},"contributions":{},"includedScopes":[]}]},"contributions":{},"includedScopes":[]},"contributions":{},"includedScopes":[]},"contributions":{},"includedScopes":[]},"contributions":{},"includedScopes":[]},"contributions":{},"includedScopes":[]},"contributions":{},"includedScopes":[{"containerScope":{"containerScope":{"containerScope":{"contributions":{},"includedScopes":[]},"contributions":{},"includedScopes":[]},"contributions":{},"includedScopes":[]},"contributions":{},"includedScopes":[{"containerScope":{"containerScope":{"containerScope":{"contributions":{},"includedScopes":[]},"contributions":{},"includedScopes":[]},"contributions":{},"includedScopes":[]},"contributions":{},"includedScopes":[]}]},{"containerScope":{"containerScope":{"containerScope":{"contributions":{},"includedScopes":[]},"contributions":{},"includedScopes":[]},"contributions":{},"includedScopes":[]},"contributions":{},"includedScopes":[]}]},"contributions":{},"includedScopes":[]},"value":{"id":"20c5cebc-25fb-4bca-9b5c-733afb6c938d","metadata":[],"scope":{"containerScope":{"containerScope":{"containerScope":{"containerScope":{"containerScope":{"containerScope":{"containerScope":{"containerScope":{"containerScope":{"containerScope":{"containerScope":{"contributions":{},"includedScopes":[]},"contributions":{},"includedScopes":[]},"contributions":{},"includedScopes":[]},"contributions":{},"includedScopes":[{"containerScope":{"containerScope":{"containerScope":{"contributions":{},"includedScopes":[]},"contributions":{},"includedScopes":[]},"contributions":{},"includedScopes":[]},"contributions":{},"includedScopes":[]}]},"contributions":{},"includedScopes":[]},"contributions":{},"includedScopes":[]},"contributions":{},"includedScopes":[]},"contributions":{},"includedScopes":[]},"contributions":{},"includedScopes":[]},"contributions":{},"includedScopes":[{"containerScope":{"containerScope":{"containerScope":{"contributions":{},"includedScopes":[]},"contributions":{},"includedScopes":[]},"contributions":{},"includedScopes":[]},"contributions":{},"includedScopes":[{"containerScope":{"containerScope":{"containerScope":{"contributions":{},"includedScopes":[]},"contributions":{},"includedScopes":[]},"contributions":{},"includedScopes":[]},"contributions":{},"includedScopes":[]}]},{"containerScope":{"containerScope":{"containerScope":{"contributions":{},"includedScopes":[]},"contributions":{},"includedScopes":[]},"contributions":{},"includedScopes":[]},"contributions":{},"includedScopes":[]}]},"contributions":{},"includedScopes":[]},"contributions":{},"includedScopes":[]},"value":"{cosa=>cosa.peso()}"}}],"metadata":[],"scope":{"containerScope":{"containerScope":{"containerScope":{"containerScope":{"containerScope":{"containerScope":{"containerScope":{"containerScope":{"containerScope":{"contributions":{},"includedScopes":[]},"contributions":{},"includedScopes":[]},"contributions":{},"includedScopes":[]},"contributions":{},"includedScopes":[{"containerScope":{"containerScope":{"containerScope":{"contributions":{},"includedScopes":[]},"contributions":{},"includedScopes":[]},"contributions":{},"includedScopes":[]},"contributions":{},"includedScopes":[]}]},"contributions":{},"includedScopes":[]},"contributions":{},"includedScopes":[]},"contributions":{},"includedScopes":[]},"contributions":{},"includedScopes":[]},"contributions":{},"includedScopes":[]},"contributions":{},"includedScopes":[{"containerScope":{"containerScope":{"containerScope":{"contributions":{},"includedScopes":[]},"contributions":{},"includedScopes":[]},"contributions":{},"includedScopes":[]},"contributions":{},"includedScopes":[{"containerScope":{"containerScope":{"containerScope":{"contributions":{},"includedScopes":[]},"contributions":{},"includedScopes":[]},"contributions":{},"includedScopes":[]},"contributions":{},"includedScopes":[]}]},{"containerScope":{"containerScope":{"containerScope":{"contributions":{},"includedScopes":[]},"contributions":{},"includedScopes":[]},"contributions":{},"includedScopes":[]},"contributions":{},"includedScopes":[]}]},"sourceMap":{"end":{"column":45,"line":61,"offset":1425},"start":{"column":26,"line":61,"offset":1406}},"supertypes":[{"args":[],"id":"c4a77343-a501-4169-b357-18811ff5744d","metadata":[],"reference":{"id":"8f0f15aa-8f6c-48d1-bfc0-85f33acf6442","metadata":[],"name":"wollok.lang.Closure","scope":{"containerScope":{"containerScope":{"containerScope":{"containerScope":{"containerScope":{"containerScope":{"containerScope":{"containerScope":{"containerScope":{"containerScope":{"contributions":{},"includedScopes":[]},"contributions":{},"includedScopes":[]},"contributions":{},"includedScopes":[]},"contributions":{},"includedScopes":[{"containerScope":{"containerScope":{"containerScope":{"contributions":{},"includedScopes":[]},"contributions":{},"includedScopes":[]},"contributions":{},"includedScopes":[]},"contributions":{},"includedScopes":[]}]},"contributions":{},"includedScopes":[]},"contributions":{},"includedScopes":[]},"contributions":{},"includedScopes":[]},"contributions":{},"includedScopes":[]},"contributions":{},"includedScopes":[]},"contributions":{},"includedScopes":[{"containerScope":{"containerScope":{"containerScope":{"contributions":{},"includedScopes":[]},"contributions":{},"includedScopes":[]},"contributions":{},"includedScopes":[]},"contributions":{},"includedScopes":[{"containerScope":{"containerScope":{"containerScope":{"contributions":{},"includedScopes":[]},"contributions":{},"includedScopes":[]},"contributions":{},"includedScopes":[]},"contributions":{},"includedScopes":[]}]},{"containerScope":{"containerScope":{"containerScope":{"contributions":{},"includedScopes":[]},"contributions":{},"includedScopes":[]},"contributions":{},"includedScopes":[]},"contributions":{},"includedScopes":[]}]},"contributions":{},"includedScopes":[]}},"scope":{"containerScope":{"containerScope":{"containerScope":{"containerScope":{"containerScope":{"containerScope":{"containerScope":{"containerScope":{"containerScope":{"containerScope":{"contributions":{},"includedScopes":[]},"contributions":{},"includedScopes":[]},"contributions":{},"includedScopes":[]},"contributions":{},"includedScopes":[{"containerScope":{"containerScope":{"containerScope":{"contributions":{},"includedScopes":[]},"contributions":{},"includedScopes":[]},"contributions":{},"includedScopes":[]},"contributions":{},"includedScopes":[]}]},"contributions":{},"includedScopes":[]},"contributions":{},"includedScopes":[]},"contributions":{},"includedScopes":[]},"contributions":{},"includedScopes":[]},"contributions":{},"includedScopes":[]},"contributions":{},"includedScopes":[{"containerScope":{"containerScope":{"containerScope":{"contributions":{},"includedScopes":[]},"contributions":{},"includedScopes":[]},"contributions":{},"includedScopes":[]},"contributions":{},"includedScopes":[{"containerScope":{"containerScope":{"containerScope":{"contributions":{},"includedScopes":[]},"contributions":{},"includedScopes":[]},"contributions":{},"includedScopes":[]},"contributions":{},"includedScopes":[]}]},{"containerScope":{"containerScope":{"containerScope":{"contributions":{},"includedScopes":[]},"contributions":{},"includedScopes":[]},"contributions":{},"includedScopes":[]},"contributions":{},"includedScopes":[]}]},"contributions":{},"includedScopes":[]}}]}],"id":"8a8ce82c-e117-46b8-bb35-045f116228ab","message":"sum","metadata":[],"receiver":{"id":"90a4938d-1aca-4f1a-9f75-6ea1539f484d","metadata":[],"name":"cosas","scope":{"containerScope":{"containerScope":{"containerScope":{"containerScope":{"containerScope":{"containerScope":{"containerScope":{"containerScope":{"containerScope":{"contributions":{},"includedScopes":[]},"contributions":{},"includedScopes":[]},"contributions":{},"includedScopes":[]},"contributions":{},"includedScopes":[{"containerScope":{"containerScope":{"containerScope":{"contributions":{},"includedScopes":[]},"contributions":{},"includedScopes":[]},"contributions":{},"includedScopes":[]},"contributions":{},"includedScopes":[]}]},"contributions":{},"includedScopes":[]},"contributions":{},"includedScopes":[]},"contributions":{},"includedScopes":[]},"contributions":{},"includedScopes":[]},"contributions":{},"includedScopes":[]},"contributions":{},"includedScopes":[]},"sourceMap":{"end":{"column":21,"line":61,"offset":1401},"start":{"column":16,"line":61,"offset":1396}}},"scope":{"containerScope":{"containerScope":{"containerScope":{"containerScope":{"containerScope":{"containerScope":{"containerScope":{"containerScope":{"contributions":{},"includedScopes":[]},"contributions":{},"includedScopes":[]},"contributions":{},"includedScopes":[]},"contributions":{},"includedScopes":[{"containerScope":{"containerScope":{"containerScope":{"contributions":{},"includedScopes":[]},"contributions":{},"includedScopes":[]},"contributions":{},"includedScopes":[]},"contributions":{},"includedScopes":[]}]},"contributions":{},"includedScopes":[]},"contributions":{},"includedScopes":[]},"contributions":{},"includedScopes":[]},"contributions":{},"includedScopes":[]},"contributions":{},"includedScopes":[]},"sourceMap":{"end":{"column":46,"line":61,"offset":1426},"start":{"column":16,"line":61,"offset":1396}}}],"id":"57bd5945-b37c-472b-8ea2-9983d6dd8445","message":"+","metadata":[],"receiver":{"id":"36b7749b-88a3-4235-b1de-64cd6af3eeb0","metadata":[],"scope":{"containerScope":{"containerScope":{"containerScope":{"containerScope":{"containerScope":{"containerScope":{"containerScope":{"containerScope":{"contributions":{},"includedScopes":[]},"contributions":{},"includedScopes":[]},"contributions":{},"includedScopes":[]},"contributions":{},"includedScopes":[{"containerScope":{"containerScope":{"containerScope":{"contributions":{},"includedScopes":[]},"contributions":{},"includedScopes":[]},"contributions":{},"includedScopes":[]},"contributions":{},"includedScopes":[]}]},"contributions":{},"includedScopes":[]},"contributions":{},"includedScopes":[]},"contributions":{},"includedScopes":[]},"contributions":{},"includedScopes":[]},"contributions":{},"includedScopes":[]},"sourceMap":{"end":{"column":13,"line":61,"offset":1393},"start":{"column":10,"line":61,"offset":1390}},"value":100},"scope":{"containerScope":{"containerScope":{"containerScope":{"containerScope":{"containerScope":{"containerScope":{"containerScope":{"contributions":{},"includedScopes":[]},"contributions":{},"includedScopes":[]},"contributions":{},"includedScopes":[]},"contributions":{},"includedScopes":[{"containerScope":{"containerScope":{"containerScope":{"contributions":{},"includedScopes":[]},"contributions":{},"includedScopes":[]},"contributions":{},"includedScopes":[]},"contributions":{},"includedScopes":[]}]},"contributions":{},"includedScopes":[]},"contributions":{},"includedScopes":[]},"contributions":{},"includedScopes":[]},"contributions":{},"includedScopes":[]},"sourceMap":{"end":{"column":46,"line":61,"offset":1426},"start":{"column":10,"line":61,"offset":1390}}}}],"sourceMap":{"end":{"column":3,"line":62,"offset":1429},"start":{"column":15,"line":60,"offset":1379}}},"compiled":false,"id":"bc24316b-7180-4fa5-a3ba-2c6a11ac74cb","isOverride":false,"metadata":[],"name":"peso","parameters":[],"problems":[],"scope":{"containerScope":{"containerScope":{"containerScope":{"containerScope":{"contributions":{},"includedScopes":[]},"contributions":{},"includedScopes":[]},"contributions":{},"includedScopes":[]},"contributions":{},"includedScopes":[{"containerScope":{"containerScope":{"containerScope":{"contributions":{},"includedScopes":[]},"contributions":{},"includedScopes":[]},"contributions":{},"includedScopes":[]},"contributions":{},"includedScopes":[]}]},"contributions":{},"includedScopes":[]},"sourceMap":{"end":{"column":3,"line":62,"offset":1429},"start":{"column":2,"line":60,"offset":1366}}},{"body":{"id":"4eb03d47-6ff2-4ebd-9a80-797753316a71","metadata":[],"problems":[],"scope":{"containerScope":{"containerScope":{"containerScope":{"containerScope":{"containerScope":{"contributions":{},"includedScopes":[]},"contributions":{},"includedScopes":[]},"contributions":{},"includedScopes":[]},"contributions":{},"includedScopes":[{"containerScope":{"containerScope":{"containerScope":{"contributions":{},"includedScopes":[]},"contributions":{},"includedScopes":[]},"contributions":{},"includedScopes":[]},"contributions":{},"includedScopes":[]}]},"contributions":{},"includedScopes":[]},"contributions":{},"includedScopes":[]},"sentences":[{"id":"d44a03ee-27b0-4ace-be64-55020e19abcf","metadata":[],"scope":{"containerScope":{"containerScope":{"containerScope":{"containerScope":{"containerScope":{"containerScope":{"contributions":{},"includedScopes":[]},"contributions":{},"includedScopes":[]},"contributions":{},"includedScopes":[]},"contributions":{},"includedScopes":[{"containerScope":{"containerScope":{"containerScope":{"contributions":{},"includedScopes":[]},"contributions":{},"includedScopes":[]},"contributions":{},"includedScopes":[]},"contributions":{},"includedScopes":[]}]},"contributions":{},"includedScopes":[]},"contributions":{},"includedScopes":[]},"contributions":{},"includedScopes":[]},"sourceMap":{"end":{"column":78,"line":65,"offset":1538},"start":{"column":4,"line":65,"offset":1464}},"value":{"args":[],"id":"8b0eb5a3-bc79-45da-b838-a0acfbc45081","message":"nivelPeligrosidad","metadata":[],"receiver":{"args":[{"id":"8588ea09-e552-4252-b6df-c762996301c2","members":[{"body":{"id":"ba135acf-d4e8-4f07-bd0a-b4162fb05f33","metadata":[],"scope":{"containerScope":{"containerScope":{"containerScope":{"containerScope":{"containerScope":{"containerScope":{"containerScope":{"containerScope":{"containerScope":{"containerScope":{"containerScope":{"contributions":{},"includedScopes":[]},"contributions":{},"includedScopes":[]},"contributions":{},"includedScopes":[]},"contributions":{},"includedScopes":[{"containerScope":{"containerScope":{"containerScope":{"contributions":{},"includedScopes":[]},"contributions":{},"includedScopes":[]},"contributions":{},"includedScopes":[]},"contributions":{},"includedScopes":[]}]},"contributions":{},"includedScopes":[]},"contributions":{},"includedScopes":[]},"contributions":{},"includedScopes":[]},"contributions":{},"includedScopes":[]},"contributions":{},"includedScopes":[]},"contributions":{},"includedScopes":[{"containerScope":{"containerScope":{"containerScope":{"contributions":{},"includedScopes":[]},"contributions":{},"includedScopes":[]},"contributions":{},"includedScopes":[]},"contributions":{},"includedScopes":[{"containerScope":{"containerScope":{"containerScope":{"contributions":{},"includedScopes":[]},"contributions":{},"includedScopes":[]},"contributions":{},"includedScopes":[]},"contributions":{},"includedScopes":[]}]},{"containerScope":{"containerScope":{"containerScope":{"contributions":{},"includedScopes":[]},"contributions":{},"includedScopes":[]},"contributions":{},"includedScopes":[]},"contributions":{},"includedScopes":[]}]},"contributions":{},"includedScopes":[]},"contributions":{},"includedScopes":[]},"sentences":[{"id":"3636610e-639e-4972-bdde-4a38bf6e1fd0","metadata":[],"scope":{"containerScope":{"containerScope":{"containerScope":{"containerScope":{"containerScope":{"containerScope":{"containerScope":{"containerScope":{"containerScope":{"containerScope":{"containerScope":{"containerScope":{"contributions":{},"includedScopes":[]},"contributions":{},"includedScopes":[]},"contributions":{},"includedScopes":[]},"contributions":{},"includedScopes":[{"containerScope":{"containerScope":{"containerScope":{"contributions":{},"includedScopes":[]},"contributions":{},"includedScopes":[]},"contributions":{},"includedScopes":[]},"contributions":{},"includedScopes":[]}]},"contributions":{},"includedScopes":[]},"contributions":{},"includedScopes":[]},"contributions":{},"includedScopes":[]},"contributions":{},"includedScopes":[]},"contributions":{},"includedScopes":[]},"contributions":{},"includedScopes":[{"containerScope":{"containerScope":{"containerScope":{"contributions":{},"includedScopes":[]},"contributions":{},"includedScopes":[]},"contributions":{},"includedScopes":[]},"contributions":{},"includedScopes":[{"containerScope":{"containerScope":{"containerScope":{"contributions":{},"includedScopes":[]},"contributions":{},"includedScopes":[]},"contributions":{},"includedScopes":[]},"contributions":{},"includedScopes":[]}]},{"containerScope":{"containerScope":{"containerScope":{"contributions":{},"includedScopes":[]},"contributions":{},"includedScopes":[]},"contributions":{},"includedScopes":[]},"contributions":{},"includedScopes":[]}]},"contributions":{},"includedScopes":[]},"contributions":{},"includedScopes":[]},"contributions":{},"includedScopes":[]},"value":{"args":[],"id":"74721888-d2a7-42ff-a1a6-37a36ed32d73","message":"nivelPeligrosidad","metadata":[],"receiver":{"id":"00fb4b79-a5f4-4946-8df1-fbe938d4830b","metadata":[],"name":"cosa","scope":{"containerScope":{"containerScope":{"containerScope":{"containerScope":{"containerScope":{"containerScope":{"containerScope":{"containerScope":{"containerScope":{"containerScope":{"containerScope":{"containerScope":{"containerScope":{"containerScope":{"contributions":{},"includedScopes":[]},"contributions":{},"includedScopes":[]},"contributions":{},"includedScopes":[]},"contributions":{},"includedScopes":[{"containerScope":{"containerScope":{"containerScope":{"contributions":{},"includedScopes":[]},"contributions":{},"includedScopes":[]},"contributions":{},"includedScopes":[]},"contributions":{},"includedScopes":[]}]},"contributions":{},"includedScopes":[]},"contributions":{},"includedScopes":[]},"contributions":{},"includedScopes":[]},"contributions":{},"includedScopes":[]},"contributions":{},"includedScopes":[]},"contributions":{},"includedScopes":[{"containerScope":{"containerScope":{"containerScope":{"contributions":{},"includedScopes":[]},"contributions":{},"includedScopes":[]},"contributions":{},"includedScopes":[]},"contributions":{},"includedScopes":[{"containerScope":{"containerScope":{"containerScope":{"contributions":{},"includedScopes":[]},"contributions":{},"includedScopes":[]},"contributions":{},"includedScopes":[]},"contributions":{},"includedScopes":[]}]},{"containerScope":{"containerScope":{"containerScope":{"contributions":{},"includedScopes":[]},"contributions":{},"includedScopes":[]},"contributions":{},"includedScopes":[]},"contributions":{},"includedScopes":[]}]},"contributions":{},"includedScopes":[]},"contributions":{},"includedScopes":[]},"contributions":{},"includedScopes":[]},"contributions":{},"includedScopes":[]},"contributions":{},"includedScopes":[]},"sourceMap":{"end":{"column":35,"line":65,"offset":1495},"start":{"column":31,"line":65,"offset":1491}}},"scope":{"containerScope":{"containerScope":{"containerScope":{"containerScope":{"containerScope":{"containerScope":{"containerScope":{"containerScope":{"containerScope":{"containerScope":{"containerScope":{"containerScope":{"containerScope":{"contributions":{},"includedScopes":[]},"contributions":{},"includedScopes":[]},"contributions":{},"includedScopes":[]},"contributions":{},"includedScopes":[{"containerScope":{"containerScope":{"containerScope":{"contributions":{},"includedScopes":[]},"contributions":{},"includedScopes":[]},"contributions":{},"includedScopes":[]},"contributions":{},"includedScopes":[]}]},"contributions":{},"includedScopes":[]},"contributions":{},"includedScopes":[]},"contributions":{},"includedScopes":[]},"contributions":{},"includedScopes":[]},"contributions":{},"includedScopes":[]},"contributions":{},"includedScopes":[{"containerScope":{"containerScope":{"containerScope":{"contributions":{},"includedScopes":[]},"contributions":{},"includedScopes":[]},"contributions":{},"includedScopes":[]},"contributions":{},"includedScopes":[{"containerScope":{"containerScope":{"containerScope":{"contributions":{},"includedScopes":[]},"contributions":{},"includedScopes":[]},"contributions":{},"includedScopes":[]},"contributions":{},"includedScopes":[]}]},{"containerScope":{"containerScope":{"containerScope":{"contributions":{},"includedScopes":[]},"contributions":{},"includedScopes":[]},"contributions":{},"includedScopes":[]},"contributions":{},"includedScopes":[]}]},"contributions":{},"includedScopes":[]},"contributions":{},"includedScopes":[]},"contributions":{},"includedScopes":[]},"contributions":{},"includedScopes":[]},"sourceMap":{"end":{"column":55,"line":65,"offset":1515},"start":{"column":31,"line":65,"offset":1491}}}}]},"compiled":false,"id":"3e43b83a-f431-45db-a99e-7067e125aa0c","isOverride":false,"metadata":[],"name":"<apply>","parameters":[{"id":"1ee65546-2c8c-428d-bf85-c0171a9545a5","isVarArg":false,"metadata":[],"name":"cosa","scope":{"containerScope":{"containerScope":{"containerScope":{"containerScope":{"containerScope":{"containerScope":{"containerScope":{"containerScope":{"containerScope":{"containerScope":{"containerScope":{"contributions":{},"includedScopes":[]},"contributions":{},"includedScopes":[]},"contributions":{},"includedScopes":[]},"contributions":{},"includedScopes":[{"containerScope":{"containerScope":{"containerScope":{"contributions":{},"includedScopes":[]},"contributions":{},"includedScopes":[]},"contributions":{},"includedScopes":[]},"contributions":{},"includedScopes":[]}]},"contributions":{},"includedScopes":[]},"contributions":{},"includedScopes":[]},"contributions":{},"includedScopes":[]},"contributions":{},"includedScopes":[]},"contributions":{},"includedScopes":[]},"contributions":{},"includedScopes":[{"containerScope":{"containerScope":{"containerScope":{"contributions":{},"includedScopes":[]},"contributions":{},"includedScopes":[]},"contributions":{},"includedScopes":[]},"contributions":{},"includedScopes":[{"containerScope":{"containerScope":{"containerScope":{"contributions":{},"includedScopes":[]},"contributions":{},"includedScopes":[]},"contributions":{},"includedScopes":[]},"contributions":{},"includedScopes":[]}]},{"containerScope":{"containerScope":{"containerScope":{"contributions":{},"includedScopes":[]},"contributions":{},"includedScopes":[]},"contributions":{},"includedScopes":[]},"contributions":{},"includedScopes":[]}]},"contributions":{},"includedScopes":[]},"contributions":{},"includedScopes":[]},"sourceMap":{"end":{"column":27,"line":65,"offset":1487},"start":{"column":23,"line":65,"offset":1483}}}],"scope":{"containerScope":{"containerScope":{"containerScope":{"containerScope":{"containerScope":{"containerScope":{"containerScope":{"containerScope":{"containerScope":{"containerScope":{"contributions":{},"includedScopes":[]},"contributions":{},"includedScopes":[]},"contributions":{},"includedScopes":[]},"contributions":{},"includedScopes":[{"containerScope":{"containerScope":{"containerScope":{"contributions":{},"includedScopes":[]},"contributions":{},"includedScopes":[]},"contributions":{},"includedScopes":[]},"contributions":{},"includedScopes":[]}]},"contributions":{},"includedScopes":[]},"contributions":{},"includedScopes":[]},"contributions":{},"includedScopes":[]},"contributions":{},"includedScopes":[]},"contributions":{},"includedScopes":[]},"contributions":{},"includedScopes":[{"containerScope":{"containerScope":{"containerScope":{"contributions":{},"includedScopes":[]},"contributions":{},"includedScopes":[]},"contributions":{},"includedScopes":[]},"contributions":{},"includedScopes":[{"containerScope":{"containerScope":{"containerScope":{"contributions":{},"includedScopes":[]},"contributions":{},"includedScopes":[]},"contributions":{},"includedScopes":[]},"contributions":{},"includedScopes":[]}]},{"containerScope":{"containerScope":{"containerScope":{"contributions":{},"includedScopes":[]},"contributions":{},"includedScopes":[]},"contributions":{},"includedScopes":[]},"contributions":{},"includedScopes":[]}]},"contributions":{},"includedScopes":[]}},{"id":"be8c6d8a-95d1-4a30-a508-4356b09712e2","isConstant":true,"isProperty":false,"metadata":[],"name":"<toString>","scope":{"containerScope":{"containerScope":{"containerScope":{"containerScope":{"containerScope":{"containerScope":{"containerScope":{"containerScope":{"containerScope":{"containerScope":{"contributions":{},"includedScopes":[]},"contributions":{},"includedScopes":[]},"contributions":{},"includedScopes":[]},"contributions":{},"includedScopes":[{"containerScope":{"containerScope":{"containerScope":{"contributions":{},"includedScopes":[]},"contributions":{},"includedScopes":[]},"contributions":{},"includedScopes":[]},"contributions":{},"includedScopes":[]}]},"contributions":{},"includedScopes":[]},"contributions":{},"includedScopes":[]},"contributions":{},"includedScopes":[]},"contributions":{},"includedScopes":[]},"contributions":{},"includedScopes":[]},"contributions":{},"includedScopes":[{"containerScope":{"containerScope":{"containerScope":{"contributions":{},"includedScopes":[]},"contributions":{},"includedScopes":[]},"contributions":{},"includedScopes":[]},"contributions":{},"includedScopes":[{"containerScope":{"containerScope":{"containerScope":{"contributions":{},"includedScopes":[]},"contributions":{},"includedScopes":[]},"contributions":{},"includedScopes":[]},"contributions":{},"includedScopes":[]}]},{"containerScope":{"containerScope":{"containerScope":{"contributions":{},"includedScopes":[]},"contributions":{},"includedScopes":[]},"contributions":{},"includedScopes":[]},"contributions":{},"includedScopes":[]}]},"contributions":{},"includedScopes":[]},"value":{"id":"94f90a40-5e53-4935-98a2-b1638e326ea5","metadata":[],"scope":{"containerScope":{"containerScope":{"containerScope":{"containerScope":{"containerScope":{"containerScope":{"containerScope":{"containerScope":{"containerScope":{"containerScope":{"containerScope":{"contributions":{},"includedScopes":[]},"contributions":{},"includedScopes":[]},"contributions":{},"includedScopes":[]},"contributions":{},"includedScopes":[{"containerScope":{"containerScope":{"containerScope":{"contributions":{},"includedScopes":[]},"contributions":{},"includedScopes":[]},"contributions":{},"includedScopes":[]},"contributions":{},"includedScopes":[]}]},"contributions":{},"includedScopes":[]},"contributions":{},"includedScopes":[]},"contributions":{},"includedScopes":[]},"contributions":{},"includedScopes":[]},"contributions":{},"includedScopes":[]},"contributions":{},"includedScopes":[{"containerScope":{"containerScope":{"containerScope":{"contributions":{},"includedScopes":[]},"contributions":{},"includedScopes":[]},"contributions":{},"includedScopes":[]},"contributions":{},"includedScopes":[{"containerScope":{"containerScope":{"containerScope":{"contributions":{},"includedScopes":[]},"contributions":{},"includedScopes":[]},"contributions":{},"includedScopes":[]},"contributions":{},"includedScopes":[]}]},{"containerScope":{"containerScope":{"containerScope":{"contributions":{},"includedScopes":[]},"contributions":{},"includedScopes":[]},"contributions":{},"includedScopes":[]},"contributions":{},"includedScopes":[]}]},"contributions":{},"includedScopes":[]},"contributions":{},"includedScopes":[]},"value":"{cosa => cosa.nivelPeligrosidad()}"}}],"metadata":[],"scope":{"containerScope":{"containerScope":{"containerScope":{"containerScope":{"containerScope":{"containerScope":{"containerScope":{"containerScope":{"containerScope":{"contributions":{},"includedScopes":[]},"contributions":{},"includedScopes":[]},"contributions":{},"includedScopes":[]},"contributions":{},"includedScopes":[{"containerScope":{"containerScope":{"containerScope":{"contributions":{},"includedScopes":[]},"contributions":{},"includedScopes":[]},"contributions":{},"includedScopes":[]},"contributions":{},"includedScopes":[]}]},"contributions":{},"includedScopes":[]},"contributions":{},"includedScopes":[]},"contributions":{},"includedScopes":[]},"contributions":{},"includedScopes":[]},"contributions":{},"includedScopes":[]},"contributions":{},"includedScopes":[{"containerScope":{"containerScope":{"containerScope":{"contributions":{},"includedScopes":[]},"contributions":{},"includedScopes":[]},"contributions":{},"includedScopes":[]},"contributions":{},"includedScopes":[{"containerScope":{"containerScope":{"containerScope":{"contributions":{},"includedScopes":[]},"contributions":{},"includedScopes":[]},"contributions":{},"includedScopes":[]},"contributions":{},"includedScopes":[]}]},{"containerScope":{"containerScope":{"containerScope":{"contributions":{},"includedScopes":[]},"contributions":{},"includedScopes":[]},"contributions":{},"includedScopes":[]},"contributions":{},"includedScopes":[]}]},"sourceMap":{"end":{"column":56,"line":65,"offset":1516},"start":{"column":22,"line":65,"offset":1482}},"supertypes":[{"args":[],"id":"f5c03ad5-5101-41e3-b043-1c0611741171","metadata":[],"reference":{"id":"79e6166c-c3ff-43c2-a881-2e276c6a7262","metadata":[],"name":"wollok.lang.Closure","scope":{"containerScope":{"containerScope":{"containerScope":{"containerScope":{"containerScope":{"containerScope":{"containerScope":{"containerScope":{"containerScope":{"containerScope":{"contributions":{},"includedScopes":[]},"contributions":{},"includedScopes":[]},"contributions":{},"includedScopes":[]},"contributions":{},"includedScopes":[{"containerScope":{"containerScope":{"containerScope":{"contributions":{},"includedScopes":[]},"contributions":{},"includedScopes":[]},"contributions":{},"includedScopes":[]},"contributions":{},"includedScopes":[]}]},"contributions":{},"includedScopes":[]},"contributions":{},"includedScopes":[]},"contributions":{},"includedScopes":[]},"contributions":{},"includedScopes":[]},"contributions":{},"includedScopes":[]},"contributions":{},"includedScopes":[{"containerScope":{"containerScope":{"containerScope":{"contributions":{},"includedScopes":[]},"contributions":{},"includedScopes":[]},"contributions":{},"includedScopes":[]},"contributions":{},"includedScopes":[{"containerScope":{"containerScope":{"containerScope":{"contributions":{},"includedScopes":[]},"contributions":{},"includedScopes":[]},"contributions":{},"includedScopes":[]},"contributions":{},"includedScopes":[]}]},{"containerScope":{"containerScope":{"containerScope":{"contributions":{},"includedScopes":[]},"contributions":{},"includedScopes":[]},"contributions":{},"includedScopes":[]},"contributions":{},"includedScopes":[]}]},"contributions":{},"includedScopes":[]}},"scope":{"containerScope":{"containerScope":{"containerScope":{"containerScope":{"containerScope":{"containerScope":{"containerScope":{"containerScope":{"containerScope":{"containerScope":{"contributions":{},"includedScopes":[]},"contributions":{},"includedScopes":[]},"contributions":{},"includedScopes":[]},"contributions":{},"includedScopes":[{"containerScope":{"containerScope":{"containerScope":{"contributions":{},"includedScopes":[]},"contributions":{},"includedScopes":[]},"contributions":{},"includedScopes":[]},"contributions":{},"includedScopes":[]}]},"contributions":{},"includedScopes":[]},"contributions":{},"includedScopes":[]},"contributions":{},"includedScopes":[]},"contributions":{},"includedScopes":[]},"contributions":{},"includedScopes":[]},"contributions":{},"includedScopes":[{"containerScope":{"containerScope":{"containerScope":{"contributions":{},"includedScopes":[]},"contributions":{},"includedScopes":[]},"contributions":{},"includedScopes":[]},"contributions":{},"includedScopes":[{"containerScope":{"containerScope":{"containerScope":{"contributions":{},"includedScopes":[]},"contributions":{},"includedScopes":[]},"contributions":{},"includedScopes":[]},"contributions":{},"includedScopes":[]}]},{"containerScope":{"containerScope":{"containerScope":{"contributions":{},"includedScopes":[]},"contributions":{},"includedScopes":[]},"contributions":{},"includedScopes":[]},"contributions":{},"includedScopes":[]}]},"contributions":{},"includedScopes":[]}}]}],"id":"607c0595-5c1a-429f-ba20-65abb99c9318","message":"max","metadata":[],"receiver":{"id":"25ff1cd8-dcfc-4ede-9af9-deedf8035930","metadata":[],"name":"cosas","scope":{"containerScope":{"containerScope":{"containerScope":{"containerScope":{"containerScope":{"containerScope":{"containerScope":{"containerScope":{"containerScope":{"contributions":{},"includedScopes":[]},"contributions":{},"includedScopes":[]},"contributions":{},"includedScopes":[]},"contributions":{},"includedScopes":[{"containerScope":{"containerScope":{"containerScope":{"contributions":{},"includedScopes":[]},"contributions":{},"includedScopes":[]},"contributions":{},"includedScopes":[]},"contributions":{},"includedScopes":[]}]},"contributions":{},"includedScopes":[]},"contributions":{},"includedScopes":[]},"contributions":{},"includedScopes":[]},"contributions":{},"includedScopes":[]},"contributions":{},"includedScopes":[]},"contributions":{},"includedScopes":[]},"sourceMap":{"end":{"column":17,"line":65,"offset":1477},"start":{"column":12,"line":65,"offset":1472}}},"scope":{"containerScope":{"containerScope":{"containerScope":{"containerScope":{"containerScope":{"containerScope":{"containerScope":{"containerScope":{"contributions":{},"includedScopes":[]},"contributions":{},"includedScopes":[]},"contributions":{},"includedScopes":[]},"contributions":{},"includedScopes":[{"containerScope":{"containerScope":{"containerScope":{"contributions":{},"includedScopes":[]},"contributions":{},"includedScopes":[]},"contributions":{},"includedScopes":[]},"contributions":{},"includedScopes":[]}]},"contributions":{},"includedScopes":[]},"contributions":{},"includedScopes":[]},"contributions":{},"includedScopes":[]},"contributions":{},"includedScopes":[]},"contributions":{},"includedScopes":[]},"sourceMap":{"end":{"column":57,"line":65,"offset":1517},"start":{"column":12,"line":65,"offset":1472}}},"scope":{"containerScope":{"containerScope":{"containerScope":{"containerScope":{"containerScope":{"containerScope":{"containerScope":{"contributions":{},"includedScopes":[]},"contributions":{},"includedScopes":[]},"contributions":{},"includedScopes":[]},"contributions":{},"includedScopes":[{"containerScope":{"containerScope":{"containerScope":{"contributions":{},"includedScopes":[]},"contributions":{},"includedScopes":[]},"contributions":{},"includedScopes":[]},"contributions":{},"includedScopes":[]}]},"contributions":{},"includedScopes":[]},"contributions":{},"includedScopes":[]},"contributions":{},"includedScopes":[]},"contributions":{},"includedScopes":[]},"sourceMap":{"end":{"column":78,"line":65,"offset":1538},"start":{"column":11,"line":65,"offset":1471}}}}],"sourceMap":{"end":{"column":3,"line":66,"offset":1541},"start":{"column":29,"line":64,"offset":1459}}},"compiled":false,"id":"9d02c627-cd5a-4ea5-9069-e54bb63940d8","isOverride":false,"metadata":[],"name":"nivelPeligrosidad","parameters":[],"problems":[],"scope":{"containerScope":{"containerScope":{"containerScope":{"containerScope":{"contributions":{},"includedScopes":[]},"contributions":{},"includedScopes":[]},"contributions":{},"includedScopes":[]},"contributions":{},"includedScopes":[{"containerScope":{"containerScope":{"containerScope":{"contributions":{},"includedScopes":[]},"contributions":{},"includedScopes":[]},"contributions":{},"includedScopes":[]},"contributions":{},"includedScopes":[]}]},"contributions":{},"includedScopes":[]},"sourceMap":{"end":{"column":3,"line":66,"offset":1541},"start":{"column":2,"line":64,"offset":1432}}},{"body":{"id":"752bca45-9d52-4079-903e-5dcdfbe1afce","metadata":[],"problems":[],"scope":{"containerScope":{"containerScope":{"containerScope":{"containerScope":{"containerScope":{"contributions":{},"includedScopes":[]},"contributions":{},"includedScopes":[]},"contributions":{},"includedScopes":[]},"contributions":{},"includedScopes":[{"containerScope":{"containerScope":{"containerScope":{"contributions":{},"includedScopes":[]},"contributions":{},"includedScopes":[]},"contributions":{},"includedScopes":[]},"contributions":{},"includedScopes":[]}]},"contributions":{},"includedScopes":[]},"contributions":{},"includedScopes":[]},"sentences":[{"args":[{"id":"e0440d17-dd50-4921-84d7-67dcf407357b","metadata":[],"name":"cosa","scope":{"containerScope":{"containerScope":{"containerScope":{"containerScope":{"containerScope":{"containerScope":{"containerScope":{"contributions":{},"includedScopes":[]},"contributions":{},"includedScopes":[]},"contributions":{},"includedScopes":[]},"contributions":{},"includedScopes":[{"containerScope":{"containerScope":{"containerScope":{"contributions":{},"includedScopes":[]},"contributions":{},"includedScopes":[]},"contributions":{},"includedScopes":[]},"contributions":{},"includedScopes":[]}]},"contributions":{},"includedScopes":[]},"contributions":{},"includedScopes":[]},"contributions":{},"includedScopes":[]},"contributions":{},"includedScopes":[]},"sourceMap":{"end":{"column":18,"line":68,"offset":1587},"start":{"column":14,"line":68,"offset":1583}}}],"id":"70d535fc-d26b-4bf9-acbf-8588965d78a3","message":"add","metadata":[],"receiver":{"id":"4088d527-9491-43ab-abef-89d2cfb003dc","metadata":[],"name":"cosas","scope":{"containerScope":{"containerScope":{"containerScope":{"containerScope":{"containerScope":{"containerScope":{"containerScope":{"contributions":{},"includedScopes":[]},"contributions":{},"includedScopes":[]},"contributions":{},"includedScopes":[]},"contributions":{},"includedScopes":[{"containerScope":{"containerScope":{"containerScope":{"contributions":{},"includedScopes":[]},"contributions":{},"includedScopes":[]},"contributions":{},"includedScopes":[]},"contributions":{},"includedScopes":[]}]},"contributions":{},"includedScopes":[]},"contributions":{},"includedScopes":[]},"contributions":{},"includedScopes":[]},"contributions":{},"includedScopes":[]},"sourceMap":{"end":{"column":9,"line":68,"offset":1578},"start":{"column":4,"line":68,"offset":1573}}},"scope":{"containerScope":{"containerScope":{"containerScope":{"containerScope":{"containerScope":{"containerScope":{"contributions":{},"includedScopes":[]},"contributions":{},"includedScopes":[]},"contributions":{},"includedScopes":[]},"contributions":{},"includedScopes":[{"containerScope":{"containerScope":{"containerScope":{"contributions":{},"includedScopes":[]},"contributions":{},"includedScopes":[]},"contributions":{},"includedScopes":[]},"contributions":{},"includedScopes":[]}]},"contributions":{},"includedScopes":[]},"contributions":{},"includedScopes":[]},"contributions":{},"includedScopes":[]},"sourceMap":{"end":{"column":19,"line":68,"offset":1588},"start":{"column":4,"line":68,"offset":1573}}}],"sourceMap":{"end":{"column":3,"line":69,"offset":1591},"start":{"column":27,"line":67,"offset":1568}}},"compiled":false,"id":"22ab6dcb-7841-4f64-b60c-e71f29c20227","isOverride":false,"metadata":[],"name":"agregarCosa","parameters":[{"id":"81e93882-930a-4050-b1d8-c1bd6f1fa75e","isVarArg":false,"metadata":[],"name":"cosa","scope":{"containerScope":{"containerScope":{"containerScope":{"containerScope":{"containerScope":{"contributions":{},"includedScopes":[]},"contributions":{},"includedScopes":[]},"contributions":{},"includedScopes":[]},"contributions":{},"includedScopes":[{"containerScope":{"containerScope":{"containerScope":{"contributions":{},"includedScopes":[]},"contributions":{},"includedScopes":[]},"contributions":{},"includedScopes":[]},"contributions":{},"includedScopes":[]}]},"contributions":{},"includedScopes":[]},"contributions":{},"includedScopes":[]},"sourceMap":{"end":{"column":25,"line":67,"offset":1566},"start":{"column":21,"line":67,"offset":1562}}}],"problems":[],"scope":{"containerScope":{"containerScope":{"containerScope":{"containerScope":{"contributions":{},"includedScopes":[]},"contributions":{},"includedScopes":[]},"contributions":{},"includedScopes":[]},"contributions":{},"includedScopes":[{"containerScope":{"containerScope":{"containerScope":{"contributions":{},"includedScopes":[]},"contributions":{},"includedScopes":[]},"contributions":{},"includedScopes":[]},"contributions":{},"includedScopes":[]}]},"contributions":{},"includedScopes":[]},"sourceMap":{"end":{"column":3,"line":69,"offset":1591},"start":{"column":2,"line":67,"offset":1543}}},{"body":{"id":"3eac4cb6-df01-4001-a059-84f8341a7763","metadata":[],"problems":[],"scope":{"containerScope":{"containerScope":{"containerScope":{"containerScope":{"containerScope":{"contributions":{},"includedScopes":[]},"contributions":{},"includedScopes":[]},"contributions":{},"includedScopes":[]},"contributions":{},"includedScopes":[{"containerScope":{"containerScope":{"containerScope":{"contributions":{},"includedScopes":[]},"contributions":{},"includedScopes":[]},"contributions":{},"includedScopes":[]},"contributions":{},"includedScopes":[]}]},"contributions":{},"includedScopes":[]},"contributions":{},"includedScopes":[]},"sentences":[{"id":"a64f0bf7-5605-472a-a71b-7dac419b1ba1","metadata":[],"scope":{"containerScope":{"containerScope":{"containerScope":{"containerScope":{"containerScope":{"containerScope":{"contributions":{},"includedScopes":[]},"contributions":{},"includedScopes":[]},"contributions":{},"includedScopes":[]},"contributions":{},"includedScopes":[{"containerScope":{"containerScope":{"containerScope":{"contributions":{},"includedScopes":[]},"contributions":{},"includedScopes":[]},"contributions":{},"includedScopes":[]},"contributions":{},"includedScopes":[]}]},"contributions":{},"includedScopes":[]},"contributions":{},"includedScopes":[]},"contributions":{},"includedScopes":[]},"value":{"args":[{"id":"12753b5f-4e5e-4c82-928a-3933c2aacfda","metadata":[],"name":"cosas","scope":{"containerScope":{"containerScope":{"containerScope":{"containerScope":{"containerScope":{"containerScope":{"containerScope":{"containerScope":{"contributions":{},"includedScopes":[]},"contributions":{},"includedScopes":[]},"contributions":{},"includedScopes":[]},"contributions":{},"includedScopes":[{"containerScope":{"containerScope":{"containerScope":{"contributions":{},"includedScopes":[]},"contributions":{},"includedScopes":[]},"contributions":{},"includedScopes":[]},"contributions":{},"includedScopes":[]}]},"contributions":{},"includedScopes":[]},"contributions":{},"includedScopes":[]},"contributions":{},"includedScopes":[]},"contributions":{},"includedScopes":[]},"contributions":{},"includedScopes":[]},"sourceMap":{"end":{"column":29,"line":70,"offset":1620},"start":{"column":24,"line":70,"offset":1615}}}],"id":"a839a023-d43d-4508-90a4-5d90dd40fb98","message":"+","metadata":[],"receiver":{"id":"e3b2d26f-c5ef-4671-9f2f-37345b11cfb9","metadata":[],"scope":{"containerScope":{"containerScope":{"containerScope":{"containerScope":{"containerScope":{"containerScope":{"containerScope":{"containerScope":{"contributions":{},"includedScopes":[]},"contributions":{},"includedScopes":[]},"contributions":{},"includedScopes":[]},"contributions":{},"includedScopes":[{"containerScope":{"containerScope":{"containerScope":{"contributions":{},"includedScopes":[]},"contributions":{},"includedScopes":[]},"contributions":{},"includedScopes":[]},"contributions":{},"includedScopes":[]}]},"contributions":{},"includedScopes":[]},"contributions":{},"includedScopes":[]},"contributions":{},"includedScopes":[]},"contributions":{},"includedScopes":[]},"contributions":{},"includedScopes":[]},"sourceMap":{"end":{"column":21,"line":70,"offset":1612},"start":{"column":20,"line":70,"offset":1611}},"value":1},"scope":{"containerScope":{"containerScope":{"containerScope":{"containerScope":{"containerScope":{"containerScope":{"containerScope":{"contributions":{},"includedScopes":[]},"contributions":{},"includedScopes":[]},"contributions":{},"includedScopes":[]},"contributions":{},"includedScopes":[{"containerScope":{"containerScope":{"containerScope":{"contributions":{},"includedScopes":[]},"contributions":{},"includedScopes":[]},"contributions":{},"includedScopes":[]},"contributions":{},"includedScopes":[]}]},"contributions":{},"includedScopes":[]},"contributions":{},"includedScopes":[]},"contributions":{},"includedScopes":[]},"contributions":{},"includedScopes":[]},"sourceMap":{"end":{"column":29,"line":70,"offset":1620},"start":{"column":20,"line":70,"offset":1611}}}}],"sourceMap":{"end":{"column":29,"line":70,"offset":1620},"start":{"column":20,"line":70,"offset":1611}}},"compiled":false,"id":"42d1d83e-2f56-4003-81c6-4cd25c7f4e95","isOverride":false,"metadata":[],"name":"bultos","parameters":[],"problems":[],"scope":{"containerScope":{"containerScope":{"containerScope":{"containerScope":{"contributions":{},"includedScopes":[]},"contributions":{},"includedScopes":[]},"contributions":{},"includedScopes":[]},"contributions":{},"includedScopes":[{"containerScope":{"containerScope":{"containerScope":{"contributions":{},"includedScopes":[]},"contributions":{},"includedScopes":[]},"contributions":{},"includedScopes":[]},"contributions":{},"includedScopes":[]}]},"contributions":{},"includedScopes":[]},"sourceMap":{"end":{"column":29,"line":70,"offset":1620},"start":{"column":2,"line":70,"offset":1593}}},{"body":{"id":"833a7dc5-7174-4eb1-a5b4-9efa56dbf86f","metadata":[],"scope":{"containerScope":{"containerScope":{"containerScope":{"containerScope":{"containerScope":{"contributions":{},"includedScopes":[]},"contributions":{},"includedScopes":[]},"contributions":{},"includedScopes":[]},"contributions":{},"includedScopes":[{"containerScope":{"containerScope":{"containerScope":{"contributions":{},"includedScopes":[]},"contributions":{},"includedScopes":[]},"contributions":{},"includedScopes":[]},"contributions":{},"includedScopes":[]}]},"contributions":{},"includedScopes":[]},"contributions":{},"includedScopes":[]},"sentences":[{"id":"7df796e4-d30b-42a9-9522-94a3538c9abd","metadata":[],"scope":{"containerScope":{"containerScope":{"containerScope":{"containerScope":{"containerScope":{"containerScope":{"contributions":{},"includedScopes":[]},"contributions":{},"includedScopes":[]},"contributions":{},"includedScopes":[]},"contributions":{},"includedScopes":[{"containerScope":{"containerScope":{"containerScope":{"contributions":{},"includedScopes":[]},"contributions":{},"includedScopes":[]},"contributions":{},"includedScopes":[]},"contributions":{},"includedScopes":[]}]},"contributions":{},"includedScopes":[]},"contributions":{},"includedScopes":[]},"contributions":{},"includedScopes":[]},"value":{"id":"a1e06789-5e10-4711-a0e9-589ff77a4d77","metadata":[],"name":"cosas","scope":{"containerScope":{"containerScope":{"containerScope":{"containerScope":{"containerScope":{"containerScope":{"containerScope":{"contributions":{},"includedScopes":[]},"contributions":{},"includedScopes":[]},"contributions":{},"includedScopes":[]},"contributions":{},"includedScopes":[{"containerScope":{"containerScope":{"containerScope":{"contributions":{},"includedScopes":[]},"contributions":{},"includedScopes":[]},"contributions":{},"includedScopes":[]},"contributions":{},"includedScopes":[]}]},"contributions":{},"includedScopes":[]},"contributions":{},"includedScopes":[]},"contributions":{},"includedScopes":[]},"contributions":{},"includedScopes":[]}}}]},"compiled":false,"id":"c222f731-810c-4586-bdd2-0cbfb6560afb","isOverride":false,"metadata":[],"name":"cosas","parameters":[],"scope":{"containerScope":{"containerScope":{"containerScope":{"containerScope":{"contributions":{},"includedScopes":[]},"contributions":{},"includedScopes":[]},"contributions":{},"includedScopes":[]},"contributions":{},"includedScopes":[{"containerScope":{"containerScope":{"containerScope":{"contributions":{},"includedScopes":[]},"contributions":{},"includedScopes":[]},"contributions":{},"includedScopes":[]},"contributions":{},"includedScopes":[]}]},"contributions":{},"includedScopes":[]}},{"body":{"id":"b6ec71ac-adee-488c-861e-b24440b329c2","metadata":[],"scope":{"containerScope":{"containerScope":{"containerScope":{"containerScope":{"containerScope":{"contributions":{},"includedScopes":[]},"contributions":{},"includedScopes":[]},"contributions":{},"includedScopes":[]},"contributions":{},"includedScopes":[{"containerScope":{"containerScope":{"containerScope":{"contributions":{},"includedScopes":[]},"contributions":{},"includedScopes":[]},"contributions":{},"includedScopes":[]},"contributions":{},"includedScopes":[]}]},"contributions":{},"includedScopes":[]},"contributions":{},"includedScopes":[]},"sentences":[{"id":"e38b7753-f335-4397-8fef-1173fb4395d2","metadata":[],"scope":{"containerScope":{"containerScope":{"containerScope":{"containerScope":{"containerScope":{"containerScope":{"contributions":{},"includedScopes":[]},"contributions":{},"includedScopes":[]},"contributions":{},"includedScopes":[]},"contributions":{},"includedScopes":[{"containerScope":{"containerScope":{"containerScope":{"contributions":{},"includedScopes":[]},"contributions":{},"includedScopes":[]},"contributions":{},"includedScopes":[]},"contributions":{},"includedScopes":[]}]},"contributions":{},"includedScopes":[]},"contributions":{},"includedScopes":[]},"contributions":{},"includedScopes":[]},"value":{"id":"480bb224-a1b7-4bec-be33-a305a0016e98","metadata":[],"name":"<value>","scope":{"containerScope":{"containerScope":{"containerScope":{"containerScope":{"containerScope":{"containerScope":{"containerScope":{"contributions":{},"includedScopes":[]},"contributions":{},"includedScopes":[]},"contributions":{},"includedScopes":[]},"contributions":{},"includedScopes":[{"containerScope":{"containerScope":{"containerScope":{"contributions":{},"includedScopes":[]},"contributions":{},"includedScopes":[]},"contributions":{},"includedScopes":[]},"contributions":{},"includedScopes":[]}]},"contributions":{},"includedScopes":[]},"contributions":{},"includedScopes":[]},"contributions":{},"includedScopes":[]},"contributions":{},"includedScopes":[]}},"variable":{"id":"ee5e4a27-f42b-4317-bf2d-06d3cf27f671","metadata":[],"name":"cosas","scope":{"containerScope":{"containerScope":{"containerScope":{"containerScope":{"containerScope":{"containerScope":{"containerScope":{"contributions":{},"includedScopes":[]},"contributions":{},"includedScopes":[]},"contributions":{},"includedScopes":[]},"contributions":{},"includedScopes":[{"containerScope":{"containerScope":{"containerScope":{"contributions":{},"includedScopes":[]},"contributions":{},"includedScopes":[]},"contributions":{},"includedScopes":[]},"contributions":{},"includedScopes":[]}]},"contributions":{},"includedScopes":[]},"contributions":{},"includedScopes":[]},"contributions":{},"includedScopes":[]},"contributions":{},"includedScopes":[]}}}]},"compiled":false,"id":"4a88f67c-cfb8-427e-bb19-2915e13e7ccc","isOverride":false,"metadata":[],"name":"cosas","parameters":[{"id":"6809620e-3fa0-4901-b3c8-264c2a0b23ea","isVarArg":false,"metadata":[],"name":"<value>","scope":{"containerScope":{"containerScope":{"containerScope":{"containerScope":{"containerScope":{"contributions":{},"includedScopes":[]},"contributions":{},"includedScopes":[]},"contributions":{},"includedScopes":[]},"contributions":{},"includedScopes":[{"containerScope":{"containerScope":{"containerScope":{"contributions":{},"includedScopes":[]},"contributions":{},"includedScopes":[]},"contributions":{},"includedScopes":[]},"contributions":{},"includedScopes":[]}]},"contributions":{},"includedScopes":[]},"contributions":{},"includedScopes":[]}}],"scope":{"containerScope":{"containerScope":{"containerScope":{"containerScope":{"contributions":{},"includedScopes":[]},"contributions":{},"includedScopes":[]},"contributions":{},"includedScopes":[]},"contributions":{},"includedScopes":[{"containerScope":{"containerScope":{"containerScope":{"contributions":{},"includedScopes":[]},"contributions":{},"includedScopes":[]},"contributions":{},"includedScopes":[]},"contributions":{},"includedScopes":[]}]},"contributions":{},"includedScopes":[]}}],"metadata":[],"name":"contenedorPortuario","problems":[{"code":"malformedMember","sourceMap":{"end":{"column":0,"line":71,"offset":1654},"start":{"column":29,"line":70,"offset":1620}}}],"scope":{"containerScope":{"containerScope":{"containerScope":{"contributions":{},"includedScopes":[]},"contributions":{},"includedScopes":[]},"contributions":{},"includedScopes":[]},"contributions":{},"includedScopes":[{"containerScope":{"containerScope":{"containerScope":{"contributions":{},"includedScopes":[]},"contributions":{},"includedScopes":[]},"contributions":{},"includedScopes":[]},"contributions":{},"includedScopes":[]}]},"sourceMap":{"end":{"column":2,"line":71,"offset":1656},"start":{"column":1,"line":58,"offset":1312}},"supertypes":[]},"stack":"Error: Failed to print, found malformed node\n    at /home/ramiro/.vscode/extensions/uqbar.wollok-lsp-ide-0.5.5/out/server/src/server.js:68:3585\n    at Ybn (/home/ramiro/.vscode/extensions/uqbar.wollok-lsp-ide-0.5.5/out/server/src/server.js:68:3396)\n    at /home/ramiro/.vscode/extensions/uqbar.wollok-lsp-ide-0.5.5/out/server/src/server.js:2430:847\n    at /home/ramiro/.vscode/extensions/uqbar.wollok-lsp-ide-0.5.5/out/server/src/server.js:2430:8440\n    at /home/ramiro/.vscode/extensions/uqbar.wollok-lsp-ide-0.5.5/out/server/src/server.js:37:74770\n    at Ke (/home/ramiro/.vscode/extensions/uqbar.wollok-lsp-ide-0.5.5/out/server/src/server.js:7:8527)\n    at It (/home/ramiro/.vscode/extensions/uqbar.wollok-lsp-ide-0.5.5/out/server/src/server.js:7:6189)\n    at et (/home/ramiro/.vscode/extensions/uqbar.wollok-lsp-ide-0.5.5/out/server/src/server.js:7:6378)\n    at Immediate._onImmediate (/home/ramiro/.vscode/extensions/uqbar.wollok-lsp-ide-0.5.5/out/server/src/server.js:7:6142)\n    at process.processImmediate (node:internal/timers:504:21)","timestamp":"2026-09-17T03:02:45.621Z"}
{"level":"info","message":"⌛ Building environment","timeElapsed":207,"timestamp":"2026-09-17T03:02:46.370Z"}
{"level":"info","message":"⌛ Validating src/cosas.wlk","timeElapsed":169,"timestamp":"2026-09-17T03:02:46.548Z"}
{"level":"info","message":"⌛ Building environment","timeElapsed":150,"timestamp":"2026-09-17T03:02:46.701Z"}
{"level":"info","message":"⌛ Building environment","timeElapsed":227,"timestamp":"2026-09-17T03:02:46.930Z"}
{"level":"info","message":"⌛ Validating src/cosas.wlk","timeElapsed":170,"timestamp":"2026-09-17T03:02:47.106Z"}
{"level":"info","message":"⌛ Building environment","timeElapsed":151,"timestamp":"2026-09-17T03:02:47.257Z"}
{"level":"info","message":"⌛ Validating src/cosas.wlk","timeElapsed":162,"timestamp":"2026-09-17T03:02:47.420Z"}
{"level":"info","message":"⌛ Building environment","timeElapsed":148,"timestamp":"2026-09-17T03:02:47.568Z"}
{"level":"info","message":"⌛ Validating src/cosas.wlk","timeElapsed":168,"timestamp":"2026-09-17T03:02:47.741Z"}
{"level":"info","message":"⌛ Validating src/cosas.wlk","timeElapsed":157,"timestamp":"2026-09-17T03:02:47.956Z"}
{"level":"info","message":"⌛ Building environment","timeElapsed":343,"timestamp":"2026-09-17T03:02:48.749Z"}
{"level":"info","message":"⌛ Validating src/cosas.wlk","timeElapsed":160,"timestamp":"2026-09-17T03:02:48.934Z"}
{"level":"info","message":"⌛ Building environment","timeElapsed":270,"timestamp":"2026-09-17T03:03:04.595Z"}
{"level":"info","message":"⌛ Validating src/cosas.wlk","timeElapsed":152,"timestamp":"2026-09-17T03:03:04.752Z"}
{"level":"info","message":"⌛ Building environment","timeElapsed":233,"timestamp":"2026-09-17T03:03:06.290Z"}
{"level":"info","message":"⌛ Validating src/cosas.wlk","timeElapsed":207,"timestamp":"2026-09-17T03:03:06.500Z"}
{"level":"info","message":"⌛ Building environment","timeElapsed":225,"timestamp":"2026-09-17T03:03:23.501Z"}
{"level":"info","message":"⌛ Validating src/cosas.wlk","timeElapsed":197,"timestamp":"2026-09-17T03:03:23.701Z"}
{"level":"info","message":"⌛ Building environment","timeElapsed":189,"timestamp":"2026-09-17T03:03:26.221Z"}
{"level":"info","message":"⌛ Validating src/cosas.wlk","timeElapsed":207,"timestamp":"2026-09-17T03:03:26.432Z"}
{"level":"info","message":"⌛ Building environment","timeElapsed":239,"timestamp":"2026-09-17T03:03:56.222Z"}
{"level":"info","message":"⌛ Validating src/camion.wlk","timeElapsed":166,"timestamp":"2026-09-17T03:03:56.391Z"}
{"level":"info","message":"⌛ Building environment","timeElapsed":199,"timestamp":"2026-09-17T03:04:06.016Z"}
{"level":"info","message":"⌛ Validating src/camion.wlk","timeElapsed":179,"timestamp":"2026-09-17T03:04:06.207Z"}
{"level":"info","message":"⌛ Building environment","timeElapsed":254,"timestamp":"2026-09-17T03:04:08.016Z"}
{"level":"info","message":"⌛ Validating src/camion.wlk","timeElapsed":160,"timestamp":"2026-09-17T03:04:08.198Z"}
{"level":"info","message":"⌛ Building environment","timeElapsed":142,"timestamp":"2026-09-17T03:04:58.100Z"}
{"level":"info","message":"⌛ Validating src/test4.wtest","timeElapsed":163,"timestamp":"2026-09-17T03:04:58.342Z"}
{"level":"error","message":"✘ Failed to rebuild document Failed to parse src/test4.wtest: \n-- PARSING FAILED --------------------------------------------------\n\n  145 | ---\n  146 | \n> 147 | ### 3. Pruebas Automatizadas (`camionNuevosMensajes.wtest`)\n      |                                                          ^\n  148 | \n  149 | Creamos un archivo `.wtest` para validar de forma automatizada cada uno de los cuatro mensajes requeridos:\n\nExpected one of the following: \n\nstring literal, whitespace\n","stack":"Error: Failed to parse src/test4.wtest: \n-- PARSING FAILED --------------------------------------------------\n\n  145 | ---\n  146 | \n> 147 | ### 3. Pruebas Automatizadas (`camionNuevosMensajes.wtest`)\n      |                                                          ^\n  148 | \n  149 | Creamos un archivo `.wtest` para validar de forma automatizada cada uno de los cuatro mensajes requeridos:\n\nExpected one of the following: \n\nstring literal, whitespace\n\n    at /home/ramiro/.vscode/extensions/uqbar.wollok-lsp-ide-0.5.5/out/server/src/server.js:2385:13026\n    at Array.map (<anonymous>)\n    at z1n (/home/ramiro/.vscode/extensions/uqbar.wollok-lsp-ide-0.5.5/out/server/src/server.js:2385:12950)\n    at H2.buildEnvironmentFrom (/home/ramiro/.vscode/extensions/uqbar.wollok-lsp-ide-0.5.5/out/server/src/server.js:2430:5254)\n    at H2.updateEnvironmentWith (/home/ramiro/.vscode/extensions/uqbar.wollok-lsp-ide-0.5.5/out/server/src/server.js:2430:4989)\n    at QF (/home/ramiro/.vscode/extensions/uqbar.wollok-lsp-ide-0.5.5/out/server/src/server.js:2430:7383)\n    at V3.invoke (/home/ramiro/.vscode/extensions/uqbar.wollok-lsp-ide-0.5.5/out/server/src/server.js:3:157330)\n    at o.fire (/home/ramiro/.vscode/extensions/uqbar.wollok-lsp-ide-0.5.5/out/server/src/server.js:3:158100)\n    at /home/ramiro/.vscode/extensions/uqbar.wollok-lsp-ide-0.5.5/out/server/src/server.js:37:57871\n    at nd (/home/ramiro/.vscode/extensions/uqbar.wollok-lsp-ide-0.5.5/out/server/src/server.js:8:1561)","timestamp":"2026-09-17T03:05:01.659Z"}
{"level":"error","message":"✘ Failed to rebuild document Failed to parse src/test4.wtest: \n-- PARSING FAILED --------------------------------------------------\n\n  145 | ---\n  146 | \n> 147 | ### 3. Pruebas Automatizadas (`camionNuevosMensajes.wtest`)\n      |                                                          ^\n  148 | \n  149 | Creamos un archivo `.wtest` para validar de forma automatizada cada uno de los cuatro mensajes requeridos:\n\nExpected one of the following: \n\nstring literal, whitespace\n","stack":"Error: Failed to parse src/test4.wtest: \n-- PARSING FAILED --------------------------------------------------\n\n  145 | ---\n  146 | \n> 147 | ### 3. Pruebas Automatizadas (`camionNuevosMensajes.wtest`)\n      |                                                          ^\n  148 | \n  149 | Creamos un archivo `.wtest` para validar de forma automatizada cada uno de los cuatro mensajes requeridos:\n\nExpected one of the following: \n\nstring literal, whitespace\n\n    at /home/ramiro/.vscode/extensions/uqbar.wollok-lsp-ide-0.5.5/out/server/src/server.js:2385:13026\n    at Array.map (<anonymous>)\n    at z1n (/home/ramiro/.vscode/extensions/uqbar.wollok-lsp-ide-0.5.5/out/server/src/server.js:2385:12950)\n    at H2.buildEnvironmentFrom (/home/ramiro/.vscode/extensions/uqbar.wollok-lsp-ide-0.5.5/out/server/src/server.js:2430:5254)\n    at H2.updateEnvironmentWith (/home/ramiro/.vscode/extensions/uqbar.wollok-lsp-ide-0.5.5/out/server/src/server.js:2430:4989)\n    at QF (/home/ramiro/.vscode/extensions/uqbar.wollok-lsp-ide-0.5.5/out/server/src/server.js:2430:7383)\n    at V3.invoke (/home/ramiro/.vscode/extensions/uqbar.wollok-lsp-ide-0.5.5/out/server/src/server.js:3:157330)\n    at o.fire (/home/ramiro/.vscode/extensions/uqbar.wollok-lsp-ide-0.5.5/out/server/src/server.js:3:158100)\n    at /home/ramiro/.vscode/extensions/uqbar.wollok-lsp-ide-0.5.5/out/server/src/server.js:37:57871\n    at nd (/home/ramiro/.vscode/extensions/uqbar.wollok-lsp-ide-0.5.5/out/server/src/server.js:8:1561)","timestamp":"2026-09-17T03:05:10.194Z"}
{"level":"error","message":"✘ Failed to rebuild document Failed to parse src/test4.wtest: \n-- PARSING FAILED --------------------------------------------------\n\n  145 | ---\n  146 | \n> 147 | ### 3. Pruebas Automatizadas (`camionNuevosMensajes.wtest`)\n      |                                                          ^\n  148 | \n  149 | Creamos un archivo `.wtest` para validar de forma automatizada cada uno de los cuatro mensajes requeridos:\n\nExpected one of the following: \n\nstring literal, whitespace\n","stack":"Error: Failed to parse src/test4.wtest: \n-- PARSING FAILED --------------------------------------------------\n\n  145 | ---\n  146 | \n> 147 | ### 3. Pruebas Automatizadas (`camionNuevosMensajes.wtest`)\n      |                                                          ^\n  148 | \n  149 | Creamos un archivo `.wtest` para validar de forma automatizada cada uno de los cuatro mensajes requeridos:\n\nExpected one of the following: \n\nstring literal, whitespace\n\n    at /home/ramiro/.vscode/extensions/uqbar.wollok-lsp-ide-0.5.5/out/server/src/server.js:2385:13026\n    at Array.map (<anonymous>)\n    at z1n (/home/ramiro/.vscode/extensions/uqbar.wollok-lsp-ide-0.5.5/out/server/src/server.js:2385:12950)\n    at H2.buildEnvironmentFrom (/home/ramiro/.vscode/extensions/uqbar.wollok-lsp-ide-0.5.5/out/server/src/server.js:2430:5254)\n    at H2.updateEnvironmentWith (/home/ramiro/.vscode/extensions/uqbar.wollok-lsp-ide-0.5.5/out/server/src/server.js:2430:4989)\n    at QF (/home/ramiro/.vscode/extensions/uqbar.wollok-lsp-ide-0.5.5/out/server/src/server.js:2430:7383)\n    at V3.invoke (/home/ramiro/.vscode/extensions/uqbar.wollok-lsp-ide-0.5.5/out/server/src/server.js:3:157330)\n    at o.fire (/home/ramiro/.vscode/extensions/uqbar.wollok-lsp-ide-0.5.5/out/server/src/server.js:3:158100)\n    at /home/ramiro/.vscode/extensions/uqbar.wollok-lsp-ide-0.5.5/out/server/src/server.js:37:57871\n    at nd (/home/ramiro/.vscode/extensions/uqbar.wollok-lsp-ide-0.5.5/out/server/src/server.js:8:1561)","timestamp":"2026-09-17T03:05:10.955Z"}
{"level":"error","message":"✘ Failed to rebuild document Failed to parse src/test4.wtest: \n-- PARSING FAILED --------------------------------------------------\n\n  145 | ---\n  146 | \n> 147 | ### 3. Pruebas Automatizadas (`camionNuevosMensajes.wtest`)\n      |                                                          ^\n  148 | \n  149 | Creamos un archivo `.wtest` para validar de forma automatizada cada uno de los cuatro mensajes requeridos:\n\nExpected one of the following: \n\nstring literal, whitespace\n","stack":"Error: Failed to parse src/test4.wtest: \n-- PARSING FAILED --------------------------------------------------\n\n  145 | ---\n  146 | \n> 147 | ### 3. Pruebas Automatizadas (`camionNuevosMensajes.wtest`)\n      |                                                          ^\n  148 | \n  149 | Creamos un archivo `.wtest` para validar de forma automatizada cada uno de los cuatro mensajes requeridos:\n\nExpected one of the following: \n\nstring literal, whitespace\n\n    at /home/ramiro/.vscode/extensions/uqbar.wollok-lsp-ide-0.5.5/out/server/src/server.js:2385:13026\n    at Array.map (<anonymous>)\n    at z1n (/home/ramiro/.vscode/extensions/uqbar.wollok-lsp-ide-0.5.5/out/server/src/server.js:2385:12950)\n    at H2.buildEnvironmentFrom (/home/ramiro/.vscode/extensions/uqbar.wollok-lsp-ide-0.5.5/out/server/src/server.js:2430:5254)\n    at H2.updateEnvironmentWith (/home/ramiro/.vscode/extensions/uqbar.wollok-lsp-ide-0.5.5/out/server/src/server.js:2430:4989)\n    at QF (/home/ramiro/.vscode/extensions/uqbar.wollok-lsp-ide-0.5.5/out/server/src/server.js:2430:7383)\n    at V3.invoke (/home/ramiro/.vscode/extensions/uqbar.wollok-lsp-ide-0.5.5/out/server/src/server.js:3:157330)\n    at o.fire (/home/ramiro/.vscode/extensions/uqbar.wollok-lsp-ide-0.5.5/out/server/src/server.js:3:158100)\n    at /home/ramiro/.vscode/extensions/uqbar.wollok-lsp-ide-0.5.5/out/server/src/server.js:37:57871\n    at nd (/home/ramiro/.vscode/extensions/uqbar.wollok-lsp-ide-0.5.5/out/server/src/server.js:8:1561)","timestamp":"2026-09-17T03:05:12.990Z"}
{"level":"info","message":"⌛ Building environment","timeElapsed":326,"timestamp":"2026-09-17T03:05:21.512Z"}
{"level":"info","message":"⌛ Validating src/test4.wtest","timeElapsed":311,"timestamp":"2026-09-17T03:05:21.938Z"}
{"level":"info","message":"🧪 Test runner executed on /home/ramiro/Proyectos/camiones","result":{"errored":1,"failed":0,"ok":4},"testsFailed":[{"error":["wollok.lang.MessageNotUnderstoodException: paqueteDeLadrillos does not understand cantidadLadrillos(arg 0)","  at src.test4.\"Pruebas de las nuevas funcionalidades del Camión\".\"totalBultos calcula la suma correcta de bultos\" [src/test4.wtest:30]"],"test":"src.test4.\"Pruebas de las nuevas funcionalidades del Camión\".\"totalBultos calcula la suma correcta de bultos\""}],"timeElapsed":1017,"timestamp":"2026-09-17T03:05:26.665Z"}
{"level":"info","message":"⌛ Building environment","timeElapsed":277,"timestamp":"2026-09-17T03:05:36.215Z"}
{"level":"info","message":"⌛ Validating src/test4.wtest","timeElapsed":152,"timestamp":"2026-09-17T03:05:36.376Z"}
{"level":"info","message":"⌛ Building environment","timeElapsed":231,"timestamp":"2026-09-17T03:05:56.087Z"}
{"level":"info","message":"⌛ Validating src/test4.wtest","timeElapsed":201,"timestamp":"2026-09-17T03:05:56.294Z"}
{"level":"info","message":"⌛ Building environment","timeElapsed":137,"timestamp":"2026-09-17T03:05:56.438Z"}
{"level":"info","message":"⌛ Validating src/test4.wtest","timeElapsed":152,"timestamp":"2026-09-17T03:05:56.593Z"}
{"level":"error","message":"✘ Failed to rebuild document Failed to parse src/test4.wtest: \n-- PARSING FAILED --------------------------------------------------\n\n  36 | \n  37 |   }\n> 38 | }\n     | ^\n\nExpected one of the following: \n\n' ', '@', 'class', 'const', 'describe', 'mixin', 'object', 'only', 'package', 'program', 'test', 'var', '{', EOF, comment, not \"}\", whitespace\n","stack":"Error: Failed to parse src/test4.wtest: \n-- PARSING FAILED --------------------------------------------------\n\n  36 | \n  37 |   }\n> 38 | }\n     | ^\n\nExpected one of the following: \n\n' ', '@', 'class', 'const', 'describe', 'mixin', 'object', 'only', 'package', 'program', 'test', 'var', '{', EOF, comment, not \"}\", whitespace\n\n    at /home/ramiro/.vscode/extensions/uqbar.wollok-lsp-ide-0.5.5/out/server/src/server.js:2385:13026\n    at Array.map (<anonymous>)\n    at z1n (/home/ramiro/.vscode/extensions/uqbar.wollok-lsp-ide-0.5.5/out/server/src/server.js:2385:12950)\n    at H2.buildEnvironmentFrom (/home/ramiro/.vscode/extensions/uqbar.wollok-lsp-ide-0.5.5/out/server/src/server.js:2430:5254)\n    at H2.updateEnvironmentWith (/home/ramiro/.vscode/extensions/uqbar.wollok-lsp-ide-0.5.5/out/server/src/server.js:2430:4989)\n    at QF (/home/ramiro/.vscode/extensions/uqbar.wollok-lsp-ide-0.5.5/out/server/src/server.js:2430:7383)\n    at V3.invoke (/home/ramiro/.vscode/extensions/uqbar.wollok-lsp-ide-0.5.5/out/server/src/server.js:3:157330)\n    at o.fire (/home/ramiro/.vscode/extensions/uqbar.wollok-lsp-ide-0.5.5/out/server/src/server.js:3:158100)\n    at /home/ramiro/.vscode/extensions/uqbar.wollok-lsp-ide-0.5.5/out/server/src/server.js:37:57871\n    at nd (/home/ramiro/.vscode/extensions/uqbar.wollok-lsp-ide-0.5.5/out/server/src/server.js:8:1561)","timestamp":"2026-09-17T03:06:22.853Z"}
{"level":"info","message":"⌛ Building environment","timeElapsed":224,"timestamp":"2026-09-17T03:06:26.868Z"}
{"level":"info","message":"⌛ Validating src/test4.wtest","timeElapsed":222,"timestamp":"2026-09-17T03:06:27.098Z"}
{"level":"info","message":"⌛ Building environment","timeElapsed":339,"timestamp":"2026-09-17T03:06:34.220Z"}
{"level":"info","message":"⌛ Validating src/test4.wtest","timeElapsed":161,"timestamp":"2026-09-17T03:06:34.393Z"}
{"level":"info","message":"🧪 Test runner executed on /home/ramiro/Proyectos/camiones","result":{"errored":0,"failed":0,"ok":4},"testsFailed":[],"timeElapsed":914,"timestamp":"2026-09-17T03:06:44.035Z"}
{"level":"info","message":"⌛ Building environment","timeElapsed":235,"timestamp":"2026-09-17T03:06:47.514Z"}
{"level":"info","message":"⌛ Validating src/test4.wtest","timeElapsed":201,"timestamp":"2026-09-17T03:06:47.718Z"}
{"level":"info","message":"⌛ Building environment","timeElapsed":268,"timestamp":"2026-09-17T03:06:50.900Z"}
{"level":"info","message":"⌛ Validating src/test4.wtest","timeElapsed":175,"timestamp":"2026-09-17T03:06:51.085Z"}
{"level":"info","message":"⌛ Building environment","timeElapsed":236,"timestamp":"2026-09-17T03:06:56.660Z"}
{"level":"info","message":"⌛ Validating src/test4.wtest","timeElapsed":314,"timestamp":"2026-09-17T03:06:56.980Z"}
{"level":"info","message":"⌛ Building environment","timeElapsed":255,"timestamp":"2026-09-17T03:07:50.820Z"}
{"level":"info","message":"⌛ Validating src/camion.wlk","timeElapsed":201,"timestamp":"2026-09-17T03:07:51.026Z"}
{"level":"info","message":"⌛ Building environment","timeElapsed":232,"timestamp":"2026-09-17T03:08:01.272Z"}
{"level":"info","message":"⌛ Building environment","timeElapsed":136,"timestamp":"2026-09-17T03:08:01.464Z"}
{"level":"info","message":"⌛ Building environment","timeElapsed":206,"timestamp":"2026-09-17T03:08:01.670Z"}
{"level":"info","message":"⌛ Validating src/camion.wlk","timeElapsed":172,"timestamp":"2026-09-17T03:08:01.843Z"}
{"level":"info","message":"⌛ Validating src/camion.wlk","timeElapsed":142,"timestamp":"2026-09-17T03:08:01.986Z"}
{"level":"info","message":"⌛ Validating src/camion.wlk","timeElapsed":171,"timestamp":"2026-09-17T03:08:02.174Z"}
{"level":"info","message":"⌛ Building environment","timeElapsed":112,"timestamp":"2026-09-17T03:08:02.287Z"}
{"level":"info","message":"⌛ Validating src/camion.wlk","timeElapsed":178,"timestamp":"2026-09-17T03:08:02.541Z"}
{"level":"info","message":"⌛ Building environment","timeElapsed":226,"timestamp":"2026-09-17T03:08:03.028Z"}
{"level":"info","message":"⌛ Validating src/camion.wlk","timeElapsed":199,"timestamp":"2026-09-17T03:08:03.273Z"}
{"level":"info","message":"⌛ Building environment","timeElapsed":273,"timestamp":"2026-09-17T03:08:07.346Z"}
{"level":"info","message":"⌛ Building environment","timeElapsed":220,"timestamp":"2026-09-17T03:08:07.567Z"}
{"level":"info","message":"⌛ Building environment","timeElapsed":196,"timestamp":"2026-09-17T03:08:07.764Z"}
{"level":"info","message":"⌛ Validating src/camion.wlk","timeElapsed":168,"timestamp":"2026-09-17T03:08:07.933Z"}
{"level":"info","message":"⌛ Building environment","timeElapsed":214,"timestamp":"2026-09-17T03:08:08.148Z"}
{"level":"info","message":"⌛ Building environment","timeElapsed":120,"timestamp":"2026-09-17T03:08:08.324Z"}
{"level":"info","message":"⌛ Validating src/camion.wlk","timeElapsed":189,"timestamp":"2026-09-17T03:08:08.526Z"}
{"level":"info","message":"⌛ Building environment","timeElapsed":147,"timestamp":"2026-09-17T03:08:08.674Z"}
{"level":"info","message":"⌛ Validating src/camion.wlk","timeElapsed":161,"timestamp":"2026-09-17T03:08:08.836Z"}
{"level":"info","message":"⌛ Building environment","timeElapsed":123,"timestamp":"2026-09-17T03:08:08.964Z"}
{"level":"info","message":"⌛ Building environment","timeElapsed":140,"timestamp":"2026-09-17T03:08:09.198Z"}
{"level":"info","message":"⌛ Validating src/camion.wlk","timeElapsed":171,"timestamp":"2026-09-17T03:08:09.377Z"}
{"level":"info","message":"⌛ Validating src/camion.wlk","timeElapsed":143,"timestamp":"2026-09-17T03:08:09.520Z"}
{"level":"info","message":"⌛ Building environment","timeElapsed":133,"timestamp":"2026-09-17T03:08:09.654Z"}
{"level":"info","message":"⌛ Validating src/camion.wlk","timeElapsed":143,"timestamp":"2026-09-17T03:08:09.839Z"}
{"level":"info","message":"⌛ Validating src/camion.wlk","timeElapsed":135,"timestamp":"2026-09-17T03:08:09.983Z"}
{"level":"info","message":"⌛ Validating src/camion.wlk","timeElapsed":134,"timestamp":"2026-09-17T03:08:10.123Z"}
{"level":"info","message":"⌛ Building environment","timeElapsed":181,"timestamp":"2026-09-17T03:08:10.305Z"}
{"level":"info","message":"⌛ Validating src/camion.wlk","timeElapsed":186,"timestamp":"2026-09-17T03:08:10.496Z"}
{"level":"info","message":"⌛ Validating src/camion.wlk","timeElapsed":166,"timestamp":"2026-09-17T03:08:10.670Z"}
{"level":"info","message":"⌛ Building environment","timeElapsed":239,"timestamp":"2026-09-17T03:08:16.726Z"}
{"level":"error","message":"✘ Completions for node Send ([60:3, 60:20] - src/camion.wlk) failed: Error: [Send]{c6cf5a} at src/camion.wlk:60 exhausted all cases without a match [Send]{c6cf5a} at src/camion.wlk:60 exhausted all cases without a match","stack":"Error: [Send]{c6cf5a} at src/camion.wlk:60 exhausted all cases without a match\n    at /home/ramiro/.vscode/extensions/uqbar.wollok-lsp-ide-0.5.5/out/server/src/server.js:38:6142\n    at L2 (/home/ramiro/.vscode/extensions/uqbar.wollok-lsp-ide-0.5.5/out/server/src/server.js:2421:42)\n    at Jh (/home/ramiro/.vscode/extensions/uqbar.wollok-lsp-ide-0.5.5/out/server/src/server.js:2421:1092)\n    at w5n (/home/ramiro/.vscode/extensions/uqbar.wollok-lsp-ide-0.5.5/out/server/src/server.js:2421:1248)\n    at /home/ramiro/.vscode/extensions/uqbar.wollok-lsp-ide-0.5.5/out/server/src/server.js:38:6131\n    at L2 (/home/ramiro/.vscode/extensions/uqbar.wollok-lsp-ide-0.5.5/out/server/src/server.js:2421:42)\n    at /home/ramiro/.vscode/extensions/uqbar.wollok-lsp-ide-0.5.5/out/server/src/server.js:2421:2988\n    at /home/ramiro/.vscode/extensions/uqbar.wollok-lsp-ide-0.5.5/out/server/src/server.js:2430:8440\n    at /home/ramiro/.vscode/extensions/uqbar.wollok-lsp-ide-0.5.5/out/server/src/server.js:37:74872\n    at Ke (/home/ramiro/.vscode/extensions/uqbar.wollok-lsp-ide-0.5.5/out/server/src/server.js:7:8527)","timestamp":"2026-09-17T03:08:16.768Z"}
{"level":"info","message":"⌛ Building environment","timeElapsed":163,"timestamp":"2026-09-17T03:08:16.935Z"}
{"level":"info","message":"⌛ Building environment","timeElapsed":119,"timestamp":"2026-09-17T03:08:17.066Z"}
{"level":"info","message":"⌛ Validating src/camion.wlk","timeElapsed":144,"timestamp":"2026-09-17T03:08:17.211Z"}
{"level":"info","message":"⌛ Validating src/camion.wlk","timeElapsed":152,"timestamp":"2026-09-17T03:08:17.442Z"}
{"level":"info","message":"⌛ Validating src/camion.wlk","timeElapsed":148,"timestamp":"2026-09-17T03:08:17.591Z"}
{"level":"info","message":"⌛ Building environment","timeElapsed":217,"timestamp":"2026-09-17T03:08:18.655Z"}
{"level":"info","message":"⌛ Validating src/camion.wlk","timeElapsed":166,"timestamp":"2026-09-17T03:08:18.833Z"}
{"level":"info","message":"⌛ Building environment","timeElapsed":200,"timestamp":"2026-09-17T03:08:20.946Z"}
{"level":"info","message":"⌛ Building environment","timeElapsed":161,"timestamp":"2026-09-17T03:08:21.107Z"}
{"level":"info","message":"⌛ Validating src/camion.wlk","timeElapsed":144,"timestamp":"2026-09-17T03:08:21.251Z"}
{"level":"info","message":"⌛ Validating src/camion.wlk","timeElapsed":193,"timestamp":"2026-09-17T03:08:21.446Z"}
{"level":"info","message":"⌛ Building environment","timeElapsed":140,"timestamp":"2026-09-17T03:08:21.586Z"}
{"level":"info","message":"⌛ Validating src/camion.wlk","timeElapsed":188,"timestamp":"2026-09-17T03:08:21.781Z"}
{"level":"info","message":"⌛ Building environment","timeElapsed":138,"timestamp":"2026-09-17T03:08:21.926Z"}
{"level":"info","message":"⌛ Validating src/camion.wlk","timeElapsed":163,"timestamp":"2026-09-17T03:08:22.093Z"}
{"level":"info","message":"⌛ Building environment","timeElapsed":228,"timestamp":"2026-09-17T03:08:27.472Z"}
{"level":"info","message":"⌛ Validating src/cosas.wlk","timeElapsed":168,"timestamp":"2026-09-17T03:08:27.642Z"}
{"level":"info","message":"⌛ Building environment","timeElapsed":308,"timestamp":"2026-09-17T03:08:29.255Z"}
{"level":"info","message":"⌛ Building environment","timeElapsed":180,"timestamp":"2026-09-17T03:08:29.473Z"}
{"level":"info","message":"⌛ Validating src/cosas.wlk","timeElapsed":176,"timestamp":"2026-09-17T03:08:29.649Z"}
{"level":"info","message":"⌛ Building environment","timeElapsed":155,"timestamp":"2026-09-17T03:08:29.819Z"}
{"level":"info","message":"⌛ Validating src/cosas.wlk","timeElapsed":147,"timestamp":"2026-09-17T03:08:29.967Z"}
{"level":"info","message":"⌛ Building environment","timeElapsed":202,"timestamp":"2026-09-17T03:08:30.170Z"}
{"level":"info","message":"⌛ Building environment","timeElapsed":128,"timestamp":"2026-09-17T03:08:30.299Z"}
{"level":"info","message":"⌛ Validating src/cosas.wlk","timeElapsed":149,"timestamp":"2026-09-17T03:08:30.459Z"}
{"level":"error","message":"✘ Failed to rebuild document Failed to parse src/cosas.wlk: \n-- PARSING FAILED --------------------------------------------------\n\n  4 | \tmethod bultos() = 1\n  5 | \tmethod\n> 6 | }\n    | ^\n  7 | \n  8 | object bumblebee {\n\nExpected one of the following: \n\n'!=', '!==', '%', '&&', '*', '**', '+', '-', '->', '..', '..<', '/', '<', '<<', '<<<', '<=', '<=>', '<>', '==', '===', '>', '>..', '>=', '>>', '>>>', '?:', '@', 'and', 'class', 'const', 'describe', 'invert', 'mixin', 'negate', 'object', 'only', 'or', 'package', 'plus', 'program', 'test', 'var', '{', '||', EOF, comment, identifier, not \"}\n\n\", whitespace\n","stack":"Error: Failed to parse src/cosas.wlk: \n-- PARSING FAILED --------------------------------------------------\n\n  4 | \tmethod bultos() = 1\n  5 | \tmethod\n> 6 | }\n    | ^\n  7 | \n  8 | object bumblebee {\n\nExpected one of the following: \n\n'!=', '!==', '%', '&&', '*', '**', '+', '-', '->', '..', '..<', '/', '<', '<<', '<<<', '<=', '<=>', '<>', '==', '===', '>', '>..', '>=', '>>', '>>>', '?:', '@', 'and', 'class', 'const', 'describe', 'invert', 'mixin', 'negate', 'object', 'only', 'or', 'package', 'plus', 'program', 'test', 'var', '{', '||', EOF, comment, identifier, not \"}\n\n\", whitespace\n\n    at /home/ramiro/.vscode/extensions/uqbar.wollok-lsp-ide-0.5.5/out/server/src/server.js:2385:13026\n    at Array.map (<anonymous>)\n    at z1n (/home/ramiro/.vscode/extensions/uqbar.wollok-lsp-ide-0.5.5/out/server/src/server.js:2385:12950)\n    at H2.buildEnvironmentFrom (/home/ramiro/.vscode/extensions/uqbar.wollok-lsp-ide-0.5.5/out/server/src/server.js:2430:5254)\n    at H2.updateEnvironmentWith (/home/ramiro/.vscode/extensions/uqbar.wollok-lsp-ide-0.5.5/out/server/src/server.js:2430:4989)\n    at QF (/home/ramiro/.vscode/extensions/uqbar.wollok-lsp-ide-0.5.5/out/server/src/server.js:2430:7383)\n    at V3.invoke (/home/ramiro/.vscode/extensions/uqbar.wollok-lsp-ide-0.5.5/out/server/src/server.js:3:157330)\n    at o.fire (/home/ramiro/.vscode/extensions/uqbar.wollok-lsp-ide-0.5.5/out/server/src/server.js:3:158100)\n    at /home/ramiro/.vscode/extensions/uqbar.wollok-lsp-ide-0.5.5/out/server/src/server.js:37:57871\n    at nd (/home/ramiro/.vscode/extensions/uqbar.wollok-lsp-ide-0.5.5/out/server/src/server.js:8:1561)","timestamp":"2026-09-17T03:08:30.474Z"}
{"level":"info","message":"⌛ Validating src/cosas.wlk","timeElapsed":155,"timestamp":"2026-09-17T03:08:30.638Z"}
{"level":"info","message":"⌛ Validating src/cosas.wlk","timeElapsed":145,"timestamp":"2026-09-17T03:08:30.796Z"}
{"level":"error","message":"✘ Failed to rebuild document Failed to parse src/cosas.wlk: \n-- PARSING FAILED --------------------------------------------------\n\n  4 | \tmethod bultos() = 1\n  5 | \tmethod \n> 6 | }\n    | ^\n  7 | \n  8 | object bumblebee {\n\nExpected one of the following: \n\n'!=', '!==', '%', '&&', '*', '**', '+', '-', '->', '..', '..<', '/', '<', '<<', '<<<', '<=', '<=>', '<>', '==', '===', '>', '>..', '>=', '>>', '>>>', '?:', '@', 'and', 'class', 'const', 'describe', 'invert', 'mixin', 'negate', 'object', 'only', 'or', 'package', 'plus', 'program', 'test', 'var', '{', '||', EOF, comment, identifier, not \"}\n\n\", whitespace\n","stack":"Error: Failed to parse src/cosas.wlk: \n-- PARSING FAILED --------------------------------------------------\n\n  4 | \tmethod bultos() = 1\n  5 | \tmethod \n> 6 | }\n    | ^\n  7 | \n  8 | object bumblebee {\n\nExpected one of the following: \n\n'!=', '!==', '%', '&&', '*', '**', '+', '-', '->', '..', '..<', '/', '<', '<<', '<<<', '<=', '<=>', '<>', '==', '===', '>', '>..', '>=', '>>', '>>>', '?:', '@', 'and', 'class', 'const', 'describe', 'invert', 'mixin', 'negate', 'object', 'only', 'or', 'package', 'plus', 'program', 'test', 'var', '{', '||', EOF, comment, identifier, not \"}\n\n\", whitespace\n\n    at /home/ramiro/.vscode/extensions/uqbar.wollok-lsp-ide-0.5.5/out/server/src/server.js:2385:13026\n    at Array.map (<anonymous>)\n    at z1n (/home/ramiro/.vscode/extensions/uqbar.wollok-lsp-ide-0.5.5/out/server/src/server.js:2385:12950)\n    at H2.buildEnvironmentFrom (/home/ramiro/.vscode/extensions/uqbar.wollok-lsp-ide-0.5.5/out/server/src/server.js:2430:5254)\n    at H2.updateEnvironmentWith (/home/ramiro/.vscode/extensions/uqbar.wollok-lsp-ide-0.5.5/out/server/src/server.js:2430:4989)\n    at QF (/home/ramiro/.vscode/extensions/uqbar.wollok-lsp-ide-0.5.5/out/server/src/server.js:2430:7383)\n    at V3.invoke (/home/ramiro/.vscode/extensions/uqbar.wollok-lsp-ide-0.5.5/out/server/src/server.js:3:157330)\n    at o.fire (/home/ramiro/.vscode/extensions/uqbar.wollok-lsp-ide-0.5.5/out/server/src/server.js:3:158100)\n    at /home/ramiro/.vscode/extensions/uqbar.wollok-lsp-ide-0.5.5/out/server/src/server.js:37:57871\n    at nd (/home/ramiro/.vscode/extensions/uqbar.wollok-lsp-ide-0.5.5/out/server/src/server.js:8:1561)","timestamp":"2026-09-17T03:08:30.816Z"}
{"level":"info","message":"⌛ Building environment","timeElapsed":180,"timestamp":"2026-09-17T03:08:31.066Z"}
{"level":"info","message":"⌛ Building environment","timeElapsed":170,"timestamp":"2026-09-17T03:08:31.332Z"}
{"level":"info","message":"⌛ Validating src/cosas.wlk","timeElapsed":175,"timestamp":"2026-09-17T03:08:31.545Z"}
{"level":"info","message":"⌛ Building environment","timeElapsed":132,"timestamp":"2026-09-17T03:08:31.678Z"}
{"level":"info","message":"⌛ Building environment","timeElapsed":163,"timestamp":"2026-09-17T03:08:31.842Z"}
{"level":"info","message":"⌛ Validating src/cosas.wlk","timeElapsed":141,"timestamp":"2026-09-17T03:08:31.998Z"}
{"level":"info","message":"⌛ Building environment","timeElapsed":315,"timestamp":"2026-09-17T03:08:32.315Z"}
{"level":"info","message":"⌛ Building environment","timeElapsed":141,"timestamp":"2026-09-17T03:08:32.513Z"}
{"level":"info","message":"⌛ Building environment","timeElapsed":143,"timestamp":"2026-09-17T03:08:32.670Z"}
{"level":"info","message":"⌛ Validating src/cosas.wlk","timeElapsed":150,"timestamp":"2026-09-17T03:08:32.819Z"}
{"level":"info","message":"⌛ Building environment","timeElapsed":126,"timestamp":"2026-09-17T03:08:32.946Z"}
{"level":"info","message":"⌛ Validating src/cosas.wlk","timeElapsed":140,"timestamp":"2026-09-17T03:08:33.087Z"}
{"level":"info","message":"⌛ Building environment","timeElapsed":172,"timestamp":"2026-09-17T03:08:33.356Z"}
{"level":"info","message":"⌛ Validating src/cosas.wlk","timeElapsed":158,"timestamp":"2026-09-17T03:08:33.521Z"}
{"level":"info","message":"⌛ Validating src/cosas.wlk","timeElapsed":166,"timestamp":"2026-09-17T03:08:33.695Z"}
{"level":"info","message":"⌛ Validating src/cosas.wlk","timeElapsed":141,"timestamp":"2026-09-17T03:08:33.836Z"}
{"level":"info","message":"⌛ Validating src/cosas.wlk","timeElapsed":132,"timestamp":"2026-09-17T03:08:33.969Z"}
{"level":"info","message":"⌛ Building environment","timeElapsed":126,"timestamp":"2026-09-17T03:08:34.101Z"}
{"level":"info","message":"⌛ Validating src/cosas.wlk","timeElapsed":141,"timestamp":"2026-09-17T03:08:34.243Z"}
{"level":"info","message":"⌛ Validating src/cosas.wlk","timeElapsed":167,"timestamp":"2026-09-17T03:08:34.490Z"}
{"level":"info","message":"⌛ Building environment","timeElapsed":356,"timestamp":"2026-09-17T03:08:35.251Z"}
{"level":"info","message":"⌛ Building environment","timeElapsed":159,"timestamp":"2026-09-17T03:08:35.410Z"}
{"level":"info","message":"⌛ Validating src/cosas.wlk","timeElapsed":161,"timestamp":"2026-09-17T03:08:35.572Z"}
{"level":"info","message":"⌛ Validating src/cosas.wlk","timeElapsed":160,"timestamp":"2026-09-17T03:08:35.743Z"}
{"level":"info","message":"⌛ Building environment","timeElapsed":364,"timestamp":"2026-09-17T03:08:44.339Z"}
{"level":"info","message":"⌛ Validating src/cosas.wlk","timeElapsed":141,"timestamp":"2026-09-17T03:08:44.573Z"}
{"level":"error","message":"✘ Failed to rebuild document Failed to parse src/cosas.wlk: \n-- PARSING FAILED --------------------------------------------------\n\n  161 | ---\n  162 | \n> 163 | ### 3. Pruebas Automatizadas (`camionNuevosMensajes.wtest`)\n      |                                                          ^\n  164 | \n  165 | Creamos un archivo `.wtest` para validar de forma automatizada cada uno de los cuatro mensajes requeridos:\n\nExpected one of the following: \n\nstring literal, whitespace\n","stack":"Error: Failed to parse src/cosas.wlk: \n-- PARSING FAILED --------------------------------------------------\n\n  161 | ---\n  162 | \n> 163 | ### 3. Pruebas Automatizadas (`camionNuevosMensajes.wtest`)\n      |                                                          ^\n  164 | \n  165 | Creamos un archivo `.wtest` para validar de forma automatizada cada uno de los cuatro mensajes requeridos:\n\nExpected one of the following: \n\nstring literal, whitespace\n\n    at /home/ramiro/.vscode/extensions/uqbar.wollok-lsp-ide-0.5.5/out/server/src/server.js:2385:13026\n    at Array.map (<anonymous>)\n    at z1n (/home/ramiro/.vscode/extensions/uqbar.wollok-lsp-ide-0.5.5/out/server/src/server.js:2385:12950)\n    at H2.buildEnvironmentFrom (/home/ramiro/.vscode/extensions/uqbar.wollok-lsp-ide-0.5.5/out/server/src/server.js:2430:5254)\n    at H2.updateEnvironmentWith (/home/ramiro/.vscode/extensions/uqbar.wollok-lsp-ide-0.5.5/out/server/src/server.js:2430:4989)\n    at QF (/home/ramiro/.vscode/extensions/uqbar.wollok-lsp-ide-0.5.5/out/server/src/server.js:2430:7383)\n    at V3.invoke (/home/ramiro/.vscode/extensions/uqbar.wollok-lsp-ide-0.5.5/out/server/src/server.js:3:157330)\n    at o.fire (/home/ramiro/.vscode/extensions/uqbar.wollok-lsp-ide-0.5.5/out/server/src/server.js:3:158100)\n    at /home/ramiro/.vscode/extensions/uqbar.wollok-lsp-ide-0.5.5/out/server/src/server.js:37:57871\n    at nd (/home/ramiro/.vscode/extensions/uqbar.wollok-lsp-ide-0.5.5/out/server/src/server.js:8:1561)","timestamp":"2026-09-17T03:08:45.844Z"}
{"level":"info","message":"⌛ Building environment","timeElapsed":240,"timestamp":"2026-09-17T03:08:47.470Z"}
{"level":"info","message":"⌛ Validating src/cosas.wlk","timeElapsed":178,"timestamp":"2026-09-17T03:08:47.650Z"}
{"level":"info","message":"⌛ Building environment","timeElapsed":218,"timestamp":"2026-09-17T03:08:51.463Z"}
{"level":"info","message":"⌛ Validating src/cosas.wlk","timeElapsed":158,"timestamp":"2026-09-17T03:08:51.657Z"}
{"level":"info","message":"⌛ Building environment","timeElapsed":369,"timestamp":"2026-09-17T03:08:59.388Z"}
{"level":"info","message":"⌛ Validating src/cosas.wlk","timeElapsed":198,"timestamp":"2026-09-17T03:08:59.645Z"}
{"level":"info","message":"⌛ Building environment","timeElapsed":326,"timestamp":"2026-09-17T03:09:00.331Z"}
{"level":"info","message":"⌛ Validating src/cosas.wlk","timeElapsed":150,"timestamp":"2026-09-17T03:09:00.501Z"}
{"level":"info","message":"⌛ Building environment","timeElapsed":212,"timestamp":"2026-09-17T03:09:03.373Z"}
{"level":"info","message":"⌛ Validating src/cosas.wlk","timeElapsed":169,"timestamp":"2026-09-17T03:09:03.546Z"}
{"level":"info","message":"⌛ Building environment","timeElapsed":221,"timestamp":"2026-09-17T03:09:05.617Z"}
{"level":"info","message":"⌛ Building environment","timeElapsed":197,"timestamp":"2026-09-17T03:09:05.822Z"}
{"level":"info","message":"⌛ Autocomplete - Reference","timeElapsed":110,"timestamp":"2026-09-17T03:09:05.943Z"}
{"level":"info","message":"⌛ Validating src/cosas.wlk","timeElapsed":169,"timestamp":"2026-09-17T03:09:06.113Z"}
{"level":"info","message":"⌛ Validating src/cosas.wlk","timeElapsed":193,"timestamp":"2026-09-17T03:09:06.314Z"}
{"level":"info","message":"⌛ Building environment","timeElapsed":142,"timestamp":"2026-09-17T03:09:06.456Z"}
{"level":"info","message":"⌛ Building environment","timeElapsed":128,"timestamp":"2026-09-17T03:09:06.585Z"}
{"level":"info","message":"⌛ Validating src/cosas.wlk","timeElapsed":149,"timestamp":"2026-09-17T03:09:06.749Z"}
{"level":"info","message":"⌛ Validating src/cosas.wlk","timeElapsed":167,"timestamp":"2026-09-17T03:09:06.924Z"}
{"level":"info","message":"⌛ Building environment","timeElapsed":251,"timestamp":"2026-09-17T03:09:07.176Z"}
{"level":"info","message":"⌛ Validating src/cosas.wlk","timeElapsed":169,"timestamp":"2026-09-17T03:09:07.354Z"}
{"level":"info","message":"⌛ Building environment","timeElapsed":147,"timestamp":"2026-09-17T03:09:07.556Z"}
{"level":"info","message":"⌛ Validating src/cosas.wlk","timeElapsed":154,"timestamp":"2026-09-17T03:09:07.713Z"}
{"level":"info","message":"⌛ Building environment","timeElapsed":212,"timestamp":"2026-09-17T03:09:08.027Z"}
{"level":"info","message":"⌛ Validating src/cosas.wlk","timeElapsed":175,"timestamp":"2026-09-17T03:09:08.206Z"}
{"level":"info","message":"⌛ Building environment","timeElapsed":136,"timestamp":"2026-09-17T03:09:08.356Z"}
{"level":"info","message":"⌛ Validating src/cosas.wlk","timeElapsed":208,"timestamp":"2026-09-17T03:09:08.578Z"}
{"level":"info","message":"⌛ Building environment","timeElapsed":238,"timestamp":"2026-09-17T03:09:08.817Z"}
{"level":"error","message":"✘ Completions for node Assignment ([18:3, 18:25] - src/cosas.wlk) failed: Error: [Assignment]{9fcbd8} at src/cosas.wlk:18 exhausted all cases without a match [Assignment]{9fcbd8} at src/cosas.wlk:18 exhausted all cases without a match","stack":"Error: [Assignment]{9fcbd8} at src/cosas.wlk:18 exhausted all cases without a match\n    at /home/ramiro/.vscode/extensions/uqbar.wollok-lsp-ide-0.5.5/out/server/src/server.js:38:6142\n    at L2 (/home/ramiro/.vscode/extensions/uqbar.wollok-lsp-ide-0.5.5/out/server/src/server.js:2421:42)\n    at Jh (/home/ramiro/.vscode/extensions/uqbar.wollok-lsp-ide-0.5.5/out/server/src/server.js:2421:1092)\n    at w5n (/home/ramiro/.vscode/extensions/uqbar.wollok-lsp-ide-0.5.5/out/server/src/server.js:2421:1248)\n    at /home/ramiro/.vscode/extensions/uqbar.wollok-lsp-ide-0.5.5/out/server/src/server.js:38:6131\n    at L2 (/home/ramiro/.vscode/extensions/uqbar.wollok-lsp-ide-0.5.5/out/server/src/server.js:2421:42)\n    at /home/ramiro/.vscode/extensions/uqbar.wollok-lsp-ide-0.5.5/out/server/src/server.js:2421:2988\n    at /home/ramiro/.vscode/extensions/uqbar.wollok-lsp-ide-0.5.5/out/server/src/server.js:2430:8440\n    at /home/ramiro/.vscode/extensions/uqbar.wollok-lsp-ide-0.5.5/out/server/src/server.js:37:74872\n    at Ke (/home/ramiro/.vscode/extensions/uqbar.wollok-lsp-ide-0.5.5/out/server/src/server.js:7:8527)","timestamp":"2026-09-17T03:09:08.858Z"}
{"level":"info","message":"⌛ Building environment","timeElapsed":168,"timestamp":"2026-09-17T03:09:09.040Z"}
{"level":"info","message":"⌛ Validating src/cosas.wlk","timeElapsed":210,"timestamp":"2026-09-17T03:09:09.266Z"}
{"level":"info","message":"⌛ Building environment","timeElapsed":146,"timestamp":"2026-09-17T03:09:09.414Z"}
{"level":"info","message":"⌛ Validating src/cosas.wlk","timeElapsed":149,"timestamp":"2026-09-17T03:09:09.564Z"}
{"level":"info","message":"⌛ Validating src/cosas.wlk","timeElapsed":208,"timestamp":"2026-09-17T03:09:09.786Z"}
{"level":"info","message":"⌛ Building environment","timeElapsed":161,"timestamp":"2026-09-17T03:09:09.954Z"}
{"level":"info","message":"⌛ Validating src/cosas.wlk","timeElapsed":181,"timestamp":"2026-09-17T03:09:10.141Z"}
{"level":"info","message":"⌛ Building environment","timeElapsed":164,"timestamp":"2026-09-17T03:09:10.306Z"}
{"level":"info","message":"⌛ Building environment","timeElapsed":149,"timestamp":"2026-09-17T03:09:10.456Z"}
{"level":"info","message":"⌛ Validating src/cosas.wlk","timeElapsed":152,"timestamp":"2026-09-17T03:09:10.609Z"}
{"level":"info","message":"⌛ Validating src/cosas.wlk","timeElapsed":144,"timestamp":"2026-09-17T03:09:10.834Z"}
{"level":"info","message":"⌛ Building environment","timeElapsed":238,"timestamp":"2026-09-17T03:09:14.579Z"}
{"level":"info","message":"⌛ Building environment","timeElapsed":162,"timestamp":"2026-09-17T03:09:14.741Z"}
{"level":"info","message":"⌛ Validating src/cosas.wlk","timeElapsed":145,"timestamp":"2026-09-17T03:09:14.887Z"}
{"level":"info","message":"⌛ Building environment","timeElapsed":188,"timestamp":"2026-09-17T03:09:15.077Z"}
{"level":"info","message":"⌛ Validating src/cosas.wlk","timeElapsed":156,"timestamp":"2026-09-17T03:09:15.234Z"}
{"level":"info","message":"⌛ Validating src/cosas.wlk","timeElapsed":186,"timestamp":"2026-09-17T03:09:15.494Z"}
{"level":"info","message":"⌛ Building environment","timeElapsed":165,"timestamp":"2026-09-17T03:09:15.660Z"}
{"level":"info","message":"⌛ Building environment","timeElapsed":151,"timestamp":"2026-09-17T03:09:15.818Z"}
{"level":"error","message":"✘ Completions for node Assignment ([18:3, 18:25] - src/cosas.wlk) failed: Error: [Assignment]{f6648d} at src/cosas.wlk:18 exhausted all cases without a match [Assignment]{f6648d} at src/cosas.wlk:18 exhausted all cases without a match","stack":"Error: [Assignment]{f6648d} at src/cosas.wlk:18 exhausted all cases without a match\n    at /home/ramiro/.vscode/extensions/uqbar.wollok-lsp-ide-0.5.5/out/server/src/server.js:38:6142\n    at L2 (/home/ramiro/.vscode/extensions/uqbar.wollok-lsp-ide-0.5.5/out/server/src/server.js:2421:42)\n    at Jh (/home/ramiro/.vscode/extensions/uqbar.wollok-lsp-ide-0.5.5/out/server/src/server.js:2421:1092)\n    at w5n (/home/ramiro/.vscode/extensions/uqbar.wollok-lsp-ide-0.5.5/out/server/src/server.js:2421:1248)\n    at /home/ramiro/.vscode/extensions/uqbar.wollok-lsp-ide-0.5.5/out/server/src/server.js:38:6131\n    at L2 (/home/ramiro/.vscode/extensions/uqbar.wollok-lsp-ide-0.5.5/out/server/src/server.js:2421:42)\n    at /home/ramiro/.vscode/extensions/uqbar.wollok-lsp-ide-0.5.5/out/server/src/server.js:2421:2988\n    at /home/ramiro/.vscode/extensions/uqbar.wollok-lsp-ide-0.5.5/out/server/src/server.js:2430:8440\n    at /home/ramiro/.vscode/extensions/uqbar.wollok-lsp-ide-0.5.5/out/server/src/server.js:37:74872\n    at Ke (/home/ramiro/.vscode/extensions/uqbar.wollok-lsp-ide-0.5.5/out/server/src/server.js:7:8527)","timestamp":"2026-09-17T03:09:15.879Z"}
{"level":"info","message":"⌛ Building environment","timeElapsed":160,"timestamp":"2026-09-17T03:09:16.060Z"}
{"level":"info","message":"⌛ Validating src/cosas.wlk","timeElapsed":143,"timestamp":"2026-09-17T03:09:16.203Z"}
{"level":"info","message":"⌛ Validating src/cosas.wlk","timeElapsed":157,"timestamp":"2026-09-17T03:09:16.460Z"}
{"level":"info","message":"⌛ Building environment","timeElapsed":159,"timestamp":"2026-09-17T03:09:16.619Z"}
{"level":"error","message":"✘ Completions for node Assignment ([18:3, 18:27] - src/cosas.wlk) failed: Error: [Assignment]{f33960} at src/cosas.wlk:18 exhausted all cases without a match [Assignment]{f33960} at src/cosas.wlk:18 exhausted all cases without a match","stack":"Error: [Assignment]{f33960} at src/cosas.wlk:18 exhausted all cases without a match\n    at /home/ramiro/.vscode/extensions/uqbar.wollok-lsp-ide-0.5.5/out/server/src/server.js:38:6142\n    at L2 (/home/ramiro/.vscode/extensions/uqbar.wollok-lsp-ide-0.5.5/out/server/src/server.js:2421:42)\n    at Jh (/home/ramiro/.vscode/extensions/uqbar.wollok-lsp-ide-0.5.5/out/server/src/server.js:2421:1092)\n    at w5n (/home/ramiro/.vscode/extensions/uqbar.wollok-lsp-ide-0.5.5/out/server/src/server.js:2421:1248)\n    at /home/ramiro/.vscode/extensions/uqbar.wollok-lsp-ide-0.5.5/out/server/src/server.js:38:6131\n    at L2 (/home/ramiro/.vscode/extensions/uqbar.wollok-lsp-ide-0.5.5/out/server/src/server.js:2421:42)\n    at /home/ramiro/.vscode/extensions/uqbar.wollok-lsp-ide-0.5.5/out/server/src/server.js:2421:2988\n    at /home/ramiro/.vscode/extensions/uqbar.wollok-lsp-ide-0.5.5/out/server/src/server.js:2430:8440\n    at /home/ramiro/.vscode/extensions/uqbar.wollok-lsp-ide-0.5.5/out/server/src/server.js:37:74872\n    at Ke (/home/ramiro/.vscode/extensions/uqbar.wollok-lsp-ide-0.5.5/out/server/src/server.js:7:8527)","timestamp":"2026-09-17T03:09:16.662Z"}
{"level":"info","message":"⌛ Building environment","timeElapsed":129,"timestamp":"2026-09-17T03:09:16.795Z"}
{"level":"info","message":"⌛ Validating src/cosas.wlk","timeElapsed":142,"timestamp":"2026-09-17T03:09:16.937Z"}
{"level":"info","message":"⌛ Building environment","timeElapsed":146,"timestamp":"2026-09-17T03:09:17.086Z"}
{"level":"info","message":"⌛ Validating src/cosas.wlk","timeElapsed":158,"timestamp":"2026-09-17T03:09:17.252Z"}
{"level":"info","message":"⌛ Validating src/cosas.wlk","timeElapsed":201,"timestamp":"2026-09-17T03:09:17.472Z"}
{"level":"info","message":"⌛ Validating src/cosas.wlk","timeElapsed":166,"timestamp":"2026-09-17T03:09:17.638Z"}
{"level":"info","message":"⌛ Building environment","timeElapsed":232,"timestamp":"2026-09-17T03:09:37.457Z"}
{"level":"info","message":"⌛ Validating src/cosas.wlk","timeElapsed":146,"timestamp":"2026-09-17T03:09:37.605Z"}
{"level":"info","message":"⌛ Building environment","timeElapsed":232,"timestamp":"2026-09-17T03:09:39.319Z"}
{"level":"info","message":"⌛ Validating src/cosas.wlk","timeElapsed":175,"timestamp":"2026-09-17T03:09:39.498Z"}
{"level":"info","message":"⌛ Building environment","timeElapsed":265,"timestamp":"2026-09-17T03:09:41.105Z"}
{"level":"info","message":"⌛ Validating src/cosas.wlk","timeElapsed":168,"timestamp":"2026-09-17T03:09:41.291Z"}
{"level":"info","message":"⌛ Building environment","timeElapsed":211,"timestamp":"2026-09-17T03:09:43.036Z"}
{"level":"info","message":"⌛ Validating src/cosas.wlk","timeElapsed":164,"timestamp":"2026-09-17T03:09:43.207Z"}
{"level":"info","message":"⌛ Building environment","timeElapsed":319,"timestamp":"2026-09-17T03:09:44.042Z"}
{"level":"info","message":"⌛ Building environment","timeElapsed":149,"timestamp":"2026-09-17T03:09:44.246Z"}
{"level":"info","message":"⌛ Validating src/cosas.wlk","timeElapsed":283,"timestamp":"2026-09-17T03:09:44.531Z"}
{"level":"info","message":"⌛ Validating src/cosas.wlk","timeElapsed":152,"timestamp":"2026-09-17T03:09:44.700Z"}
{"level":"info","message":"⌛ Building environment","timeElapsed":176,"timestamp":"2026-09-17T03:09:44.877Z"}
{"level":"info","message":"⌛ Validating src/cosas.wlk","timeElapsed":155,"timestamp":"2026-09-17T03:09:45.040Z"}
{"level":"info","message":"⌛ Building environment","timeElapsed":147,"timestamp":"2026-09-17T03:09:45.221Z"}
{"level":"info","message":"⌛ Validating src/cosas.wlk","timeElapsed":215,"timestamp":"2026-09-17T03:09:45.443Z"}
{"level":"info","message":"⌛ Building environment","timeElapsed":164,"timestamp":"2026-09-17T03:09:45.620Z"}
{"level":"error","message":"✘ Completions for node Send ([41:3, 41:9] - src/cosas.wlk) failed: Error: [Send]{f3a345} at src/cosas.wlk:41 exhausted all cases without a match [Send]{f3a345} at src/cosas.wlk:41 exhausted all cases without a match","stack":"Error: [Send]{f3a345} at src/cosas.wlk:41 exhausted all cases without a match\n    at /home/ramiro/.vscode/extensions/uqbar.wollok-lsp-ide-0.5.5/out/server/src/server.js:38:6142\n    at L2 (/home/ramiro/.vscode/extensions/uqbar.wollok-lsp-ide-0.5.5/out/server/src/server.js:2421:42)\n    at Jh (/home/ramiro/.vscode/extensions/uqbar.wollok-lsp-ide-0.5.5/out/server/src/server.js:2421:1092)\n    at w5n (/home/ramiro/.vscode/extensions/uqbar.wollok-lsp-ide-0.5.5/out/server/src/server.js:2421:1248)\n    at /home/ramiro/.vscode/extensions/uqbar.wollok-lsp-ide-0.5.5/out/server/src/server.js:38:6131\n    at L2 (/home/ramiro/.vscode/extensions/uqbar.wollok-lsp-ide-0.5.5/out/server/src/server.js:2421:42)\n    at /home/ramiro/.vscode/extensions/uqbar.wollok-lsp-ide-0.5.5/out/server/src/server.js:2421:2988\n    at /home/ramiro/.vscode/extensions/uqbar.wollok-lsp-ide-0.5.5/out/server/src/server.js:2430:8440\n    at /home/ramiro/.vscode/extensions/uqbar.wollok-lsp-ide-0.5.5/out/server/src/server.js:37:74872\n    at Ke (/home/ramiro/.vscode/extensions/uqbar.wollok-lsp-ide-0.5.5/out/server/src/server.js:7:8527)","timestamp":"2026-09-17T03:09:45.754Z"}
{"level":"info","message":"⌛ Building environment","timeElapsed":177,"timestamp":"2026-09-17T03:09:45.936Z"}
{"level":"info","message":"⌛ Validating src/cosas.wlk","timeElapsed":176,"timestamp":"2026-09-17T03:09:46.113Z"}
{"level":"info","message":"⌛ Building environment","timeElapsed":173,"timestamp":"2026-09-17T03:09:46.286Z"}
{"level":"info","message":"⌛ Building environment","timeElapsed":150,"timestamp":"2026-09-17T03:09:46.437Z"}
{"level":"info","message":"⌛ Validating src/cosas.wlk","timeElapsed":153,"timestamp":"2026-09-17T03:09:46.602Z"}
{"level":"info","message":"⌛ Building environment","timeElapsed":200,"timestamp":"2026-09-17T03:09:46.802Z"}
{"level":"info","message":"⌛ Building environment","timeElapsed":132,"timestamp":"2026-09-17T03:09:46.935Z"}
{"level":"info","message":"⌛ Building environment","timeElapsed":157,"timestamp":"2026-09-17T03:09:47.104Z"}
{"level":"info","message":"⌛ Validating src/cosas.wlk","timeElapsed":163,"timestamp":"2026-09-17T03:09:47.268Z"}
{"level":"info","message":"⌛ Building environment","timeElapsed":130,"timestamp":"2026-09-17T03:09:47.399Z"}
{"level":"info","message":"⌛ Validating src/cosas.wlk","timeElapsed":153,"timestamp":"2026-09-17T03:09:47.553Z"}
{"level":"info","message":"⌛ Validating src/cosas.wlk","timeElapsed":159,"timestamp":"2026-09-17T03:09:47.790Z"}
{"level":"info","message":"⌛ Validating src/cosas.wlk","timeElapsed":151,"timestamp":"2026-09-17T03:09:47.948Z"}
{"level":"info","message":"⌛ Validating src/cosas.wlk","timeElapsed":144,"timestamp":"2026-09-17T03:09:48.093Z"}
{"level":"info","message":"⌛ Validating src/cosas.wlk","timeElapsed":164,"timestamp":"2026-09-17T03:09:48.256Z"}
{"level":"info","message":"⌛ Building environment","timeElapsed":165,"timestamp":"2026-09-17T03:09:48.426Z"}
{"level":"info","message":"⌛ Validating src/cosas.wlk","timeElapsed":165,"timestamp":"2026-09-17T03:09:48.606Z"}
{"level":"info","message":"⌛ Building environment","timeElapsed":139,"timestamp":"2026-09-17T03:09:48.746Z"}
{"level":"info","message":"⌛ Validating src/cosas.wlk","timeElapsed":184,"timestamp":"2026-09-17T03:09:48.936Z"}
{"level":"info","message":"⌛ Building environment","timeElapsed":179,"timestamp":"2026-09-17T03:09:50.810Z"}
{"level":"info","message":"⌛ Building environment","timeElapsed":155,"timestamp":"2026-09-17T03:09:51.003Z"}
{"level":"info","message":"⌛ Validating src/cosas.wlk","timeElapsed":191,"timestamp":"2026-09-17T03:09:51.194Z"}
{"level":"info","message":"⌛ Building environment","timeElapsed":123,"timestamp":"2026-09-17T03:09:51.319Z"}
{"level":"info","message":"⌛ Validating src/cosas.wlk","timeElapsed":140,"timestamp":"2026-09-17T03:09:51.501Z"}
{"level":"info","message":"⌛ Validating src/cosas.wlk","timeElapsed":181,"timestamp":"2026-09-17T03:09:51.699Z"}
{"level":"info","message":"⌛ Building environment","timeElapsed":159,"timestamp":"2026-09-17T03:09:51.865Z"}
{"level":"info","message":"⌛ Building environment","timeElapsed":153,"timestamp":"2026-09-17T03:09:52.029Z"}
{"level":"info","message":"⌛ Validating src/cosas.wlk","timeElapsed":164,"timestamp":"2026-09-17T03:09:52.194Z"}
{"level":"info","message":"⌛ Validating src/cosas.wlk","timeElapsed":145,"timestamp":"2026-09-17T03:09:52.339Z"}
{"level":"info","message":"⌛ Building environment","timeElapsed":131,"timestamp":"2026-09-17T03:09:52.471Z"}
{"level":"info","message":"⌛ Validating src/cosas.wlk","timeElapsed":142,"timestamp":"2026-09-17T03:09:52.621Z"}
{"level":"info","message":"⌛ Building environment","timeElapsed":240,"timestamp":"2026-09-17T03:09:56.388Z"}
{"level":"info","message":"⌛ Validating src/cosas.wlk","timeElapsed":174,"timestamp":"2026-09-17T03:09:56.566Z"}
{"level":"info","message":"⌛ Building environment","timeElapsed":146,"timestamp":"2026-09-17T03:09:56.775Z"}
{"level":"info","message":"⌛ Validating src/cosas.wlk","timeElapsed":179,"timestamp":"2026-09-17T03:09:56.974Z"}
{"level":"info","message":"⌛ Building environment","timeElapsed":137,"timestamp":"2026-09-17T03:09:57.112Z"}
{"level":"info","message":"⌛ Validating src/cosas.wlk","timeElapsed":142,"timestamp":"2026-09-17T03:09:57.271Z"}
{"level":"info","message":"⌛ Building environment","timeElapsed":249,"timestamp":"2026-09-17T03:09:58.148Z"}
{"level":"info","message":"⌛ Validating src/cosas.wlk","timeElapsed":205,"timestamp":"2026-09-17T03:09:58.371Z"}
{"level":"info","message":"⌛ Building environment","timeElapsed":141,"timestamp":"2026-09-17T03:09:58.522Z"}
{"level":"info","message":"⌛ Validating src/cosas.wlk","timeElapsed":161,"timestamp":"2026-09-17T03:09:58.697Z"}
{"level":"info","message":"⌛ Building environment","timeElapsed":249,"timestamp":"2026-09-17T03:09:59.883Z"}
{"level":"info","message":"⌛ Validating src/cosas.wlk","timeElapsed":175,"timestamp":"2026-09-17T03:10:00.069Z"}
{"level":"info","message":"⌛ Building environment","timeElapsed":285,"timestamp":"2026-09-17T03:10:03.248Z"}
{"level":"info","message":"⌛ Building environment","timeElapsed":190,"timestamp":"2026-09-17T03:10:03.438Z"}
{"level":"info","message":"⌛ Validating src/cosas.wlk","timeElapsed":151,"timestamp":"2026-09-17T03:10:03.590Z"}
{"level":"info","message":"⌛ Validating src/cosas.wlk","timeElapsed":149,"timestamp":"2026-09-17T03:10:03.747Z"}
{"level":"info","message":"⌛ Building environment","timeElapsed":315,"timestamp":"2026-09-17T03:10:06.176Z"}
{"level":"error","message":"✘ Completions for node If ([41:3, 43:4] - src/cosas.wlk) failed: Error: [If]{820711} at src/cosas.wlk:41 exhausted all cases without a match [If]{820711} at src/cosas.wlk:41 exhausted all cases without a match","stack":"Error: [If]{820711} at src/cosas.wlk:41 exhausted all cases without a match\n    at /home/ramiro/.vscode/extensions/uqbar.wollok-lsp-ide-0.5.5/out/server/src/server.js:38:6142\n    at L2 (/home/ramiro/.vscode/extensions/uqbar.wollok-lsp-ide-0.5.5/out/server/src/server.js:2421:42)\n    at Jh (/home/ramiro/.vscode/extensions/uqbar.wollok-lsp-ide-0.5.5/out/server/src/server.js:2421:1092)\n    at y5n (/home/ramiro/.vscode/extensions/uqbar.wollok-lsp-ide-0.5.5/out/server/src/server.js:2421:818)\n    at /home/ramiro/.vscode/extensions/uqbar.wollok-lsp-ide-0.5.5/out/server/src/server.js:38:6131\n    at L2 (/home/ramiro/.vscode/extensions/uqbar.wollok-lsp-ide-0.5.5/out/server/src/server.js:2421:42)\n    at Jh (/home/ramiro/.vscode/extensions/uqbar.wollok-lsp-ide-0.5.5/out/server/src/server.js:2421:1092)\n    at w5n (/home/ramiro/.vscode/extensions/uqbar.wollok-lsp-ide-0.5.5/out/server/src/server.js:2421:1248)\n    at /home/ramiro/.vscode/extensions/uqbar.wollok-lsp-ide-0.5.5/out/server/src/server.js:38:6131\n    at L2 (/home/ramiro/.vscode/extensions/uqbar.wollok-lsp-ide-0.5.5/out/server/src/server.js:2421:42)","timestamp":"2026-09-17T03:10:06.228Z"}
{"level":"info","message":"⌛ Building environment","timeElapsed":191,"timestamp":"2026-09-17T03:10:06.424Z"}
{"level":"info","message":"⌛ Building environment","timeElapsed":144,"timestamp":"2026-09-17T03:10:06.568Z"}
{"level":"info","message":"⌛ Validating src/cosas.wlk","timeElapsed":219,"timestamp":"2026-09-17T03:10:06.789Z"}
{"level":"info","message":"⌛ Building environment","timeElapsed":160,"timestamp":"2026-09-17T03:10:06.949Z"}
{"level":"info","message":"⌛ Validating src/cosas.wlk","timeElapsed":148,"timestamp":"2026-09-17T03:10:07.097Z"}
{"level":"info","message":"⌛ Validating src/cosas.wlk","timeElapsed":174,"timestamp":"2026-09-17T03:10:07.274Z"}
{"level":"info","message":"⌛ Validating src/cosas.wlk","timeElapsed":144,"timestamp":"2026-09-17T03:10:07.441Z"}
{"level":"info","message":"⌛ Building environment","timeElapsed":132,"timestamp":"2026-09-17T03:10:07.578Z"}
{"level":"info","message":"⌛ Building environment","timeElapsed":143,"timestamp":"2026-09-17T03:10:07.722Z"}
{"level":"info","message":"⌛ Building environment","timeElapsed":183,"timestamp":"2026-09-17T03:10:07.916Z"}
{"level":"info","message":"⌛ Building environment","timeElapsed":208,"timestamp":"2026-09-17T03:10:08.127Z"}
{"level":"info","message":"⌛ Validating src/cosas.wlk","timeElapsed":166,"timestamp":"2026-09-17T03:10:08.292Z"}
{"level":"info","message":"⌛ Validating src/cosas.wlk","timeElapsed":144,"timestamp":"2026-09-17T03:10:08.455Z"}
{"level":"info","message":"⌛ Validating src/cosas.wlk","timeElapsed":157,"timestamp":"2026-09-17T03:10:08.619Z"}
{"level":"info","message":"⌛ Validating src/cosas.wlk","timeElapsed":160,"timestamp":"2026-09-17T03:10:08.778Z"}
{"level":"info","message":"⌛ Building environment","timeElapsed":144,"timestamp":"2026-09-17T03:10:08.929Z"}
{"level":"info","message":"⌛ Building environment","timeElapsed":178,"timestamp":"2026-09-17T03:10:09.116Z"}
{"level":"error","message":"✘ Completions for node If ([41:3, 43:4] - src/cosas.wlk) failed: Error: [If]{90e5f0} at src/cosas.wlk:41 exhausted all cases without a match [If]{90e5f0} at src/cosas.wlk:41 exhausted all cases without a match","stack":"Error: [If]{90e5f0} at src/cosas.wlk:41 exhausted all cases without a match\n    at /home/ramiro/.vscode/extensions/uqbar.wollok-lsp-ide-0.5.5/out/server/src/server.js:38:6142\n    at L2 (/home/ramiro/.vscode/extensions/uqbar.wollok-lsp-ide-0.5.5/out/server/src/server.js:2421:42)\n    at Jh (/home/ramiro/.vscode/extensions/uqbar.wollok-lsp-ide-0.5.5/out/server/src/server.js:2421:1092)\n    at y5n (/home/ramiro/.vscode/extensions/uqbar.wollok-lsp-ide-0.5.5/out/server/src/server.js:2421:818)\n    at /home/ramiro/.vscode/extensions/uqbar.wollok-lsp-ide-0.5.5/out/server/src/server.js:38:6131\n    at L2 (/home/ramiro/.vscode/extensions/uqbar.wollok-lsp-ide-0.5.5/out/server/src/server.js:2421:42)\n    at Jh (/home/ramiro/.vscode/extensions/uqbar.wollok-lsp-ide-0.5.5/out/server/src/server.js:2421:1092)\n    at w5n (/home/ramiro/.vscode/extensions/uqbar.wollok-lsp-ide-0.5.5/out/server/src/server.js:2421:1248)\n    at /home/ramiro/.vscode/extensions/uqbar.wollok-lsp-ide-0.5.5/out/server/src/server.js:38:6131\n    at L2 (/home/ramiro/.vscode/extensions/uqbar.wollok-lsp-ide-0.5.5/out/server/src/server.js:2421:42)","timestamp":"2026-09-17T03:10:09.167Z"}
{"level":"info","message":"⌛ Building environment","timeElapsed":179,"timestamp":"2026-09-17T03:10:09.351Z"}
{"level":"info","message":"⌛ Validating src/cosas.wlk","timeElapsed":181,"timestamp":"2026-09-17T03:10:09.642Z"}
{"level":"info","message":"⌛ Building environment","timeElapsed":200,"timestamp":"2026-09-17T03:10:09.842Z"}
{"level":"info","message":"⌛ Validating src/cosas.wlk","timeElapsed":161,"timestamp":"2026-09-17T03:10:10.004Z"}
{"level":"info","message":"⌛ Building environment","timeElapsed":174,"timestamp":"2026-09-17T03:10:10.179Z"}
{"level":"info","message":"⌛ Validating src/cosas.wlk","timeElapsed":141,"timestamp":"2026-09-17T03:10:10.335Z"}
{"level":"info","message":"⌛ Building environment","timeElapsed":145,"timestamp":"2026-09-17T03:10:10.480Z"}
{"level":"info","message":"⌛ Building environment","timeElapsed":178,"timestamp":"2026-09-17T03:10:10.666Z"}
{"level":"info","message":"⌛ Validating src/cosas.wlk","timeElapsed":163,"timestamp":"2026-09-17T03:10:10.829Z"}
{"level":"error","message":"✘ Completions for node If ([41:3, 43:4] - src/cosas.wlk) failed: Error: [If]{44ab70} at src/cosas.wlk:41 exhausted all cases without a match [If]{44ab70} at src/cosas.wlk:41 exhausted all cases without a match","stack":"Error: [If]{44ab70} at src/cosas.wlk:41 exhausted all cases without a match\n    at /home/ramiro/.vscode/extensions/uqbar.wollok-lsp-ide-0.5.5/out/server/src/server.js:38:6142\n    at L2 (/home/ramiro/.vscode/extensions/uqbar.wollok-lsp-ide-0.5.5/out/server/src/server.js:2421:42)\n    at Jh (/home/ramiro/.vscode/extensions/uqbar.wollok-lsp-ide-0.5.5/out/server/src/server.js:2421:1092)\n    at y5n (/home/ramiro/.vscode/extensions/uqbar.wollok-lsp-ide-0.5.5/out/server/src/server.js:2421:818)\n    at /home/ramiro/.vscode/extensions/uqbar.wollok-lsp-ide-0.5.5/out/server/src/server.js:38:6131\n    at L2 (/home/ramiro/.vscode/extensions/uqbar.wollok-lsp-ide-0.5.5/out/server/src/server.js:2421:42)\n    at Jh (/home/ramiro/.vscode/extensions/uqbar.wollok-lsp-ide-0.5.5/out/server/src/server.js:2421:1092)\n    at w5n (/home/ramiro/.vscode/extensions/uqbar.wollok-lsp-ide-0.5.5/out/server/src/server.js:2421:1248)\n    at /home/ramiro/.vscode/extensions/uqbar.wollok-lsp-ide-0.5.5/out/server/src/server.js:38:6131\n    at L2 (/home/ramiro/.vscode/extensions/uqbar.wollok-lsp-ide-0.5.5/out/server/src/server.js:2421:42)","timestamp":"2026-09-17T03:10:10.928Z"}
{"level":"info","message":"⌛ Building environment","timeElapsed":177,"timestamp":"2026-09-17T03:10:11.109Z"}
{"level":"info","message":"⌛ Validating src/cosas.wlk","timeElapsed":177,"timestamp":"2026-09-17T03:10:11.287Z"}
{"level":"info","message":"⌛ Validating src/cosas.wlk","timeElapsed":176,"timestamp":"2026-09-17T03:10:11.470Z"}
{"level":"info","message":"⌛ Validating src/cosas.wlk","timeElapsed":137,"timestamp":"2026-09-17T03:10:11.615Z"}
{"level":"info","message":"⌛ Building environment","timeElapsed":129,"timestamp":"2026-09-17T03:10:11.745Z"}
{"level":"info","message":"⌛ Validating src/cosas.wlk","timeElapsed":145,"timestamp":"2026-09-17T03:10:11.891Z"}
{"level":"info","message":"⌛ Building environment","timeElapsed":151,"timestamp":"2026-09-17T03:10:12.042Z"}
{"level":"info","message":"⌛ Validating src/cosas.wlk","timeElapsed":212,"timestamp":"2026-09-17T03:10:12.352Z"}
{"level":"info","message":"⌛ Building environment","timeElapsed":179,"timestamp":"2026-09-17T03:10:12.538Z"}
{"level":"info","message":"⌛ Validating src/cosas.wlk","timeElapsed":155,"timestamp":"2026-09-17T03:10:12.708Z"}
{"level":"info","message":"⌛ Building environment","timeElapsed":151,"timestamp":"2026-09-17T03:10:12.861Z"}
{"level":"info","message":"⌛ Building environment","timeElapsed":188,"timestamp":"2026-09-17T03:10:13.062Z"}
{"level":"info","message":"⌛ Validating src/cosas.wlk","timeElapsed":149,"timestamp":"2026-09-17T03:10:13.212Z"}
{"level":"info","message":"⌛ Building environment","timeElapsed":209,"timestamp":"2026-09-17T03:10:13.422Z"}
{"level":"info","message":"⌛ Validating src/cosas.wlk","timeElapsed":177,"timestamp":"2026-09-17T03:10:13.600Z"}
{"level":"info","message":"⌛ Validating src/cosas.wlk","timeElapsed":163,"timestamp":"2026-09-17T03:10:13.776Z"}
{"level":"info","message":"⌛ Validating src/cosas.wlk","timeElapsed":180,"timestamp":"2026-09-17T03:10:13.957Z"}
{"level":"info","message":"⌛ Building environment","timeElapsed":136,"timestamp":"2026-09-17T03:10:14.100Z"}
{"level":"info","message":"⌛ Building environment","timeElapsed":178,"timestamp":"2026-09-17T03:10:14.293Z"}
{"level":"info","message":"⌛ Building environment","timeElapsed":167,"timestamp":"2026-09-17T03:10:14.486Z"}
{"level":"info","message":"⌛ Validating src/cosas.wlk","timeElapsed":200,"timestamp":"2026-09-17T03:10:14.804Z"}
{"level":"info","message":"⌛ Building environment","timeElapsed":179,"timestamp":"2026-09-17T03:10:14.984Z"}
{"level":"info","message":"⌛ Validating src/cosas.wlk","timeElapsed":147,"timestamp":"2026-09-17T03:10:15.139Z"}
{"level":"info","message":"⌛ Building environment","timeElapsed":127,"timestamp":"2026-09-17T03:10:15.266Z"}
{"level":"info","message":"⌛ Validating src/cosas.wlk","timeElapsed":149,"timestamp":"2026-09-17T03:10:15.415Z"}
{"level":"info","message":"⌛ Building environment","timeElapsed":130,"timestamp":"2026-09-17T03:10:15.547Z"}
{"level":"info","message":"⌛ Building environment","timeElapsed":169,"timestamp":"2026-09-17T03:10:15.717Z"}
{"level":"info","message":"⌛ Validating src/cosas.wlk","timeElapsed":143,"timestamp":"2026-09-17T03:10:15.964Z"}
{"level":"info","message":"⌛ Validating src/cosas.wlk","timeElapsed":142,"timestamp":"2026-09-17T03:10:16.112Z"}
{"level":"info","message":"⌛ Validating src/cosas.wlk","timeElapsed":150,"timestamp":"2026-09-17T03:10:16.269Z"}
{"level":"info","message":"⌛ Validating src/cosas.wlk","timeElapsed":132,"timestamp":"2026-09-17T03:10:16.408Z"}
{"level":"info","message":"⌛ Building environment","timeElapsed":271,"timestamp":"2026-09-17T03:10:17.202Z"}
{"level":"info","message":"⌛ Validating src/cosas.wlk","timeElapsed":182,"timestamp":"2026-09-17T03:10:17.386Z"}
{"level":"info","message":"⌛ Building environment","timeElapsed":188,"timestamp":"2026-09-17T03:10:21.976Z"}
{"level":"error","message":"✘ Completions for node If ([41:3, 43:4] - src/cosas.wlk) failed: Error: [If]{27e9ee} at src/cosas.wlk:41 exhausted all cases without a match [If]{27e9ee} at src/cosas.wlk:41 exhausted all cases without a match","stack":"Error: [If]{27e9ee} at src/cosas.wlk:41 exhausted all cases without a match\n    at /home/ramiro/.vscode/extensions/uqbar.wollok-lsp-ide-0.5.5/out/server/src/server.js:38:6142\n    at L2 (/home/ramiro/.vscode/extensions/uqbar.wollok-lsp-ide-0.5.5/out/server/src/server.js:2421:42)\n    at Jh (/home/ramiro/.vscode/extensions/uqbar.wollok-lsp-ide-0.5.5/out/server/src/server.js:2421:1092)\n    at y5n (/home/ramiro/.vscode/extensions/uqbar.wollok-lsp-ide-0.5.5/out/server/src/server.js:2421:818)\n    at /home/ramiro/.vscode/extensions/uqbar.wollok-lsp-ide-0.5.5/out/server/src/server.js:38:6131\n    at L2 (/home/ramiro/.vscode/extensions/uqbar.wollok-lsp-ide-0.5.5/out/server/src/server.js:2421:42)\n    at Jh (/home/ramiro/.vscode/extensions/uqbar.wollok-lsp-ide-0.5.5/out/server/src/server.js:2421:1092)\n    at w5n (/home/ramiro/.vscode/extensions/uqbar.wollok-lsp-ide-0.5.5/out/server/src/server.js:2421:1248)\n    at /home/ramiro/.vscode/extensions/uqbar.wollok-lsp-ide-0.5.5/out/server/src/server.js:38:6131\n    at L2 (/home/ramiro/.vscode/extensions/uqbar.wollok-lsp-ide-0.5.5/out/server/src/server.js:2421:42)","timestamp":"2026-09-17T03:10:22.023Z"}
{"level":"info","message":"⌛ Validating src/cosas.wlk","timeElapsed":151,"timestamp":"2026-09-17T03:10:22.178Z"}
{"level":"info","message":"⌛ Building environment","timeElapsed":157,"timestamp":"2026-09-17T03:10:22.397Z"}
{"level":"error","message":"✘ Completions for node If ([41:3, 43:4] - src/cosas.wlk) failed: Error: [If]{217dc3} at src/cosas.wlk:41 exhausted all cases without a match [If]{217dc3} at src/cosas.wlk:41 exhausted all cases without a match","stack":"Error: [If]{217dc3} at src/cosas.wlk:41 exhausted all cases without a match\n    at /home/ramiro/.vscode/extensions/uqbar.wollok-lsp-ide-0.5.5/out/server/src/server.js:38:6142\n    at L2 (/home/ramiro/.vscode/extensions/uqbar.wollok-lsp-ide-0.5.5/out/server/src/server.js:2421:42)\n    at Jh (/home/ramiro/.vscode/extensions/uqbar.wollok-lsp-ide-0.5.5/out/server/src/server.js:2421:1092)\n    at y5n (/home/ramiro/.vscode/extensions/uqbar.wollok-lsp-ide-0.5.5/out/server/src/server.js:2421:818)\n    at /home/ramiro/.vscode/extensions/uqbar.wollok-lsp-ide-0.5.5/out/server/src/server.js:38:6131\n    at L2 (/home/ramiro/.vscode/extensions/uqbar.wollok-lsp-ide-0.5.5/out/server/src/server.js:2421:42)\n    at Jh (/home/ramiro/.vscode/extensions/uqbar.wollok-lsp-ide-0.5.5/out/server/src/server.js:2421:1092)\n    at w5n (/home/ramiro/.vscode/extensions/uqbar.wollok-lsp-ide-0.5.5/out/server/src/server.js:2421:1248)\n    at /home/ramiro/.vscode/extensions/uqbar.wollok-lsp-ide-0.5.5/out/server/src/server.js:38:6131\n    at L2 (/home/ramiro/.vscode/extensions/uqbar.wollok-lsp-ide-0.5.5/out/server/src/server.js:2421:42)","timestamp":"2026-09-17T03:10:22.433Z"}
{"level":"info","message":"⌛ Validating src/cosas.wlk","timeElapsed":195,"timestamp":"2026-09-17T03:10:22.632Z"}
{"level":"info","message":"⌛ Building environment","timeElapsed":205,"timestamp":"2026-09-17T03:10:22.936Z"}
{"level":"info","message":"⌛ Building environment","timeElapsed":280,"timestamp":"2026-09-17T03:10:23.225Z"}
{"level":"info","message":"⌛ Validating src/cosas.wlk","timeElapsed":197,"timestamp":"2026-09-17T03:10:23.423Z"}
{"level":"info","message":"⌛ Validating src/cosas.wlk","timeElapsed":137,"timestamp":"2026-09-17T03:10:23.623Z"}
{"level":"info","message":"⌛ Building environment","timeElapsed":237,"timestamp":"2026-09-17T03:10:24.028Z"}
{"level":"info","message":"⌛ Validating src/cosas.wlk","timeElapsed":154,"timestamp":"2026-09-17T03:10:24.185Z"}
{"level":"info","message":"⌛ Building environment","timeElapsed":251,"timestamp":"2026-09-17T03:10:24.575Z"}
{"level":"info","message":"⌛ Building environment","timeElapsed":189,"timestamp":"2026-09-17T03:10:24.773Z"}
{"level":"info","message":"⌛ Validating src/cosas.wlk","timeElapsed":144,"timestamp":"2026-09-17T03:10:24.918Z"}
{"level":"info","message":"⌛ Validating src/cosas.wlk","timeElapsed":148,"timestamp":"2026-09-17T03:10:25.155Z"}
{"level":"info","message":"⌛ Building environment","timeElapsed":222,"timestamp":"2026-09-17T03:10:28.524Z"}
{"level":"info","message":"⌛ Validating src/cosas.wlk","timeElapsed":170,"timestamp":"2026-09-17T03:10:28.697Z"}
{"level":"info","message":"⌛ Building environment","timeElapsed":238,"timestamp":"2026-09-17T03:11:13.338Z"}
{"level":"info","message":"⌛ Validating src/cosas.wlk","timeElapsed":286,"timestamp":"2026-09-17T03:11:13.632Z"}
{"level":"info","message":"⌛ Building environment","timeElapsed":256,"timestamp":"2026-09-17T03:11:13.947Z"}
{"level":"info","message":"⌛ Validating src/cosas.wlk","timeElapsed":156,"timestamp":"2026-09-17T03:11:14.126Z"}
{"level":"info","message":"⌛ Building environment","timeElapsed":283,"timestamp":"2026-09-17T03:11:14.885Z"}
{"level":"info","message":"⌛ Building environment","timeElapsed":239,"timestamp":"2026-09-17T03:11:15.126Z"}
{"level":"info","message":"⌛ Building environment","timeElapsed":137,"timestamp":"2026-09-17T03:11:15.264Z"}
{"level":"info","message":"⌛ Validating src/cosas.wlk","timeElapsed":159,"timestamp":"2026-09-17T03:11:15.423Z"}
{"level":"info","message":"⌛ Validating src/cosas.wlk","timeElapsed":140,"timestamp":"2026-09-17T03:11:15.576Z"}
{"level":"info","message":"⌛ Validating src/cosas.wlk","timeElapsed":163,"timestamp":"2026-09-17T03:11:15.741Z"}
{"level":"info","message":"⌛ Building environment","timeElapsed":234,"timestamp":"2026-09-17T03:11:18.517Z"}
{"level":"info","message":"⌛ Validating src/cosas.wlk","timeElapsed":176,"timestamp":"2026-09-17T03:11:18.695Z"}
{"level":"info","message":"⌛ Building environment","timeElapsed":215,"timestamp":"2026-09-17T03:11:18.912Z"}
{"level":"info","message":"⌛ Building environment","timeElapsed":164,"timestamp":"2026-09-17T03:11:19.125Z"}
{"level":"info","message":"⌛ Building environment","timeElapsed":148,"timestamp":"2026-09-17T03:11:19.274Z"}
{"level":"info","message":"⌛ Validating src/cosas.wlk","timeElapsed":195,"timestamp":"2026-09-17T03:11:19.468Z"}
{"level":"info","message":"⌛ Building environment","timeElapsed":158,"timestamp":"2026-09-17T03:11:19.629Z"}
{"level":"info","message":"⌛ Validating src/cosas.wlk","timeElapsed":169,"timestamp":"2026-09-17T03:11:19.798Z"}
{"level":"info","message":"⌛ Validating src/cosas.wlk","timeElapsed":406,"timestamp":"2026-09-17T03:11:20.206Z"}
{"level":"info","message":"⌛ Validating src/cosas.wlk","timeElapsed":147,"timestamp":"2026-09-17T03:11:20.366Z"}
{"level":"info","message":"⌛ Building environment","timeElapsed":148,"timestamp":"2026-09-17T03:11:20.519Z"}
{"level":"info","message":"⌛ Validating src/cosas.wlk","timeElapsed":146,"timestamp":"2026-09-17T03:11:20.672Z"}
{"level":"info","message":"⌛ Building environment","timeElapsed":197,"timestamp":"2026-09-17T03:11:27.721Z"}
{"level":"info","message":"⌛ Validating src/cosas.wlk","timeElapsed":159,"timestamp":"2026-09-17T03:11:27.889Z"}
{"level":"info","message":"⌛ Building environment","timeElapsed":264,"timestamp":"2026-09-17T03:11:28.292Z"}
{"level":"info","message":"⌛ Validating src/cosas.wlk","timeElapsed":141,"timestamp":"2026-09-17T03:11:28.519Z"}
{"level":"info","message":"⌛ Building environment","timeElapsed":281,"timestamp":"2026-09-17T03:11:38.904Z"}
{"level":"error","message":"✘ Completions for node If ([41:3, 45:4] - src/cosas.wlk) failed: Error: [If]{8c11ed} at src/cosas.wlk:41 exhausted all cases without a match [If]{8c11ed} at src/cosas.wlk:41 exhausted all cases without a match","stack":"Error: [If]{8c11ed} at src/cosas.wlk:41 exhausted all cases without a match\n    at /home/ramiro/.vscode/extensions/uqbar.wollok-lsp-ide-0.5.5/out/server/src/server.js:38:6142\n    at L2 (/home/ramiro/.vscode/extensions/uqbar.wollok-lsp-ide-0.5.5/out/server/src/server.js:2421:42)\n    at Jh (/home/ramiro/.vscode/extensions/uqbar.wollok-lsp-ide-0.5.5/out/server/src/server.js:2421:1092)\n    at y5n (/home/ramiro/.vscode/extensions/uqbar.wollok-lsp-ide-0.5.5/out/server/src/server.js:2421:818)\n    at /home/ramiro/.vscode/extensions/uqbar.wollok-lsp-ide-0.5.5/out/server/src/server.js:38:6131\n    at L2 (/home/ramiro/.vscode/extensions/uqbar.wollok-lsp-ide-0.5.5/out/server/src/server.js:2421:42)\n    at Jh (/home/ramiro/.vscode/extensions/uqbar.wollok-lsp-ide-0.5.5/out/server/src/server.js:2421:1092)\n    at w5n (/home/ramiro/.vscode/extensions/uqbar.wollok-lsp-ide-0.5.5/out/server/src/server.js:2421:1248)\n    at /home/ramiro/.vscode/extensions/uqbar.wollok-lsp-ide-0.5.5/out/server/src/server.js:38:6131\n    at L2 (/home/ramiro/.vscode/extensions/uqbar.wollok-lsp-ide-0.5.5/out/server/src/server.js:2421:42)","timestamp":"2026-09-17T03:11:38.948Z"}
{"level":"info","message":"⌛ Building environment","timeElapsed":158,"timestamp":"2026-09-17T03:11:39.110Z"}
{"level":"info","message":"⌛ Building environment","timeElapsed":156,"timestamp":"2026-09-17T03:11:39.267Z"}
{"level":"info","message":"⌛ Validating src/cosas.wlk","timeElapsed":139,"timestamp":"2026-09-17T03:11:39.421Z"}
{"level":"info","message":"⌛ Building environment","timeElapsed":163,"timestamp":"2026-09-17T03:11:39.649Z"}
{"level":"info","message":"⌛ Validating src/cosas.wlk","timeElapsed":202,"timestamp":"2026-09-17T03:11:39.852Z"}
{"level":"info","message":"⌛ Building environment","timeElapsed":150,"timestamp":"2026-09-17T03:11:40.003Z"}
{"level":"info","message":"⌛ Validating src/cosas.wlk","timeElapsed":144,"timestamp":"2026-09-17T03:11:40.148Z"}
{"level":"info","message":"⌛ Building environment","timeElapsed":143,"timestamp":"2026-09-17T03:11:40.291Z"}
{"level":"info","message":"⌛ Building environment","timeElapsed":129,"timestamp":"2026-09-17T03:11:40.428Z"}
{"level":"info","message":"⌛ Building environment","timeElapsed":159,"timestamp":"2026-09-17T03:11:40.686Z"}
{"level":"info","message":"⌛ Validating src/cosas.wlk","timeElapsed":193,"timestamp":"2026-09-17T03:11:40.879Z"}
{"level":"info","message":"⌛ Validating src/cosas.wlk","timeElapsed":137,"timestamp":"2026-09-17T03:11:41.022Z"}
{"level":"info","message":"⌛ Validating src/cosas.wlk","timeElapsed":134,"timestamp":"2026-09-17T03:11:41.163Z"}
{"level":"info","message":"⌛ Validating src/cosas.wlk","timeElapsed":155,"timestamp":"2026-09-17T03:11:41.326Z"}
{"level":"info","message":"⌛ Building environment","timeElapsed":132,"timestamp":"2026-09-17T03:11:41.459Z"}
{"level":"info","message":"⌛ Validating src/cosas.wlk","timeElapsed":148,"timestamp":"2026-09-17T03:11:41.608Z"}
{"level":"info","message":"⌛ Validating src/cosas.wlk","timeElapsed":162,"timestamp":"2026-09-17T03:11:41.841Z"}
{"level":"info","message":"⌛ Building environment","timeElapsed":181,"timestamp":"2026-09-17T03:11:42.023Z"}
{"level":"info","message":"⌛ Validating src/cosas.wlk","timeElapsed":257,"timestamp":"2026-09-17T03:11:42.292Z"}
{"level":"info","message":"⌛ Building environment","timeElapsed":179,"timestamp":"2026-09-17T03:11:42.598Z"}
{"level":"info","message":"⌛ Building environment","timeElapsed":143,"timestamp":"2026-09-17T03:11:42.742Z"}
{"level":"info","message":"⌛ Validating src/cosas.wlk","timeElapsed":174,"timestamp":"2026-09-17T03:11:42.917Z"}
{"level":"info","message":"⌛ Validating src/cosas.wlk","timeElapsed":195,"timestamp":"2026-09-17T03:11:43.113Z"}
{"level":"info","message":"⌛ Building environment","timeElapsed":234,"timestamp":"2026-09-17T03:12:01.965Z"}
{"level":"info","message":"⌛ Validating src/cosas.wlk","timeElapsed":163,"timestamp":"2026-09-17T03:12:02.132Z"}
{"level":"info","message":"⌛ Building environment","timeElapsed":256,"timestamp":"2026-09-17T03:12:21.335Z"}
{"level":"info","message":"⌛ Validating src/cosas.wlk","timeElapsed":165,"timestamp":"2026-09-17T03:12:21.523Z"}
{"level":"info","message":"⌛ Building environment","timeElapsed":244,"timestamp":"2026-09-17T03:12:28.105Z"}
{"level":"info","message":"⌛ Validating src/cosas.wlk","timeElapsed":173,"timestamp":"2026-09-17T03:12:28.282Z"}
{"level":"info","message":"⌛ Building environment","timeElapsed":218,"timestamp":"2026-09-17T03:12:39.198Z"}
{"level":"info","message":"⌛ Validating src/cosas.wlk","timeElapsed":155,"timestamp":"2026-09-17T03:12:39.358Z"}
{"level":"info","message":"⌛ Building environment","timeElapsed":208,"timestamp":"2026-09-17T03:12:40.801Z"}
{"level":"info","message":"⌛ Validating src/cosas.wlk","timeElapsed":176,"timestamp":"2026-09-17T03:12:40.981Z"}
{"level":"info","message":"⌛ Building environment","timeElapsed":248,"timestamp":"2026-09-17T03:12:41.681Z"}
{"level":"info","message":"⌛ Validating src/cosas.wlk","timeElapsed":185,"timestamp":"2026-09-17T03:12:41.870Z"}
{"level":"info","message":"⌛ Building environment","timeElapsed":146,"timestamp":"2026-09-17T03:12:42.027Z"}
{"level":"info","message":"⌛ Validating src/cosas.wlk","timeElapsed":166,"timestamp":"2026-09-17T03:12:42.202Z"}
{"level":"info","message":"⌛ Building environment","timeElapsed":213,"timestamp":"2026-09-17T03:12:44.745Z"}
{"level":"info","message":"⌛ Validating src/cosas.wlk","timeElapsed":179,"timestamp":"2026-09-17T03:12:44.928Z"}
{"level":"info","message":"⌛ Building environment","timeElapsed":362,"timestamp":"2026-09-17T03:12:45.930Z"}
{"level":"info","message":"⌛ Building environment","timeElapsed":163,"timestamp":"2026-09-17T03:12:46.155Z"}
{"level":"info","message":"⌛ Validating src/cosas.wlk","timeElapsed":181,"timestamp":"2026-09-17T03:12:46.336Z"}
{"level":"info","message":"⌛ Validating src/cosas.wlk","timeElapsed":177,"timestamp":"2026-09-17T03:12:46.523Z"}
{"level":"info","message":"⌛ Building environment","timeElapsed":147,"timestamp":"2026-09-17T03:12:46.676Z"}
{"level":"info","message":"⌛ Validating src/cosas.wlk","timeElapsed":153,"timestamp":"2026-09-17T03:12:46.865Z"}
{"level":"info","message":"⌛ Building environment","timeElapsed":271,"timestamp":"2026-09-17T03:12:47.315Z"}
{"level":"info","message":"⌛ Validating src/cosas.wlk","timeElapsed":170,"timestamp":"2026-09-17T03:12:47.501Z"}
{"level":"info","message":"⌛ Building environment","timeElapsed":406,"timestamp":"2026-09-17T03:12:48.077Z"}
{"level":"error","message":"✘ Completions for node Send ([59:2, 59:8] - src/cosas.wlk) failed: Error: [Send]{384c85} at src/cosas.wlk:59 exhausted all cases without a match [Send]{384c85} at src/cosas.wlk:59 exhausted all cases without a match","stack":"Error: [Send]{384c85} at src/cosas.wlk:59 exhausted all cases without a match\n    at /home/ramiro/.vscode/extensions/uqbar.wollok-lsp-ide-0.5.5/out/server/src/server.js:38:6142\n    at L2 (/home/ramiro/.vscode/extensions/uqbar.wollok-lsp-ide-0.5.5/out/server/src/server.js:2421:42)\n    at Jh (/home/ramiro/.vscode/extensions/uqbar.wollok-lsp-ide-0.5.5/out/server/src/server.js:2421:1092)\n    at w5n (/home/ramiro/.vscode/extensions/uqbar.wollok-lsp-ide-0.5.5/out/server/src/server.js:2421:1248)\n    at /home/ramiro/.vscode/extensions/uqbar.wollok-lsp-ide-0.5.5/out/server/src/server.js:38:6131\n    at L2 (/home/ramiro/.vscode/extensions/uqbar.wollok-lsp-ide-0.5.5/out/server/src/server.js:2421:42)\n    at /home/ramiro/.vscode/extensions/uqbar.wollok-lsp-ide-0.5.5/out/server/src/server.js:2421:2988\n    at /home/ramiro/.vscode/extensions/uqbar.wollok-lsp-ide-0.5.5/out/server/src/server.js:2430:8440\n    at /home/ramiro/.vscode/extensions/uqbar.wollok-lsp-ide-0.5.5/out/server/src/server.js:37:74872\n    at Ke (/home/ramiro/.vscode/extensions/uqbar.wollok-lsp-ide-0.5.5/out/server/src/server.js:7:8527)","timestamp":"2026-09-17T03:12:48.140Z"}
{"level":"info","message":"⌛ Building environment","timeElapsed":206,"timestamp":"2026-09-17T03:12:48.421Z"}
{"level":"info","message":"⌛ Validating src/cosas.wlk","timeElapsed":176,"timestamp":"2026-09-17T03:12:48.597Z"}
{"level":"info","message":"⌛ Building environment","timeElapsed":236,"timestamp":"2026-09-17T03:12:48.835Z"}
{"level":"info","message":"⌛ Validating src/cosas.wlk","timeElapsed":179,"timestamp":"2026-09-17T03:12:49.023Z"}
{"level":"info","message":"⌛ Building environment","timeElapsed":155,"timestamp":"2026-09-17T03:12:49.179Z"}
{"level":"info","message":"⌛ Validating src/cosas.wlk","timeElapsed":156,"timestamp":"2026-09-17T03:12:49.341Z"}
{"level":"info","message":"⌛ Validating src/cosas.wlk","timeElapsed":163,"timestamp":"2026-09-17T03:12:49.512Z"}
{"level":"info","message":"⌛ Building environment","timeElapsed":140,"timestamp":"2026-09-17T03:12:49.660Z"}
{"level":"info","message":"⌛ Validating src/cosas.wlk","timeElapsed":196,"timestamp":"2026-09-17T03:12:49.859Z"}
{"level":"info","message":"⌛ Building environment","timeElapsed":237,"timestamp":"2026-09-17T03:12:50.230Z"}
{"level":"info","message":"⌛ Validating src/cosas.wlk","timeElapsed":176,"timestamp":"2026-09-17T03:12:50.409Z"}
{"level":"info","message":"⌛ Building environment","timeElapsed":137,"timestamp":"2026-09-17T03:12:50.557Z"}
{"level":"info","message":"⌛ Validating src/cosas.wlk","timeElapsed":187,"timestamp":"2026-09-17T03:12:50.765Z"}
{"level":"info","message":"⌛ Building environment","timeElapsed":213,"timestamp":"2026-09-17T03:12:51.101Z"}
{"level":"info","message":"⌛ Validating src/cosas.wlk","timeElapsed":203,"timestamp":"2026-09-17T03:12:51.323Z"}
{"level":"info","message":"⌛ Building environment","timeElapsed":218,"timestamp":"2026-09-17T03:12:51.557Z"}
{"level":"info","message":"⌛ Validating src/cosas.wlk","timeElapsed":174,"timestamp":"2026-09-17T03:12:51.749Z"}
{"level":"info","message":"⌛ Building environment","timeElapsed":243,"timestamp":"2026-09-17T03:12:52.337Z"}
{"level":"info","message":"⌛ Validating src/cosas.wlk","timeElapsed":192,"timestamp":"2026-09-17T03:12:52.532Z"}
{"level":"info","message":"⌛ Building environment","timeElapsed":274,"timestamp":"2026-09-17T03:12:52.938Z"}
{"level":"info","message":"⌛ Validating src/cosas.wlk","timeElapsed":154,"timestamp":"2026-09-17T03:12:53.103Z"}
{"level":"info","message":"⌛ Building environment","timeElapsed":247,"timestamp":"2026-09-17T03:12:54.090Z"}
{"level":"info","message":"⌛ Validating src/cosas.wlk","timeElapsed":182,"timestamp":"2026-09-17T03:12:54.290Z"}
{"level":"info","message":"⌛ Building environment","timeElapsed":207,"timestamp":"2026-09-17T03:12:54.534Z"}
{"level":"info","message":"⌛ Validating src/cosas.wlk","timeElapsed":150,"timestamp":"2026-09-17T03:12:54.732Z"}
{"level":"info","message":"⌛ Building environment","timeElapsed":330,"timestamp":"2026-09-17T03:12:56.094Z"}
{"level":"info","message":"⌛ Building environment","timeElapsed":178,"timestamp":"2026-09-17T03:12:56.273Z"}
{"level":"info","message":"⌛ Validating src/cosas.wlk","timeElapsed":209,"timestamp":"2026-09-17T03:12:56.501Z"}
{"level":"info","message":"⌛ Validating src/cosas.wlk","timeElapsed":241,"timestamp":"2026-09-17T03:12:56.748Z"}
{"level":"info","message":"⌛ Building environment","timeElapsed":230,"timestamp":"2026-09-17T03:13:00.263Z"}
{"level":"error","message":"✘ Completions for node If ([59:2, 61:3] - src/cosas.wlk) failed: Error: [If]{fc5b05} at src/cosas.wlk:59 exhausted all cases without a match [If]{fc5b05} at src/cosas.wlk:59 exhausted all cases without a match","stack":"Error: [If]{fc5b05} at src/cosas.wlk:59 exhausted all cases without a match\n    at /home/ramiro/.vscode/extensions/uqbar.wollok-lsp-ide-0.5.5/out/server/src/server.js:38:6142\n    at L2 (/home/ramiro/.vscode/extensions/uqbar.wollok-lsp-ide-0.5.5/out/server/src/server.js:2421:42)\n    at Jh (/home/ramiro/.vscode/extensions/uqbar.wollok-lsp-ide-0.5.5/out/server/src/server.js:2421:1092)\n    at y5n (/home/ramiro/.vscode/extensions/uqbar.wollok-lsp-ide-0.5.5/out/server/src/server.js:2421:818)\n    at /home/ramiro/.vscode/extensions/uqbar.wollok-lsp-ide-0.5.5/out/server/src/server.js:38:6131\n    at L2 (/home/ramiro/.vscode/extensions/uqbar.wollok-lsp-ide-0.5.5/out/server/src/server.js:2421:42)\n    at Jh (/home/ramiro/.vscode/extensions/uqbar.wollok-lsp-ide-0.5.5/out/server/src/server.js:2421:1092)\n    at w5n (/home/ramiro/.vscode/extensions/uqbar.wollok-lsp-ide-0.5.5/out/server/src/server.js:2421:1248)\n    at /home/ramiro/.vscode/extensions/uqbar.wollok-lsp-ide-0.5.5/out/server/src/server.js:38:6131\n    at L2 (/home/ramiro/.vscode/extensions/uqbar.wollok-lsp-ide-0.5.5/out/server/src/server.js:2421:42)","timestamp":"2026-09-17T03:13:00.296Z"}
{"level":"info","message":"⌛ Building environment","timeElapsed":172,"timestamp":"2026-09-17T03:13:00.472Z"}
{"level":"info","message":"⌛ Validating src/cosas.wlk","timeElapsed":148,"timestamp":"2026-09-17T03:13:00.621Z"}
{"level":"info","message":"⌛ Building environment","timeElapsed":145,"timestamp":"2026-09-17T03:13:00.779Z"}
{"level":"info","message":"⌛ Validating src/cosas.wlk","timeElapsed":170,"timestamp":"2026-09-17T03:13:00.950Z"}
{"level":"info","message":"⌛ Building environment","timeElapsed":186,"timestamp":"2026-09-17T03:13:01.202Z"}
{"level":"info","message":"⌛ Validating src/cosas.wlk","timeElapsed":152,"timestamp":"2026-09-17T03:13:01.370Z"}
{"level":"info","message":"⌛ Building environment","timeElapsed":191,"timestamp":"2026-09-17T03:13:01.569Z"}
{"level":"info","message":"⌛ Validating src/cosas.wlk","timeElapsed":161,"timestamp":"2026-09-17T03:13:01.738Z"}
{"level":"info","message":"⌛ Validating src/cosas.wlk","timeElapsed":152,"timestamp":"2026-09-17T03:13:01.897Z"}
{"level":"info","message":"⌛ Building environment","timeElapsed":220,"timestamp":"2026-09-17T03:13:02.746Z"}
{"level":"info","message":"⌛ Validating src/cosas.wlk","timeElapsed":219,"timestamp":"2026-09-17T03:13:02.970Z"}
{"level":"info","message":"⌛ Building environment","timeElapsed":171,"timestamp":"2026-09-17T03:13:03.162Z"}
{"level":"info","message":"⌛ Validating src/cosas.wlk","timeElapsed":204,"timestamp":"2026-09-17T03:13:03.379Z"}
{"level":"info","message":"⌛ Building environment","timeElapsed":294,"timestamp":"2026-09-17T03:13:04.172Z"}
{"level":"info","message":"⌛ Building environment","timeElapsed":173,"timestamp":"2026-09-17T03:13:04.354Z"}
{"level":"info","message":"⌛ Validating src/cosas.wlk","timeElapsed":139,"timestamp":"2026-09-17T03:13:04.493Z"}
{"level":"info","message":"⌛ Validating src/cosas.wlk","timeElapsed":145,"timestamp":"2026-09-17T03:13:04.719Z"}
{"level":"info","message":"⌛ Building environment","timeElapsed":251,"timestamp":"2026-09-17T03:13:06.122Z"}
{"level":"info","message":"⌛ Validating src/cosas.wlk","timeElapsed":189,"timestamp":"2026-09-17T03:13:06.338Z"}
{"level":"info","message":"⌛ Building environment","timeElapsed":165,"timestamp":"2026-09-17T03:13:06.506Z"}
{"level":"info","message":"⌛ Validating src/cosas.wlk","timeElapsed":165,"timestamp":"2026-09-17T03:13:06.689Z"}
{"level":"info","message":"⌛ Building environment","timeElapsed":265,"timestamp":"2026-09-17T03:13:08.193Z"}
{"level":"info","message":"⌛ Building environment","timeElapsed":178,"timestamp":"2026-09-17T03:13:08.372Z"}
{"level":"info","message":"⌛ Validating src/cosas.wlk","timeElapsed":228,"timestamp":"2026-09-17T03:13:08.601Z"}
{"level":"info","message":"⌛ Validating src/cosas.wlk","timeElapsed":140,"timestamp":"2026-09-17T03:13:08.746Z"}
{"level":"info","message":"⌛ Building environment","timeElapsed":216,"timestamp":"2026-09-17T03:13:08.962Z"}
{"level":"info","message":"⌛ Building environment","timeElapsed":174,"timestamp":"2026-09-17T03:13:09.150Z"}
{"level":"info","message":"⌛ Validating src/cosas.wlk","timeElapsed":186,"timestamp":"2026-09-17T03:13:09.337Z"}
{"level":"info","message":"⌛ Validating src/cosas.wlk","timeElapsed":163,"timestamp":"2026-09-17T03:13:09.509Z"}
{"level":"info","message":"⌛ Building environment","timeElapsed":272,"timestamp":"2026-09-17T03:13:09.783Z"}
{"level":"info","message":"⌛ Validating src/cosas.wlk","timeElapsed":155,"timestamp":"2026-09-17T03:13:09.980Z"}
{"level":"info","message":"⌛ Building environment","timeElapsed":150,"timestamp":"2026-09-17T03:13:10.187Z"}
{"level":"info","message":"⌛ Validating src/cosas.wlk","timeElapsed":162,"timestamp":"2026-09-17T03:13:10.366Z"}
{"level":"info","message":"⌛ Building environment","timeElapsed":259,"timestamp":"2026-09-17T03:13:12.818Z"}
{"level":"info","message":"⌛ Validating src/cosas.wlk","timeElapsed":150,"timestamp":"2026-09-17T03:13:12.975Z"}
{"level":"info","message":"⌛ Building environment","timeElapsed":240,"timestamp":"2026-09-17T03:13:14.187Z"}
{"level":"info","message":"⌛ Building environment","timeElapsed":236,"timestamp":"2026-09-17T03:13:14.481Z"}
{"level":"info","message":"⌛ Validating src/cosas.wlk","timeElapsed":164,"timestamp":"2026-09-17T03:13:14.645Z"}
{"level":"info","message":"⌛ Building environment","timeElapsed":167,"timestamp":"2026-09-17T03:13:14.812Z"}
{"level":"info","message":"⌛ Building environment","timeElapsed":144,"timestamp":"2026-09-17T03:13:14.957Z"}
{"level":"info","message":"⌛ Validating src/cosas.wlk","timeElapsed":150,"timestamp":"2026-09-17T03:13:15.108Z"}
{"level":"info","message":"⌛ Validating src/cosas.wlk","timeElapsed":180,"timestamp":"2026-09-17T03:13:15.372Z"}
{"level":"info","message":"⌛ Validating src/cosas.wlk","timeElapsed":156,"timestamp":"2026-09-17T03:13:15.535Z"}
{"level":"info","message":"⌛ Building environment","timeElapsed":156,"timestamp":"2026-09-17T03:13:15.691Z"}
{"level":"info","message":"⌛ Building environment","timeElapsed":141,"timestamp":"2026-09-17T03:13:15.833Z"}
{"level":"info","message":"⌛ Validating src/cosas.wlk","timeElapsed":143,"timestamp":"2026-09-17T03:13:15.992Z"}
{"level":"info","message":"⌛ Validating src/cosas.wlk","timeElapsed":150,"timestamp":"2026-09-17T03:13:16.144Z"}
{"level":"info","message":"⌛ Building environment","timeElapsed":268,"timestamp":"2026-09-17T03:13:17.283Z"}
{"level":"error","message":"✘ Completions for node If ([59:2, 63:4] - src/cosas.wlk) failed: Error: [If]{7bd909} at src/cosas.wlk:59 exhausted all cases without a match [If]{7bd909} at src/cosas.wlk:59 exhausted all cases without a match","stack":"Error: [If]{7bd909} at src/cosas.wlk:59 exhausted all cases without a match\n    at /home/ramiro/.vscode/extensions/uqbar.wollok-lsp-ide-0.5.5/out/server/src/server.js:38:6142\n    at L2 (/home/ramiro/.vscode/extensions/uqbar.wollok-lsp-ide-0.5.5/out/server/src/server.js:2421:42)\n    at Jh (/home/ramiro/.vscode/extensions/uqbar.wollok-lsp-ide-0.5.5/out/server/src/server.js:2421:1092)\n    at y5n (/home/ramiro/.vscode/extensions/uqbar.wollok-lsp-ide-0.5.5/out/server/src/server.js:2421:818)\n    at /home/ramiro/.vscode/extensions/uqbar.wollok-lsp-ide-0.5.5/out/server/src/server.js:38:6131\n    at L2 (/home/ramiro/.vscode/extensions/uqbar.wollok-lsp-ide-0.5.5/out/server/src/server.js:2421:42)\n    at Jh (/home/ramiro/.vscode/extensions/uqbar.wollok-lsp-ide-0.5.5/out/server/src/server.js:2421:1092)\n    at w5n (/home/ramiro/.vscode/extensions/uqbar.wollok-lsp-ide-0.5.5/out/server/src/server.js:2421:1248)\n    at /home/ramiro/.vscode/extensions/uqbar.wollok-lsp-ide-0.5.5/out/server/src/server.js:38:6131\n    at L2 (/home/ramiro/.vscode/extensions/uqbar.wollok-lsp-ide-0.5.5/out/server/src/server.js:2421:42)","timestamp":"2026-09-17T03:13:17.334Z"}
{"level":"info","message":"⌛ Building environment","timeElapsed":190,"timestamp":"2026-09-17T03:13:17.532Z"}
{"level":"info","message":"⌛ Validating src/cosas.wlk","timeElapsed":216,"timestamp":"2026-09-17T03:13:17.749Z"}
{"level":"info","message":"⌛ Building environment","timeElapsed":155,"timestamp":"2026-09-17T03:13:17.906Z"}
{"level":"info","message":"⌛ Building environment","timeElapsed":172,"timestamp":"2026-09-17T03:13:18.078Z"}
{"level":"info","message":"⌛ Validating src/cosas.wlk","timeElapsed":166,"timestamp":"2026-09-17T03:13:18.245Z"}
{"level":"info","message":"⌛ Building environment","timeElapsed":172,"timestamp":"2026-09-17T03:13:18.517Z"}
{"level":"info","message":"⌛ Validating src/cosas.wlk","timeElapsed":207,"timestamp":"2026-09-17T03:13:18.725Z"}
{"level":"info","message":"⌛ Validating src/cosas.wlk","timeElapsed":147,"timestamp":"2026-09-17T03:13:18.879Z"}
{"level":"info","message":"⌛ Building environment","timeElapsed":144,"timestamp":"2026-09-17T03:13:19.025Z"}
{"level":"info","message":"⌛ Building environment","timeElapsed":158,"timestamp":"2026-09-17T03:13:19.190Z"}
{"level":"info","message":"⌛ Validating src/cosas.wlk","timeElapsed":144,"timestamp":"2026-09-17T03:13:19.335Z"}
{"level":"info","message":"⌛ Building environment","timeElapsed":221,"timestamp":"2026-09-17T03:13:19.557Z"}
{"level":"info","message":"⌛ Validating src/cosas.wlk","timeElapsed":182,"timestamp":"2026-09-17T03:13:19.755Z"}
{"level":"info","message":"⌛ Validating src/cosas.wlk","timeElapsed":158,"timestamp":"2026-09-17T03:13:19.923Z"}
{"level":"info","message":"⌛ Validating src/cosas.wlk","timeElapsed":141,"timestamp":"2026-09-17T03:13:20.064Z"}
{"level":"info","message":"⌛ Building environment","timeElapsed":224,"timestamp":"2026-09-17T03:13:31.091Z"}
{"level":"info","message":"⌛ Validating src/cosas.wlk","timeElapsed":186,"timestamp":"2026-09-17T03:13:31.281Z"}
{"level":"info","message":"⌛ Building environment","timeElapsed":239,"timestamp":"2026-09-17T03:13:32.997Z"}
{"level":"info","message":"⌛ Validating src/cosas.wlk","timeElapsed":214,"timestamp":"2026-09-17T03:13:33.219Z"}
{"level":"info","message":"⌛ Building environment","timeElapsed":252,"timestamp":"2026-09-17T03:13:33.582Z"}
{"level":"info","message":"⌛ Validating src/cosas.wlk","timeElapsed":176,"timestamp":"2026-09-17T03:13:33.761Z"}
{"level":"info","message":"⌛ Building environment","timeElapsed":225,"timestamp":"2026-09-17T03:13:36.323Z"}
{"level":"info","message":"⌛ Validating src/cosas.wlk","timeElapsed":162,"timestamp":"2026-09-17T03:13:36.488Z"}
{"level":"info","message":"⌛ Building environment","timeElapsed":276,"timestamp":"2026-09-17T03:13:40.503Z"}
{"level":"info","message":"⌛ Building environment","timeElapsed":177,"timestamp":"2026-09-17T03:13:40.681Z"}
{"level":"info","message":"⌛ Autocomplete - Reference","timeElapsed":125,"timestamp":"2026-09-17T03:13:40.817Z"}
{"level":"info","message":"⌛ Validating src/cosas.wlk","timeElapsed":275,"timestamp":"2026-09-17T03:13:41.092Z"}
{"level":"info","message":"⌛ Building environment","timeElapsed":353,"timestamp":"2026-09-17T03:13:41.470Z"}
{"level":"info","message":"⌛ Validating src/cosas.wlk","timeElapsed":176,"timestamp":"2026-09-17T03:13:41.647Z"}
{"level":"info","message":"⌛ Building environment","timeElapsed":134,"timestamp":"2026-09-17T03:13:41.783Z"}
{"level":"info","message":"⌛ Building environment","timeElapsed":170,"timestamp":"2026-09-17T03:13:41.954Z"}
{"level":"info","message":"⌛ Validating src/cosas.wlk","timeElapsed":155,"timestamp":"2026-09-17T03:13:42.137Z"}
{"level":"info","message":"⌛ Building environment","timeElapsed":211,"timestamp":"2026-09-17T03:13:42.351Z"}
{"level":"info","message":"⌛ Validating src/cosas.wlk","timeElapsed":203,"timestamp":"2026-09-17T03:13:42.555Z"}
{"level":"info","message":"⌛ Validating src/cosas.wlk","timeElapsed":165,"timestamp":"2026-09-17T03:13:42.732Z"}
{"level":"info","message":"⌛ Building environment","timeElapsed":133,"timestamp":"2026-09-17T03:13:42.865Z"}
{"level":"info","message":"⌛ Validating src/cosas.wlk","timeElapsed":181,"timestamp":"2026-09-17T03:13:43.046Z"}
{"level":"info","message":"⌛ Building environment","timeElapsed":179,"timestamp":"2026-09-17T03:13:43.232Z"}
{"level":"info","message":"⌛ Validating src/cosas.wlk","timeElapsed":165,"timestamp":"2026-09-17T03:13:43.406Z"}
{"level":"info","message":"⌛ Building environment","timeElapsed":183,"timestamp":"2026-09-17T03:13:43.670Z"}
{"level":"info","message":"⌛ Validating src/cosas.wlk","timeElapsed":167,"timestamp":"2026-09-17T03:13:43.837Z"}
{"level":"info","message":"⌛ Validating src/cosas.wlk","timeElapsed":153,"timestamp":"2026-09-17T03:13:43.997Z"}
{"level":"info","message":"⌛ Building environment","timeElapsed":409,"timestamp":"2026-09-17T03:13:44.822Z"}
{"level":"error","message":"✘ Completions for node Assignment ([78:3, 78:17] - src/cosas.wlk) failed: Error: [Assignment]{af4e83} at src/cosas.wlk:78 exhausted all cases without a match [Assignment]{af4e83} at src/cosas.wlk:78 exhausted all cases without a match","stack":"Error: [Assignment]{af4e83} at src/cosas.wlk:78 exhausted all cases without a match\n    at /home/ramiro/.vscode/extensions/uqbar.wollok-lsp-ide-0.5.5/out/server/src/server.js:38:6142\n    at L2 (/home/ramiro/.vscode/extensions/uqbar.wollok-lsp-ide-0.5.5/out/server/src/server.js:2421:42)\n    at Jh (/home/ramiro/.vscode/extensions/uqbar.wollok-lsp-ide-0.5.5/out/server/src/server.js:2421:1092)\n    at w5n (/home/ramiro/.vscode/extensions/uqbar.wollok-lsp-ide-0.5.5/out/server/src/server.js:2421:1248)\n    at /home/ramiro/.vscode/extensions/uqbar.wollok-lsp-ide-0.5.5/out/server/src/server.js:38:6131\n    at L2 (/home/ramiro/.vscode/extensions/uqbar.wollok-lsp-ide-0.5.5/out/server/src/server.js:2421:42)\n    at /home/ramiro/.vscode/extensions/uqbar.wollok-lsp-ide-0.5.5/out/server/src/server.js:2421:2988\n    at /home/ramiro/.vscode/extensions/uqbar.wollok-lsp-ide-0.5.5/out/server/src/server.js:2430:8440\n    at /home/ramiro/.vscode/extensions/uqbar.wollok-lsp-ide-0.5.5/out/server/src/server.js:37:74872\n    at Ke (/home/ramiro/.vscode/extensions/uqbar.wollok-lsp-ide-0.5.5/out/server/src/server.js:7:8527)","timestamp":"2026-09-17T03:13:44.878Z"}
{"level":"info","message":"⌛ Building environment","timeElapsed":143,"timestamp":"2026-09-17T03:13:45.026Z"}
{"level":"info","message":"⌛ Building environment","timeElapsed":162,"timestamp":"2026-09-17T03:13:45.188Z"}
{"level":"info","message":"⌛ Building environment","timeElapsed":162,"timestamp":"2026-09-17T03:13:45.351Z"}
{"level":"info","message":"⌛ Validating src/cosas.wlk","timeElapsed":196,"timestamp":"2026-09-17T03:13:45.549Z"}
{"level":"info","message":"⌛ Validating src/cosas.wlk","timeElapsed":145,"timestamp":"2026-09-17T03:13:45.714Z"}
{"level":"info","message":"⌛ Validating src/cosas.wlk","timeElapsed":157,"timestamp":"2026-09-17T03:13:45.873Z"}
{"level":"info","message":"⌛ Validating src/cosas.wlk","timeElapsed":155,"timestamp":"2026-09-17T03:13:46.028Z"}
{"level":"info","message":"⌛ Building environment","timeElapsed":174,"timestamp":"2026-09-17T03:13:46.202Z"}
{"level":"info","message":"⌛ Building environment","timeElapsed":176,"timestamp":"2026-09-17T03:13:46.378Z"}
{"level":"info","message":"⌛ Building environment","timeElapsed":148,"timestamp":"2026-09-17T03:13:46.549Z"}
{"level":"info","message":"⌛ Validating src/cosas.wlk","timeElapsed":172,"timestamp":"2026-09-17T03:13:46.722Z"}
{"level":"info","message":"⌛ Building environment","timeElapsed":234,"timestamp":"2026-09-17T03:13:46.957Z"}
{"level":"error","message":"✘ Completions for node Assignment ([78:3, 78:18] - src/cosas.wlk) failed: Error: [Assignment]{e0f6bf} at src/cosas.wlk:78 exhausted all cases without a match [Assignment]{e0f6bf} at src/cosas.wlk:78 exhausted all cases without a match","stack":"Error: [Assignment]{e0f6bf} at src/cosas.wlk:78 exhausted all cases without a match\n    at /home/ramiro/.vscode/extensions/uqbar.wollok-lsp-ide-0.5.5/out/server/src/server.js:38:6142\n    at L2 (/home/ramiro/.vscode/extensions/uqbar.wollok-lsp-ide-0.5.5/out/server/src/server.js:2421:42)\n    at Jh (/home/ramiro/.vscode/extensions/uqbar.wollok-lsp-ide-0.5.5/out/server/src/server.js:2421:1092)\n    at w5n (/home/ramiro/.vscode/extensions/uqbar.wollok-lsp-ide-0.5.5/out/server/src/server.js:2421:1248)\n    at /home/ramiro/.vscode/extensions/uqbar.wollok-lsp-ide-0.5.5/out/server/src/server.js:38:6131\n    at L2 (/home/ramiro/.vscode/extensions/uqbar.wollok-lsp-ide-0.5.5/out/server/src/server.js:2421:42)\n    at /home/ramiro/.vscode/extensions/uqbar.wollok-lsp-ide-0.5.5/out/server/src/server.js:2421:2988\n    at /home/ramiro/.vscode/extensions/uqbar.wollok-lsp-ide-0.5.5/out/server/src/server.js:2430:8440\n    at /home/ramiro/.vscode/extensions/uqbar.wollok-lsp-ide-0.5.5/out/server/src/server.js:37:74872\n    at Ke (/home/ramiro/.vscode/extensions/uqbar.wollok-lsp-ide-0.5.5/out/server/src/server.js:7:8527)","timestamp":"2026-09-17T03:13:47.002Z"}
{"level":"info","message":"⌛ Validating src/cosas.wlk","timeElapsed":172,"timestamp":"2026-09-17T03:13:47.187Z"}
{"level":"info","message":"⌛ Validating src/cosas.wlk","timeElapsed":163,"timestamp":"2026-09-17T03:13:47.358Z"}
{"level":"info","message":"⌛ Building environment","timeElapsed":139,"timestamp":"2026-09-17T03:13:47.506Z"}
{"level":"info","message":"⌛ Validating src/cosas.wlk","timeElapsed":160,"timestamp":"2026-09-17T03:13:47.665Z"}
{"level":"info","message":"⌛ Building environment","timeElapsed":157,"timestamp":"2026-09-17T03:13:47.825Z"}
{"level":"error","message":"✘ Completions for node Literal ([78:16, 78:20] - src/cosas.wlk) failed: Error: true [Literal]{15e91a} at src/cosas.wlk:78 exhausted all cases without a match true [Literal]{15e91a} at src/cosas.wlk:78 exhausted all cases without a match","stack":"Error: true [Literal]{15e91a} at src/cosas.wlk:78 exhausted all cases without a match\n    at /home/ramiro/.vscode/extensions/uqbar.wollok-lsp-ide-0.5.5/out/server/src/server.js:38:6142\n    at L2 (/home/ramiro/.vscode/extensions/uqbar.wollok-lsp-ide-0.5.5/out/server/src/server.js:2421:42)\n    at /home/ramiro/.vscode/extensions/uqbar.wollok-lsp-ide-0.5.5/out/server/src/server.js:2421:2988\n    at /home/ramiro/.vscode/extensions/uqbar.wollok-lsp-ide-0.5.5/out/server/src/server.js:2430:8440\n    at /home/ramiro/.vscode/extensions/uqbar.wollok-lsp-ide-0.5.5/out/server/src/server.js:37:74872\n    at Ke (/home/ramiro/.vscode/extensions/uqbar.wollok-lsp-ide-0.5.5/out/server/src/server.js:7:8527)\n    at It (/home/ramiro/.vscode/extensions/uqbar.wollok-lsp-ide-0.5.5/out/server/src/server.js:7:6189)\n    at et (/home/ramiro/.vscode/extensions/uqbar.wollok-lsp-ide-0.5.5/out/server/src/server.js:7:6378)\n    at Immediate._onImmediate (/home/ramiro/.vscode/extensions/uqbar.wollok-lsp-ide-0.5.5/out/server/src/server.js:7:6142)\n    at process.processImmediate (node:internal/timers:504:21)","timestamp":"2026-09-17T03:13:47.863Z"}
{"level":"error","message":"✘ Completions for node Assignment ([78:3, 78:20] - src/cosas.wlk) failed: Error: [Assignment]{a7c497} at src/cosas.wlk:78 exhausted all cases without a match [Assignment]{a7c497} at src/cosas.wlk:78 exhausted all cases without a match","stack":"Error: [Assignment]{a7c497} at src/cosas.wlk:78 exhausted all cases without a match\n    at /home/ramiro/.vscode/extensions/uqbar.wollok-lsp-ide-0.5.5/out/server/src/server.js:38:6142\n    at L2 (/home/ramiro/.vscode/extensions/uqbar.wollok-lsp-ide-0.5.5/out/server/src/server.js:2421:42)\n    at Jh (/home/ramiro/.vscode/extensions/uqbar.wollok-lsp-ide-0.5.5/out/server/src/server.js:2421:1092)\n    at L2 (/home/ramiro/.vscode/extensions/uqbar.wollok-lsp-ide-0.5.5/out/server/src/server.js:2421:544)\n    at /home/ramiro/.vscode/extensions/uqbar.wollok-lsp-ide-0.5.5/out/server/src/server.js:2421:2988\n    at /home/ramiro/.vscode/extensions/uqbar.wollok-lsp-ide-0.5.5/out/server/src/server.js:2430:8440\n    at /home/ramiro/.vscode/extensions/uqbar.wollok-lsp-ide-0.5.5/out/server/src/server.js:37:74872\n    at Ke (/home/ramiro/.vscode/extensions/uqbar.wollok-lsp-ide-0.5.5/out/server/src/server.js:7:8527)\n    at It (/home/ramiro/.vscode/extensions/uqbar.wollok-lsp-ide-0.5.5/out/server/src/server.js:7:6189)\n    at et (/home/ramiro/.vscode/extensions/uqbar.wollok-lsp-ide-0.5.5/out/server/src/server.js:7:6378)","timestamp":"2026-09-17T03:13:47.863Z"}
{"level":"info","message":"⌛ Validating src/cosas.wlk","timeElapsed":152,"timestamp":"2026-09-17T03:13:48.027Z"}
{"level":"info","message":"⌛ Validating src/cosas.wlk","timeElapsed":202,"timestamp":"2026-09-17T03:13:48.246Z"}
{"level":"info","message":"⌛ Building environment","timeElapsed":260,"timestamp":"2026-09-17T03:13:56.715Z"}
{"level":"info","message":"⌛ Validating src/cosas.wlk","timeElapsed":178,"timestamp":"2026-09-17T03:13:56.910Z"}
{"level":"info","message":"⌛ Building environment","timeElapsed":225,"timestamp":"2026-09-17T03:13:57.939Z"}
{"level":"info","message":"⌛ Validating src/cosas.wlk","timeElapsed":183,"timestamp":"2026-09-17T03:13:58.130Z"}
{"level":"info","message":"⌛ Building environment","timeElapsed":230,"timestamp":"2026-09-17T03:13:59.369Z"}
{"level":"info","message":"⌛ Building environment","timeElapsed":227,"timestamp":"2026-09-17T03:13:59.630Z"}
{"level":"info","message":"⌛ Validating src/cosas.wlk","timeElapsed":197,"timestamp":"2026-09-17T03:13:59.843Z"}
{"level":"info","message":"⌛ Building environment","timeElapsed":205,"timestamp":"2026-09-17T03:14:00.067Z"}
{"level":"info","message":"⌛ Validating src/cosas.wlk","timeElapsed":158,"timestamp":"2026-09-17T03:14:00.226Z"}
{"level":"info","message":"⌛ Building environment","timeElapsed":136,"timestamp":"2026-09-17T03:14:00.366Z"}
{"level":"info","message":"⌛ Validating src/cosas.wlk","timeElapsed":199,"timestamp":"2026-09-17T03:14:00.572Z"}
{"level":"info","message":"⌛ Validating src/cosas.wlk","timeElapsed":206,"timestamp":"2026-09-17T03:14:00.788Z"}
{"level":"info","message":"⌛ Building environment","timeElapsed":225,"timestamp":"2026-09-17T03:14:01.014Z"}
{"level":"info","message":"⌛ Validating src/cosas.wlk","timeElapsed":169,"timestamp":"2026-09-17T03:14:01.218Z"}
{"level":"info","message":"⌛ Building environment","timeElapsed":209,"timestamp":"2026-09-17T03:14:04.007Z"}
{"level":"info","message":"⌛ Validating src/cosas.wlk","timeElapsed":148,"timestamp":"2026-09-17T03:14:04.178Z"}
{"level":"info","message":"⌛ Building environment","timeElapsed":346,"timestamp":"2026-09-17T03:14:07.101Z"}
{"level":"info","message":"⌛ Building environment","timeElapsed":186,"timestamp":"2026-09-17T03:14:07.288Z"}
{"level":"info","message":"⌛ Validating src/cosas.wlk","timeElapsed":136,"timestamp":"2026-09-17T03:14:07.424Z"}
{"level":"info","message":"⌛ Validating src/cosas.wlk","timeElapsed":163,"timestamp":"2026-09-17T03:14:07.648Z"}
{"level":"info","message":"⌛ Building environment","timeElapsed":209,"timestamp":"2026-09-17T03:14:07.859Z"}
{"level":"info","message":"⌛ Building environment","timeElapsed":164,"timestamp":"2026-09-17T03:14:08.037Z"}
{"level":"info","message":"⌛ Validating src/cosas.wlk","timeElapsed":164,"timestamp":"2026-09-17T03:14:08.213Z"}
{"level":"info","message":"⌛ Validating src/cosas.wlk","timeElapsed":152,"timestamp":"2026-09-17T03:14:08.385Z"}
{"level":"info","message":"⌛ Building environment","timeElapsed":191,"timestamp":"2026-09-17T03:14:08.577Z"}
{"level":"info","message":"⌛ Validating src/cosas.wlk","timeElapsed":173,"timestamp":"2026-09-17T03:14:08.867Z"}
{"level":"info","message":"⌛ Building environment","timeElapsed":194,"timestamp":"2026-09-17T03:14:09.072Z"}
{"level":"info","message":"⌛ Validating src/cosas.wlk","timeElapsed":169,"timestamp":"2026-09-17T03:14:09.247Z"}
{"level":"info","message":"⌛ Building environment","timeElapsed":388,"timestamp":"2026-09-17T03:14:10.016Z"}
{"level":"info","message":"⌛ Validating src/cosas.wlk","timeElapsed":152,"timestamp":"2026-09-17T03:14:10.191Z"}
{"level":"info","message":"⌛ Building environment","timeElapsed":291,"timestamp":"2026-09-17T03:14:11.301Z"}
{"level":"info","message":"⌛ Building environment","timeElapsed":171,"timestamp":"2026-09-17T03:14:11.483Z"}
{"level":"info","message":"⌛ Validating src/cosas.wlk","timeElapsed":209,"timestamp":"2026-09-17T03:14:11.694Z"}
{"level":"info","message":"⌛ Validating src/cosas.wlk","timeElapsed":140,"timestamp":"2026-09-17T03:14:11.845Z"}
{"level":"info","message":"⌛ Building environment","timeElapsed":228,"timestamp":"2026-09-17T03:14:13.654Z"}
{"level":"info","message":"⌛ Validating src/cosas.wlk","timeElapsed":180,"timestamp":"2026-09-17T03:14:13.837Z"}
{"level":"info","message":"⌛ Building environment","timeElapsed":226,"timestamp":"2026-09-17T03:14:15.315Z"}
{"level":"info","message":"⌛ Validating src/cosas.wlk","timeElapsed":157,"timestamp":"2026-09-17T03:14:15.481Z"}
{"level":"info","message":"⌛ Building environment","timeElapsed":170,"timestamp":"2026-09-17T03:17:06.903Z"}
{"level":"info","message":"⌛ Validating src/cosas.wlk","timeElapsed":144,"timestamp":"2026-09-17T03:17:07.049Z"}
{"level":"info","message":"⌛ Building environment","timeElapsed":108,"timestamp":"2026-09-17T03:18:09.596Z"}
{"level":"info","message":"⌛ Validating src/cosas.wlk","timeElapsed":115,"timestamp":"2026-09-17T03:18:09.783Z"}
{"level":"info","message":"⌛ Building environment","timeElapsed":130,"timestamp":"2026-09-17T03:18:10.641Z"}
{"level":"info","message":"⌛ Validating src/cosas.wlk","timeElapsed":113,"timestamp":"2026-09-17T03:18:10.755Z"}
{"level":"info","message":"⌛ Building environment","timeElapsed":174,"timestamp":"2026-09-17T03:18:11.771Z"}
{"level":"info","message":"⌛ Validating src/cosas.wlk","timeElapsed":207,"timestamp":"2026-09-17T03:18:11.980Z"}
{"level":"info","message":"⌛ Building environment","timeElapsed":115,"timestamp":"2026-09-17T03:18:12.094Z"}
{"level":"info","message":"⌛ Building environment","timeElapsed":108,"timestamp":"2026-09-17T03:18:12.203Z"}
{"level":"info","message":"⌛ Validating src/cosas.wlk","timeElapsed":158,"timestamp":"2026-09-17T03:18:12.362Z"}
{"level":"info","message":"⌛ Building environment","timeElapsed":112,"timestamp":"2026-09-17T03:18:15.240Z"}
{"level":"info","message":"⌛ Validating src/cosas.wlk","timeElapsed":128,"timestamp":"2026-09-17T03:18:15.396Z"}
{"level":"info","message":"⌛ Building environment","timeElapsed":114,"timestamp":"2026-09-17T03:18:16.312Z"}
{"level":"info","message":"⌛ Building environment","timeElapsed":137,"timestamp":"2026-09-17T03:18:17.120Z"}
{"level":"info","message":"⌛ Validating src/cosas.wlk","timeElapsed":113,"timestamp":"2026-09-17T03:18:17.236Z"}
{"level":"info","message":"⌛ Building environment","timeElapsed":173,"timestamp":"2026-09-17T03:18:17.410Z"}
{"level":"info","message":"⌛ Building environment","timeElapsed":116,"timestamp":"2026-09-17T03:18:20.892Z"}
{"level":"info","message":"⌛ Validating src/cosas.wlk","timeElapsed":104,"timestamp":"2026-09-17T03:18:20.999Z"}
{"level":"info","message":"⌛ Building environment","timeElapsed":106,"timestamp":"2026-09-17T03:18:29.704Z"}
{"level":"error","message":"✘ Completions for node Send ([97:3, 97:15] - src/cosas.wlk) failed: Error: [Send]{f6b573} at src/cosas.wlk:97 exhausted all cases without a match [Send]{f6b573} at src/cosas.wlk:97 exhausted all cases without a match","stack":"Error: [Send]{f6b573} at src/cosas.wlk:97 exhausted all cases without a match\n    at /home/ramiro/.vscode/extensions/uqbar.wollok-lsp-ide-0.5.5/out/server/src/server.js:38:6142\n    at L2 (/home/ramiro/.vscode/extensions/uqbar.wollok-lsp-ide-0.5.5/out/server/src/server.js:2421:42)\n    at Jh (/home/ramiro/.vscode/extensions/uqbar.wollok-lsp-ide-0.5.5/out/server/src/server.js:2421:1092)\n    at w5n (/home/ramiro/.vscode/extensions/uqbar.wollok-lsp-ide-0.5.5/out/server/src/server.js:2421:1248)\n    at /home/ramiro/.vscode/extensions/uqbar.wollok-lsp-ide-0.5.5/out/server/src/server.js:38:6131\n    at L2 (/home/ramiro/.vscode/extensions/uqbar.wollok-lsp-ide-0.5.5/out/server/src/server.js:2421:42)\n    at /home/ramiro/.vscode/extensions/uqbar.wollok-lsp-ide-0.5.5/out/server/src/server.js:2421:2988\n    at /home/ramiro/.vscode/extensions/uqbar.wollok-lsp-ide-0.5.5/out/server/src/server.js:2430:8440\n    at /home/ramiro/.vscode/extensions/uqbar.wollok-lsp-ide-0.5.5/out/server/src/server.js:37:74872\n    at Ke (/home/ramiro/.vscode/extensions/uqbar.wollok-lsp-ide-0.5.5/out/server/src/server.js:7:8527)","timestamp":"2026-09-17T03:18:29.728Z"}
{"level":"info","message":"⌛ Validating src/cosas.wlk","timeElapsed":110,"timestamp":"2026-09-17T03:18:29.842Z"}
{"level":"info","message":"⌛ Building environment","timeElapsed":197,"timestamp":"2026-09-17T03:18:30.437Z"}
{"level":"info","message":"⌛ Validating src/cosas.wlk","timeElapsed":131,"timestamp":"2026-09-17T03:18:30.569Z"}
{"level":"info","message":"⌛ Building environment","timeElapsed":138,"timestamp":"2026-09-17T03:18:31.362Z"}
{"level":"info","message":"⌛ Validating src/cosas.wlk","timeElapsed":106,"timestamp":"2026-09-17T03:18:31.566Z"}
{"level":"info","message":"⌛ Validating src/cosas.wlk","timeElapsed":141,"timestamp":"2026-09-17T03:18:31.710Z"}
{"level":"info","message":"⌛ Building environment","timeElapsed":127,"timestamp":"2026-09-17T03:18:37.143Z"}
{"level":"info","message":"⌛ Validating src/cosas.wlk","timeElapsed":101,"timestamp":"2026-09-17T03:18:37.246Z"}
{"level":"info","message":"⌛ Building environment","timeElapsed":127,"timestamp":"2026-09-17T03:18:38.763Z"}
{"level":"info","message":"⌛ Building environment","timeElapsed":147,"timestamp":"2026-09-17T03:18:39.509Z"}
{"level":"info","message":"⌛ Validating src/cosas.wlk","timeElapsed":136,"timestamp":"2026-09-17T03:18:39.687Z"}
{"level":"info","message":"⌛ Building environment","timeElapsed":182,"timestamp":"2026-09-17T03:18:40.105Z"}
{"level":"info","message":"⌛ Validating src/cosas.wlk","timeElapsed":110,"timestamp":"2026-09-17T03:18:40.223Z"}
{"level":"info","message":"⌛ Building environment","timeElapsed":141,"timestamp":"2026-09-17T03:18:40.866Z"}
{"level":"info","message":"⌛ Validating src/cosas.wlk","timeElapsed":123,"timestamp":"2026-09-17T03:18:41.096Z"}
{"level":"info","message":"⌛ Validating src/cosas.wlk","timeElapsed":217,"timestamp":"2026-09-17T03:18:41.314Z"}
{"level":"info","message":"⌛ Building environment","timeElapsed":198,"timestamp":"2026-09-17T03:18:42.083Z"}
{"level":"info","message":"⌛ Validating src/cosas.wlk","timeElapsed":119,"timestamp":"2026-09-17T03:18:42.246Z"}
{"level":"info","message":"⌛ Building environment","timeElapsed":108,"timestamp":"2026-09-17T03:18:45.371Z"}
{"level":"info","message":"⌛ Building environment","timeElapsed":114,"timestamp":"2026-09-17T03:18:48.698Z"}
{"level":"info","message":"⌛ Validating src/cosas.wlk","timeElapsed":103,"timestamp":"2026-09-17T03:18:48.811Z"}
{"level":"info","message":"⌛ Building environment","timeElapsed":131,"timestamp":"2026-09-17T03:18:59.277Z"}
{"level":"info","message":"⌛ Validating src/cosas.wlk","timeElapsed":117,"timestamp":"2026-09-17T03:18:59.402Z"}
{"level":"info","message":"⌛ Building environment","timeElapsed":139,"timestamp":"2026-09-17T03:21:23.730Z"}
{"level":"error","message":"✘ Completions for node Send ([97:3, 97:36] - src/cosas.wlk) failed: Error: [Send]{425739} at src/cosas.wlk:97 exhausted all cases without a match [Send]{425739} at src/cosas.wlk:97 exhausted all cases without a match","stack":"Error: [Send]{425739} at src/cosas.wlk:97 exhausted all cases without a match\n    at /home/ramiro/.vscode/extensions/uqbar.wollok-lsp-ide-0.5.5/out/server/src/server.js:38:6142\n    at L2 (/home/ramiro/.vscode/extensions/uqbar.wollok-lsp-ide-0.5.5/out/server/src/server.js:2421:42)\n    at /home/ramiro/.vscode/extensions/uqbar.wollok-lsp-ide-0.5.5/out/server/src/server.js:2421:2988\n    at /home/ramiro/.vscode/extensions/uqbar.wollok-lsp-ide-0.5.5/out/server/src/server.js:2430:8440\n    at /home/ramiro/.vscode/extensions/uqbar.wollok-lsp-ide-0.5.5/out/server/src/server.js:37:74872\n    at Ke (/home/ramiro/.vscode/extensions/uqbar.wollok-lsp-ide-0.5.5/out/server/src/server.js:7:8527)\n    at It (/home/ramiro/.vscode/extensions/uqbar.wollok-lsp-ide-0.5.5/out/server/src/server.js:7:6189)\n    at et (/home/ramiro/.vscode/extensions/uqbar.wollok-lsp-ide-0.5.5/out/server/src/server.js:7:6378)\n    at Immediate._onImmediate (/home/ramiro/.vscode/extensions/uqbar.wollok-lsp-ide-0.5.5/out/server/src/server.js:7:6142)\n    at process.processImmediate (node:internal/timers:504:21)","timestamp":"2026-09-17T03:21:23.805Z"}
{"level":"info","message":"⌛ Validating src/cosas.wlk","timeElapsed":105,"timestamp":"2026-09-17T03:21:23.925Z"}
{"level":"info","message":"⌛ Building environment","timeElapsed":197,"timestamp":"2026-09-17T03:21:24.220Z"}
{"level":"error","message":"✘ Completions for node Send ([97:3, 97:37] - src/cosas.wlk) failed: Error: [Send]{9eee32} at src/cosas.wlk:97 exhausted all cases without a match [Send]{9eee32} at src/cosas.wlk:97 exhausted all cases without a match","stack":"Error: [Send]{9eee32} at src/cosas.wlk:97 exhausted all cases without a match\n    at /home/ramiro/.vscode/extensions/uqbar.wollok-lsp-ide-0.5.5/out/server/src/server.js:38:6142\n    at L2 (/home/ramiro/.vscode/extensions/uqbar.wollok-lsp-ide-0.5.5/out/server/src/server.js:2421:42)\n    at /home/ramiro/.vscode/extensions/uqbar.wollok-lsp-ide-0.5.5/out/server/src/server.js:2421:2988\n    at /home/ramiro/.vscode/extensions/uqbar.wollok-lsp-ide-0.5.5/out/server/src/server.js:2430:8440\n    at /home/ramiro/.vscode/extensions/uqbar.wollok-lsp-ide-0.5.5/out/server/src/server.js:37:74872\n    at Ke (/home/ramiro/.vscode/extensions/uqbar.wollok-lsp-ide-0.5.5/out/server/src/server.js:7:8527)\n    at It (/home/ramiro/.vscode/extensions/uqbar.wollok-lsp-ide-0.5.5/out/server/src/server.js:7:6189)\n    at et (/home/ramiro/.vscode/extensions/uqbar.wollok-lsp-ide-0.5.5/out/server/src/server.js:7:6378)\n    at Immediate._onImmediate (/home/ramiro/.vscode/extensions/uqbar.wollok-lsp-ide-0.5.5/out/server/src/server.js:7:6142)\n    at process.processImmediate (node:internal/timers:504:21)","timestamp":"2026-09-17T03:21:24.241Z"}
{"level":"info","message":"⌛ Building environment","timeElapsed":115,"timestamp":"2026-09-17T03:21:24.362Z"}
{"level":"info","message":"⌛ Validating src/cosas.wlk","timeElapsed":167,"timestamp":"2026-09-17T03:21:24.530Z"}
{"level":"info","message":"⌛ Building environment","timeElapsed":114,"timestamp":"2026-09-17T03:21:25.657Z"}
{"level":"error","message":"✘ Completions for node Send ([97:3, 97:39] - src/cosas.wlk) failed: Error: [Send]{50b7a5} at src/cosas.wlk:97 exhausted all cases without a match [Send]{50b7a5} at src/cosas.wlk:97 exhausted all cases without a match","stack":"Error: [Send]{50b7a5} at src/cosas.wlk:97 exhausted all cases without a match\n    at /home/ramiro/.vscode/extensions/uqbar.wollok-lsp-ide-0.5.5/out/server/src/server.js:38:6142\n    at L2 (/home/ramiro/.vscode/extensions/uqbar.wollok-lsp-ide-0.5.5/out/server/src/server.js:2421:42)\n    at /home/ramiro/.vscode/extensions/uqbar.wollok-lsp-ide-0.5.5/out/server/src/server.js:2421:2988\n    at /home/ramiro/.vscode/extensions/uqbar.wollok-lsp-ide-0.5.5/out/server/src/server.js:2430:8440\n    at /home/ramiro/.vscode/extensions/uqbar.wollok-lsp-ide-0.5.5/out/server/src/server.js:37:74872\n    at Ke (/home/ramiro/.vscode/extensions/uqbar.wollok-lsp-ide-0.5.5/out/server/src/server.js:7:8527)\n    at It (/home/ramiro/.vscode/extensions/uqbar.wollok-lsp-ide-0.5.5/out/server/src/server.js:7:6189)\n    at et (/home/ramiro/.vscode/extensions/uqbar.wollok-lsp-ide-0.5.5/out/server/src/server.js:7:6378)\n    at Immediate._onImmediate (/home/ramiro/.vscode/extensions/uqbar.wollok-lsp-ide-0.5.5/out/server/src/server.js:7:6142)\n    at process.processImmediate (node:internal/timers:504:21)","timestamp":"2026-09-17T03:21:25.684Z"}
{"level":"info","message":"⌛ Validating src/cosas.wlk","timeElapsed":113,"timestamp":"2026-09-17T03:21:25.800Z"}
{"level":"info","message":"⌛ Building environment","timeElapsed":104,"timestamp":"2026-09-17T03:21:26.019Z"}
{"level":"error","message":"✘ Completions for node Send ([97:3, 97:40] - src/cosas.wlk) failed: Error: [Send]{4d9cf6} at src/cosas.wlk:97 exhausted all cases without a match [Send]{4d9cf6} at src/cosas.wlk:97 exhausted all cases without a match","stack":"Error: [Send]{4d9cf6} at src/cosas.wlk:97 exhausted all cases without a match\n    at /home/ramiro/.vscode/extensions/uqbar.wollok-lsp-ide-0.5.5/out/server/src/server.js:38:6142\n    at L2 (/home/ramiro/.vscode/extensions/uqbar.wollok-lsp-ide-0.5.5/out/server/src/server.js:2421:42)\n    at /home/ramiro/.vscode/extensions/uqbar.wollok-lsp-ide-0.5.5/out/server/src/server.js:2421:2988\n    at /home/ramiro/.vscode/extensions/uqbar.wollok-lsp-ide-0.5.5/out/server/src/server.js:2430:8440\n    at /home/ramiro/.vscode/extensions/uqbar.wollok-lsp-ide-0.5.5/out/server/src/server.js:37:74872\n    at Ke (/home/ramiro/.vscode/extensions/uqbar.wollok-lsp-ide-0.5.5/out/server/src/server.js:7:8527)\n    at It (/home/ramiro/.vscode/extensions/uqbar.wollok-lsp-ide-0.5.5/out/server/src/server.js:7:6189)\n    at et (/home/ramiro/.vscode/extensions/uqbar.wollok-lsp-ide-0.5.5/out/server/src/server.js:7:6378)\n    at Immediate._onImmediate (/home/ramiro/.vscode/extensions/uqbar.wollok-lsp-ide-0.5.5/out/server/src/server.js:7:6142)\n    at process.processImmediate (node:internal/timers:504:21)","timestamp":"2026-09-17T03:21:26.042Z"}
{"level":"info","message":"⌛ Building environment","timeElapsed":130,"timestamp":"2026-09-17T03:21:26.311Z"}
{"level":"error","message":"✘ Completions for node Send ([97:3, 97:41] - src/cosas.wlk) failed: Error: [Send]{34f9da} at src/cosas.wlk:97 exhausted all cases without a match [Send]{34f9da} at src/cosas.wlk:97 exhausted all cases without a match","stack":"Error: [Send]{34f9da} at src/cosas.wlk:97 exhausted all cases without a match\n    at /home/ramiro/.vscode/extensions/uqbar.wollok-lsp-ide-0.5.5/out/server/src/server.js:38:6142\n    at L2 (/home/ramiro/.vscode/extensions/uqbar.wollok-lsp-ide-0.5.5/out/server/src/server.js:2421:42)\n    at /home/ramiro/.vscode/extensions/uqbar.wollok-lsp-ide-0.5.5/out/server/src/server.js:2421:2988\n    at /home/ramiro/.vscode/extensions/uqbar.wollok-lsp-ide-0.5.5/out/server/src/server.js:2430:8440\n    at /home/ramiro/.vscode/extensions/uqbar.wollok-lsp-ide-0.5.5/out/server/src/server.js:37:74872\n    at Ke (/home/ramiro/.vscode/extensions/uqbar.wollok-lsp-ide-0.5.5/out/server/src/server.js:7:8527)\n    at It (/home/ramiro/.vscode/extensions/uqbar.wollok-lsp-ide-0.5.5/out/server/src/server.js:7:6189)\n    at et (/home/ramiro/.vscode/extensions/uqbar.wollok-lsp-ide-0.5.5/out/server/src/server.js:7:6378)\n    at Immediate._onImmediate (/home/ramiro/.vscode/extensions/uqbar.wollok-lsp-ide-0.5.5/out/server/src/server.js:7:6142)\n    at process.processImmediate (node:internal/timers:504:21)","timestamp":"2026-09-17T03:21:26.334Z"}
{"level":"info","message":"⌛ Validating src/cosas.wlk","timeElapsed":218,"timestamp":"2026-09-17T03:21:26.556Z"}
{"level":"error","message":"✘ Completions for node Send ([97:3, 97:42] - src/cosas.wlk) failed: Error: [Send]{963682} at src/cosas.wlk:97 exhausted all cases without a match [Send]{963682} at src/cosas.wlk:97 exhausted all cases without a match","stack":"Error: [Send]{963682} at src/cosas.wlk:97 exhausted all cases without a match\n    at /home/ramiro/.vscode/extensions/uqbar.wollok-lsp-ide-0.5.5/out/server/src/server.js:38:6142\n    at L2 (/home/ramiro/.vscode/extensions/uqbar.wollok-lsp-ide-0.5.5/out/server/src/server.js:2421:42)\n    at /home/ramiro/.vscode/extensions/uqbar.wollok-lsp-ide-0.5.5/out/server/src/server.js:2421:2988\n    at /home/ramiro/.vscode/extensions/uqbar.wollok-lsp-ide-0.5.5/out/server/src/server.js:2430:8440\n    at /home/ramiro/.vscode/extensions/uqbar.wollok-lsp-ide-0.5.5/out/server/src/server.js:37:74872\n    at Ke (/home/ramiro/.vscode/extensions/uqbar.wollok-lsp-ide-0.5.5/out/server/src/server.js:7:8527)\n    at It (/home/ramiro/.vscode/extensions/uqbar.wollok-lsp-ide-0.5.5/out/server/src/server.js:7:6189)\n    at et (/home/ramiro/.vscode/extensions/uqbar.wollok-lsp-ide-0.5.5/out/server/src/server.js:7:6378)\n    at Immediate._onImmediate (/home/ramiro/.vscode/extensions/uqbar.wollok-lsp-ide-0.5.5/out/server/src/server.js:7:6142)\n    at process.processImmediate (node:internal/timers:504:21)","timestamp":"2026-09-17T03:21:26.698Z"}
{"level":"info","message":"⌛ Validating src/cosas.wlk","timeElapsed":105,"timestamp":"2026-09-17T03:21:26.806Z"}
{"level":"info","message":"⌛ Building environment","timeElapsed":115,"timestamp":"2026-09-17T03:21:51.143Z"}
{"level":"info","message":"⌛ Validating src/cosas.wlk","timeElapsed":142,"timestamp":"2026-09-17T03:21:51.288Z"}
{"level":"info","message":"⌛ Building environment","timeElapsed":167,"timestamp":"2026-09-17T03:21:54.381Z"}
{"level":"info","message":"⌛ Validating src/cosas.wlk","timeElapsed":151,"timestamp":"2026-09-17T03:21:54.547Z"}
{"level":"info","message":"⌛ Building environment","timeElapsed":106,"timestamp":"2026-09-17T03:21:55.710Z"}
{"level":"info","message":"⌛ Validating src/cosas.wlk","timeElapsed":107,"timestamp":"2026-09-17T03:21:55.819Z"}
{"level":"info","message":"⌛ Validating src/cosas.wlk","timeElapsed":123,"timestamp":"2026-09-17T03:21:56.064Z"}
{"level":"info","message":"⌛ Building environment","timeElapsed":131,"timestamp":"2026-09-17T03:21:57.141Z"}
{"level":"info","message":"⌛ Validating src/cosas.wlk","timeElapsed":110,"timestamp":"2026-09-17T03:21:57.254Z"}
{"level":"info","message":"⌛ Building environment","timeElapsed":130,"timestamp":"2026-09-17T03:22:03.990Z"}
{"level":"info","message":"⌛ Validating src/cosas.wlk","timeElapsed":103,"timestamp":"2026-09-17T03:22:04.095Z"}
{"level":"info","message":"⌛ Building environment","timeElapsed":115,"timestamp":"2026-09-17T03:22:05.597Z"}
{"level":"info","message":"⌛ Validating src/cosas.wlk","timeElapsed":105,"timestamp":"2026-09-17T03:22:05.704Z"}
{"level":"info","message":"⌛ Building environment","timeElapsed":132,"timestamp":"2026-09-17T03:22:11.379Z"}
{"level":"info","message":"⌛ Validating src/cosas.wlk","timeElapsed":131,"timestamp":"2026-09-17T03:22:11.512Z"}
{"level":"info","message":"⌛ Building environment","timeElapsed":133,"timestamp":"2026-09-17T03:22:14.079Z"}
{"level":"info","message":"⌛ Validating src/cosas.wlk","timeElapsed":119,"timestamp":"2026-09-17T03:22:14.318Z"}
{"level":"info","message":"⌛ Validating src/cosas.wlk","timeElapsed":159,"timestamp":"2026-09-17T03:22:14.479Z"}
{"level":"info","message":"⌛ Building environment","timeElapsed":102,"timestamp":"2026-09-17T03:22:14.590Z"}
{"level":"info","message":"⌛ Building environment","timeElapsed":110,"timestamp":"2026-09-17T03:22:14.708Z"}
{"level":"info","message":"⌛ Validating src/cosas.wlk","timeElapsed":102,"timestamp":"2026-09-17T03:22:14.809Z"}
{"level":"info","message":"⌛ Building environment","timeElapsed":117,"timestamp":"2026-09-17T03:22:15.370Z"}
{"level":"info","message":"⌛ Validating src/cosas.wlk","timeElapsed":102,"timestamp":"2026-09-17T03:22:15.475Z"}
{"level":"info","message":"⌛ Building environment","timeElapsed":111,"timestamp":"2026-09-17T03:22:17.382Z"}
{"level":"info","message":"⌛ Validating src/cosas.wlk","timeElapsed":112,"timestamp":"2026-09-17T03:22:17.496Z"}
{"level":"info","message":"⌛ Building environment","timeElapsed":147,"timestamp":"2026-09-17T03:22:18.213Z"}
{"level":"info","message":"⌛ Validating src/cosas.wlk","timeElapsed":127,"timestamp":"2026-09-17T03:22:18.348Z"}
{"level":"info","message":"⌛ Validating src/cosas.wlk","timeElapsed":101,"timestamp":"2026-09-17T03:22:20.177Z"}
{"level":"info","message":"⌛ Building environment","timeElapsed":137,"timestamp":"2026-09-17T03:22:20.613Z"}
{"level":"info","message":"⌛ Validating src/cosas.wlk","timeElapsed":106,"timestamp":"2026-09-17T03:22:20.721Z"}
{"level":"info","message":"⌛ Building environment","timeElapsed":193,"timestamp":"2026-09-17T03:22:21.402Z"}
{"level":"info","message":"⌛ Validating src/cosas.wlk","timeElapsed":105,"timestamp":"2026-09-17T03:22:21.517Z"}
{"level":"info","message":"⌛ Validating src/test5.wtest","timeElapsed":147,"timestamp":"2026-09-17T03:22:56.041Z"}
{"level":"error","message":"✘ Failed to rebuild document Failed to parse src/test5.wtest: \n-- PARSING FAILED --------------------------------------------------\n\n  159 | ---\n  160 | \n> 161 | ### 3. Pruebas Automatizadas (`modificacionesAlCargar.wtest`)\n      |                                                            ^\n  162 | \n  163 | En el archivo `.wtest` testeamos los efectos sufridos por las cargas al ingresar al camión:\n\nExpected one of the following: \n\nstring literal, whitespace\n","stack":"Error: Failed to parse src/test5.wtest: \n-- PARSING FAILED --------------------------------------------------\n\n  159 | ---\n  160 | \n> 161 | ### 3. Pruebas Automatizadas (`modificacionesAlCargar.wtest`)\n      |                                                            ^\n  162 | \n  163 | En el archivo `.wtest` testeamos los efectos sufridos por las cargas al ingresar al camión:\n\nExpected one of the following: \n\nstring literal, whitespace\n\n    at /home/ramiro/.vscode/extensions/uqbar.wollok-lsp-ide-0.5.5/out/server/src/server.js:2385:13026\n    at Array.map (<anonymous>)\n    at z1n (/home/ramiro/.vscode/extensions/uqbar.wollok-lsp-ide-0.5.5/out/server/src/server.js:2385:12950)\n    at H2.buildEnvironmentFrom (/home/ramiro/.vscode/extensions/uqbar.wollok-lsp-ide-0.5.5/out/server/src/server.js:2430:5254)\n    at H2.updateEnvironmentWith (/home/ramiro/.vscode/extensions/uqbar.wollok-lsp-ide-0.5.5/out/server/src/server.js:2430:4989)\n    at QF (/home/ramiro/.vscode/extensions/uqbar.wollok-lsp-ide-0.5.5/out/server/src/server.js:2430:7383)\n    at V3.invoke (/home/ramiro/.vscode/extensions/uqbar.wollok-lsp-ide-0.5.5/out/server/src/server.js:3:157330)\n    at o.fire (/home/ramiro/.vscode/extensions/uqbar.wollok-lsp-ide-0.5.5/out/server/src/server.js:3:158100)\n    at /home/ramiro/.vscode/extensions/uqbar.wollok-lsp-ide-0.5.5/out/server/src/server.js:37:57871\n    at nd (/home/ramiro/.vscode/extensions/uqbar.wollok-lsp-ide-0.5.5/out/server/src/server.js:8:1561)","timestamp":"2026-09-17T03:26:06.253Z"}
{"level":"error","message":"✘ Failed to rebuild document Failed to parse src/test5.wtest: \n-- PARSING FAILED --------------------------------------------------\n\n  159 | ---\n  160 | \n> 161 | ### 3. Pruebas Automatizadas (`modificacionesAlCargar.wtest`)\n      |                                                            ^\n  162 | \n  163 | En el archivo `.wtest` testeamos los efectos sufridos por las cargas al ingresar al camión:\n\nExpected one of the following: \n\nstring literal, whitespace\n","stack":"Error: Failed to parse src/test5.wtest: \n-- PARSING FAILED --------------------------------------------------\n\n  159 | ---\n  160 | \n> 161 | ### 3. Pruebas Automatizadas (`modificacionesAlCargar.wtest`)\n      |                                                            ^\n  162 | \n  163 | En el archivo `.wtest` testeamos los efectos sufridos por las cargas al ingresar al camión:\n\nExpected one of the following: \n\nstring literal, whitespace\n\n    at /home/ramiro/.vscode/extensions/uqbar.wollok-lsp-ide-0.5.5/out/server/src/server.js:2385:13026\n    at Array.map (<anonymous>)\n    at z1n (/home/ramiro/.vscode/extensions/uqbar.wollok-lsp-ide-0.5.5/out/server/src/server.js:2385:12950)\n    at H2.buildEnvironmentFrom (/home/ramiro/.vscode/extensions/uqbar.wollok-lsp-ide-0.5.5/out/server/src/server.js:2430:5254)\n    at H2.updateEnvironmentWith (/home/ramiro/.vscode/extensions/uqbar.wollok-lsp-ide-0.5.5/out/server/src/server.js:2430:4989)\n    at QF (/home/ramiro/.vscode/extensions/uqbar.wollok-lsp-ide-0.5.5/out/server/src/server.js:2430:7383)\n    at V3.invoke (/home/ramiro/.vscode/extensions/uqbar.wollok-lsp-ide-0.5.5/out/server/src/server.js:3:157330)\n    at o.fire (/home/ramiro/.vscode/extensions/uqbar.wollok-lsp-ide-0.5.5/out/server/src/server.js:3:158100)\n    at /home/ramiro/.vscode/extensions/uqbar.wollok-lsp-ide-0.5.5/out/server/src/server.js:37:57871\n    at nd (/home/ramiro/.vscode/extensions/uqbar.wollok-lsp-ide-0.5.5/out/server/src/server.js:8:1561)","timestamp":"2026-09-17T03:26:12.746Z"}
{"level":"info","message":"⌛ Building environment","timeElapsed":122,"timestamp":"2026-09-17T03:26:19.026Z"}
{"level":"info","message":"⌛ Validating src/test5.wtest","timeElapsed":141,"timestamp":"2026-09-17T03:26:19.170Z"}
{"level":"info","message":"⌛ Building environment","timeElapsed":105,"timestamp":"2026-09-17T03:27:01.235Z"}
{"level":"info","message":"⌛ Validating src/test5.wtest","timeElapsed":200,"timestamp":"2026-09-17T03:27:01.505Z"}
{"level":"info","message":"⌛ Validating src/test5.wtest","timeElapsed":112,"timestamp":"2026-09-17T03:27:09.505Z"}
{"level":"info","message":"⌛ Building environment","timeElapsed":102,"timestamp":"2026-09-17T03:27:30.237Z"}
{"level":"info","message":"⌛ Validating src/test5.wtest","timeElapsed":101,"timestamp":"2026-09-17T03:27:30.340Z"}
{"level":"info","message":"⌛ Building environment","timeElapsed":149,"timestamp":"2026-09-17T03:29:01.731Z"}
{"level":"info","message":"⌛ Validating src/test5.wtest","timeElapsed":228,"timestamp":"2026-09-17T03:29:02.083Z"}
{"level":"info","message":"⌛ Building environment","timeElapsed":127,"timestamp":"2026-09-17T03:29:10.095Z"}
{"level":"info","message":"⌛ Building environment","timeElapsed":114,"timestamp":"2026-09-17T03:29:10.210Z"}
{"level":"info","message":"⌛ Building environment","timeElapsed":101,"timestamp":"2026-09-17T03:29:10.366Z"}
{"level":"info","message":"Removing diagnostics from /home/ramiro/Proyectos/camiones/src/test5.wtest","timestamp":"2026-09-17T03:29:10.366Z"}
{"level":"info","message":"⌛ Building environment","timeElapsed":133,"timestamp":"2026-09-17T03:29:10.575Z"}
{"level":"info","message":"⌛ Validating src/test1.wtest","timeElapsed":130,"timestamp":"2026-09-17T03:29:10.705Z"}
{"level":"info","message":"⌛ Building environment","timeElapsed":110,"timestamp":"2026-09-17T03:29:36.481Z"}
{"level":"info","message":"⌛ Validating src/test2.wtest","timeElapsed":106,"timestamp":"2026-09-17T03:29:41.383Z"}
{"level":"info","message":"⌛ Building environment","timeElapsed":106,"timestamp":"2026-09-17T03:29:44.907Z"}
{"level":"info","message":"⌛ Validating src/test2.wtest","timeElapsed":103,"timestamp":"2026-09-17T03:29:57.375Z"}
{"level":"info","message":"🧪 Test runner executed on /home/ramiro/Proyectos/camiones","result":{"errored":8,"failed":0,"ok":1},"testsFailed":[{"error":["wollok.lang.MessageNotUnderstoodException: caja does not understand modificar()","  at src.camion.camion.cargar(unaCosa) [src/camion.wlk:60]","  at src.test1.\"Pruebas del Camión de Transporte\".\"Cargar exitosamente una cosa dentro del límite de peso\" [src/test1.wtest:28]"],"test":"src.test1.\"Pruebas del Camión de Transporte\".\"Cargar exitosamente una cosa dentro del límite de peso\""},{"error":["wollok.lang.MessageNotUnderstoodException: bidon does not understand modificar()","  at src.camion.camion.cargar(unaCosa) [src/camion.wlk:60]","  at src.test1.\"Pruebas del Camión de Transporte\".\"Error al cargar una cosa que excede el peso máximo permitido (2.5 t)\" [src/test1.wtest:34]"],"test":"src.test1.\"Pruebas del Camión de Transporte\".\"Error al cargar una cosa que excede el peso máximo permitido (2.5 t)\""},{"error":["wollok.lang.MessageNotUnderstoodException: caja does not understand modificar()","  at src.camion.camion.cargar(unaCosa) [src/camion.wlk:60]","  at src.test1.\"Pruebas del Camión de Transporte\".\"Descargar exitosamente una cosa previamente cargada\" [src/test1.wtest:42]"],"test":"src.test1.\"Pruebas del Camión de Transporte\".\"Descargar exitosamente una cosa previamente cargada\""},{"error":["wollok.lang.MessageNotUnderstoodException: caja does not understand modificar()","  at src.camion.camion.cargar(unaCosa) [src/camion.wlk:60]","  at src.test1.\"Pruebas del Camión de Transporte\".\"pesoTotal calcula la tara de 1000 kg más la carga agregada\" [src/test1.wtest:53]"],"test":"src.test1.\"Pruebas del Camión de Transporte\".\"pesoTotal calcula la tara de 1000 kg más la carga agregada\""},{"error":["wollok.lang.MessageNotUnderstoodException: bidon does not understand modificar()","  at src.camion.camion.cargar(unaCosa) [src/camion.wlk:60]","  at src.test1.\"Pruebas del Camión de Transporte\".\"excedidoDePeso indica false si está dentro del límite máximo\" [src/test1.wtest:59]"],"test":"src.test1.\"Pruebas del Camión de Transporte\".\"excedidoDePeso indica false si está dentro del límite máximo\""},{"error":["wollok.lang.MessageNotUnderstoodException: caja does not understand modificar()","  at src.camion.camion.cargar(unaCosa) [src/camion.wlk:60]","  at src.test1.\"Pruebas del Camión de Transporte\".\"objetosPeligrosos retorna los objetos que superan el nivel indicado\" [src/test1.wtest:64]"],"test":"src.test1.\"Pruebas del Camión de Transporte\".\"objetosPeligrosos retorna los objetos que superan el nivel indicado\""},{"error":["wollok.lang.MessageNotUnderstoodException: caja does not understand modificar()","  at src.camion.camion.cargar(unaCosa) [src/camion.wlk:60]","  at src.test1.\"Pruebas del Camión de Transporte\".\"objetosMasPeligrososQue retorna los objetos con mayor peligrosidad que una cosa dada\" [src/test1.wtest:72]"],"test":"src.test1.\"Pruebas del Camión de Transporte\".\"objetosMasPeligrososQue retorna los objetos con mayor peligrosidad que una cosa dada\""},{"error":["wollok.lang.MessageNotUnderstoodException: caja does not understand modificar()","  at src.camion.camion.cargar(unaCosa) [src/camion.wlk:60]","  at src.test1.\"Pruebas del Camión de Transporte\".\"puedeCircularEnRuta valida que ninguna carga supere el nivel máximo permitido\" [src/test1.wtest:80]"],"test":"src.test1.\"Pruebas del Camión de Transporte\".\"puedeCircularEnRuta valida que ninguna carga supere el nivel máximo permitido\""}],"timeElapsed":763,"timestamp":"2026-09-17T03:30:22.360Z"}
{"level":"info","message":"🧪 Test runner executed on /home/ramiro/Proyectos/camiones","result":{"errored":1,"failed":0,"ok":0},"testsFailed":[{"error":["wollok.lang.MessageNotUnderstoodException: caja does not understand modificar()","  at src.camion.camion.cargar(unaCosa) [src/camion.wlk:60]","  at src.test1.\"Pruebas del Camión de Transporte\".\"Cargar exitosamente una cosa dentro del límite de peso\" [src/test1.wtest:28]"],"test":"src.test1.\"Pruebas del Camión de Transporte\".\"Cargar exitosamente una cosa dentro del límite de peso\""}],"timeElapsed":533,"timestamp":"2026-09-17T03:31:01.532Z"}
